WARNING - 2026-02-19 04:27:18 --> [DEPRECATED] Creation of dynamic property App\Models\CartModel::$builderCheckouts is deprecated in APPPATH\Models\CartModel.php on line 15.
 1 APPPATH\Controllers\BaseController.php(147): App\Models\CartModel->__construct()
 2 APPPATH\Controllers\OrderController.php(18): App\Controllers\BaseController->initController(Object(CodeIgniter\HTTP\IncomingRequest), Object(CodeIgniter\HTTP\Response), Object(CodeIgniter\Log\Logger))
 3 SYSTEMPATH\CodeIgniter.php(904): App\Controllers\OrderController->initController(Object(CodeIgniter\HTTP\IncomingRequest), Object(CodeIgniter\HTTP\Response), Object(CodeIgniter\Log\Logger))
 4 SYSTEMPATH\CodeIgniter.php(498): CodeIgniter\CodeIgniter->createController()
 5 SYSTEMPATH\CodeIgniter.php(354): CodeIgniter\CodeIgniter->handleRequest(null, Object(Config\Cache), false)
 6 SYSTEMPATH\Boot.php(363): CodeIgniter\CodeIgniter->run()
 7 SYSTEMPATH\Boot.php(68): CodeIgniter\Boot::runCodeIgniter(Object(CodeIgniter\CodeIgniter))
 8 FCPATH\index.php(67): CodeIgniter\Boot::bootWeb(Object(Config\Paths))
WARNING - 2026-02-19 04:27:18 --> [DEPRECATED] Creation of dynamic property App\Models\CartModel::$builderCheckoutItems is deprecated in APPPATH\Models\CartModel.php on line 16.
 1 APPPATH\Controllers\BaseController.php(147): App\Models\CartModel->__construct()
 2 APPPATH\Controllers\OrderController.php(18): App\Controllers\BaseController->initController(Object(CodeIgniter\HTTP\IncomingRequest), Object(CodeIgniter\HTTP\Response), Object(CodeIgniter\Log\Logger))
 3 SYSTEMPATH\CodeIgniter.php(904): App\Controllers\OrderController->initController(Object(CodeIgniter\HTTP\IncomingRequest), Object(CodeIgniter\HTTP\Response), Object(CodeIgniter\Log\Logger))
 4 SYSTEMPATH\CodeIgniter.php(498): CodeIgniter\CodeIgniter->createController()
 5 SYSTEMPATH\CodeIgniter.php(354): CodeIgniter\CodeIgniter->handleRequest(null, Object(Config\Cache), false)
 6 SYSTEMPATH\Boot.php(363): CodeIgniter\CodeIgniter->run()
 7 SYSTEMPATH\Boot.php(68): CodeIgniter\Boot::runCodeIgniter(Object(CodeIgniter\CodeIgniter))
 8 FCPATH\index.php(67): CodeIgniter\Boot::bootWeb(Object(Config\Paths))
WARNING - 2026-02-19 04:27:18 --> [DEPRECATED] Creation of dynamic property App\Models\CartModel::$builderPaymentMethods is deprecated in APPPATH\Models\CartModel.php on line 17.
 1 APPPATH\Controllers\BaseController.php(147): App\Models\CartModel->__construct()
 2 APPPATH\Controllers\OrderController.php(18): App\Controllers\BaseController->initController(Object(CodeIgniter\HTTP\IncomingRequest), Object(CodeIgniter\HTTP\Response), Object(CodeIgniter\Log\Logger))
 3 SYSTEMPATH\CodeIgniter.php(904): App\Controllers\OrderController->initController(Object(CodeIgniter\HTTP\IncomingRequest), Object(CodeIgniter\HTTP\Response), Object(CodeIgniter\Log\Logger))
 4 SYSTEMPATH\CodeIgniter.php(498): CodeIgniter\CodeIgniter->createController()
 5 SYSTEMPATH\CodeIgniter.php(354): CodeIgniter\CodeIgniter->handleRequest(null, Object(Config\Cache), false)
 6 SYSTEMPATH\Boot.php(363): CodeIgniter\CodeIgniter->run()
 7 SYSTEMPATH\Boot.php(68): CodeIgniter\Boot::runCodeIgniter(Object(CodeIgniter\CodeIgniter))
 8 FCPATH\index.php(67): CodeIgniter\Boot::bootWeb(Object(Config\Paths))
WARNING - 2026-02-19 04:27:19 --> [DEPRECATED] Creation of dynamic property App\Models\CartModel::$builderCheckouts is deprecated in APPPATH\Models\CartModel.php on line 15.
 1 APPPATH\Controllers\BaseController.php(147): App\Models\CartModel->__construct()
 2 APPPATH\Controllers\AjaxController.php(20): App\Controllers\BaseController->initController(Object(CodeIgniter\HTTP\IncomingRequest), Object(CodeIgniter\HTTP\Response), Object(CodeIgniter\Log\Logger))
 3 SYSTEMPATH\CodeIgniter.php(904): App\Controllers\AjaxController->initController(Object(CodeIgniter\HTTP\IncomingRequest), Object(CodeIgniter\HTTP\Response), Object(CodeIgniter\Log\Logger))
 4 SYSTEMPATH\CodeIgniter.php(498): CodeIgniter\CodeIgniter->createController()
 5 SYSTEMPATH\CodeIgniter.php(354): CodeIgniter\CodeIgniter->handleRequest(null, Object(Config\Cache), false)
 6 SYSTEMPATH\Boot.php(363): CodeIgniter\CodeIgniter->run()
 7 SYSTEMPATH\Boot.php(68): CodeIgniter\Boot::runCodeIgniter(Object(CodeIgniter\CodeIgniter))
 8 FCPATH\index.php(67): CodeIgniter\Boot::bootWeb(Object(Config\Paths))
WARNING - 2026-02-19 04:27:19 --> [DEPRECATED] Creation of dynamic property App\Models\CartModel::$builderCheckoutItems is deprecated in APPPATH\Models\CartModel.php on line 16.
 1 APPPATH\Controllers\BaseController.php(147): App\Models\CartModel->__construct()
 2 APPPATH\Controllers\AjaxController.php(20): App\Controllers\BaseController->initController(Object(CodeIgniter\HTTP\IncomingRequest), Object(CodeIgniter\HTTP\Response), Object(CodeIgniter\Log\Logger))
 3 SYSTEMPATH\CodeIgniter.php(904): App\Controllers\AjaxController->initController(Object(CodeIgniter\HTTP\IncomingRequest), Object(CodeIgniter\HTTP\Response), Object(CodeIgniter\Log\Logger))
 4 SYSTEMPATH\CodeIgniter.php(498): CodeIgniter\CodeIgniter->createController()
 5 SYSTEMPATH\CodeIgniter.php(354): CodeIgniter\CodeIgniter->handleRequest(null, Object(Config\Cache), false)
 6 SYSTEMPATH\Boot.php(363): CodeIgniter\CodeIgniter->run()
 7 SYSTEMPATH\Boot.php(68): CodeIgniter\Boot::runCodeIgniter(Object(CodeIgniter\CodeIgniter))
 8 FCPATH\index.php(67): CodeIgniter\Boot::bootWeb(Object(Config\Paths))
WARNING - 2026-02-19 04:27:19 --> [DEPRECATED] Creation of dynamic property App\Models\CartModel::$builderPaymentMethods is deprecated in APPPATH\Models\CartModel.php on line 17.
 1 APPPATH\Controllers\BaseController.php(147): App\Models\CartModel->__construct()
 2 APPPATH\Controllers\AjaxController.php(20): App\Controllers\BaseController->initController(Object(CodeIgniter\HTTP\IncomingRequest), Object(CodeIgniter\HTTP\Response), Object(CodeIgniter\Log\Logger))
 3 SYSTEMPATH\CodeIgniter.php(904): App\Controllers\AjaxController->initController(Object(CodeIgniter\HTTP\IncomingRequest), Object(CodeIgniter\HTTP\Response), Object(CodeIgniter\Log\Logger))
 4 SYSTEMPATH\CodeIgniter.php(498): CodeIgniter\CodeIgniter->createController()
 5 SYSTEMPATH\CodeIgniter.php(354): CodeIgniter\CodeIgniter->handleRequest(null, Object(Config\Cache), false)
 6 SYSTEMPATH\Boot.php(363): CodeIgniter\CodeIgniter->run()
 7 SYSTEMPATH\Boot.php(68): CodeIgniter\Boot::runCodeIgniter(Object(CodeIgniter\CodeIgniter))
 8 FCPATH\index.php(67): CodeIgniter\Boot::bootWeb(Object(Config\Paths))
WARNING - 2026-02-19 04:57:44 --> [DEPRECATED] Creation of dynamic property App\Models\CartModel::$builderCheckouts is deprecated in APPPATH\Models\CartModel.php on line 15.
 1 APPPATH\Controllers\BaseController.php(147): App\Models\CartModel->__construct()
 2 APPPATH\Controllers\AjaxController.php(20): App\Controllers\BaseController->initController(Object(CodeIgniter\HTTP\IncomingRequest), Object(CodeIgniter\HTTP\Response), Object(CodeIgniter\Log\Logger))
 3 SYSTEMPATH\CodeIgniter.php(904): App\Controllers\AjaxController->initController(Object(CodeIgniter\HTTP\IncomingRequest), Object(CodeIgniter\HTTP\Response), Object(CodeIgniter\Log\Logger))
 4 SYSTEMPATH\CodeIgniter.php(498): CodeIgniter\CodeIgniter->createController()
 5 SYSTEMPATH\CodeIgniter.php(354): CodeIgniter\CodeIgniter->handleRequest(null, Object(Config\Cache), false)
 6 SYSTEMPATH\Boot.php(363): CodeIgniter\CodeIgniter->run()
 7 SYSTEMPATH\Boot.php(68): CodeIgniter\Boot::runCodeIgniter(Object(CodeIgniter\CodeIgniter))
 8 FCPATH\index.php(67): CodeIgniter\Boot::bootWeb(Object(Config\Paths))
WARNING - 2026-02-19 04:57:44 --> [DEPRECATED] Creation of dynamic property App\Models\CartModel::$builderCheckoutItems is deprecated in APPPATH\Models\CartModel.php on line 16.
 1 APPPATH\Controllers\BaseController.php(147): App\Models\CartModel->__construct()
 2 APPPATH\Controllers\AjaxController.php(20): App\Controllers\BaseController->initController(Object(CodeIgniter\HTTP\IncomingRequest), Object(CodeIgniter\HTTP\Response), Object(CodeIgniter\Log\Logger))
 3 SYSTEMPATH\CodeIgniter.php(904): App\Controllers\AjaxController->initController(Object(CodeIgniter\HTTP\IncomingRequest), Object(CodeIgniter\HTTP\Response), Object(CodeIgniter\Log\Logger))
 4 SYSTEMPATH\CodeIgniter.php(498): CodeIgniter\CodeIgniter->createController()
 5 SYSTEMPATH\CodeIgniter.php(354): CodeIgniter\CodeIgniter->handleRequest(null, Object(Config\Cache), false)
 6 SYSTEMPATH\Boot.php(363): CodeIgniter\CodeIgniter->run()
 7 SYSTEMPATH\Boot.php(68): CodeIgniter\Boot::runCodeIgniter(Object(CodeIgniter\CodeIgniter))
 8 FCPATH\index.php(67): CodeIgniter\Boot::bootWeb(Object(Config\Paths))
WARNING - 2026-02-19 04:57:44 --> [DEPRECATED] Creation of dynamic property App\Models\CartModel::$builderPaymentMethods is deprecated in APPPATH\Models\CartModel.php on line 17.
 1 APPPATH\Controllers\BaseController.php(147): App\Models\CartModel->__construct()
 2 APPPATH\Controllers\AjaxController.php(20): App\Controllers\BaseController->initController(Object(CodeIgniter\HTTP\IncomingRequest), Object(CodeIgniter\HTTP\Response), Object(CodeIgniter\Log\Logger))
 3 SYSTEMPATH\CodeIgniter.php(904): App\Controllers\AjaxController->initController(Object(CodeIgniter\HTTP\IncomingRequest), Object(CodeIgniter\HTTP\Response), Object(CodeIgniter\Log\Logger))
 4 SYSTEMPATH\CodeIgniter.php(498): CodeIgniter\CodeIgniter->createController()
 5 SYSTEMPATH\CodeIgniter.php(354): CodeIgniter\CodeIgniter->handleRequest(null, Object(Config\Cache), false)
 6 SYSTEMPATH\Boot.php(363): CodeIgniter\CodeIgniter->run()
 7 SYSTEMPATH\Boot.php(68): CodeIgniter\Boot::runCodeIgniter(Object(CodeIgniter\CodeIgniter))
 8 FCPATH\index.php(67): CodeIgniter\Boot::bootWeb(Object(Config\Paths))
WARNING - 2026-02-19 04:57:48 --> [DEPRECATED] Creation of dynamic property App\Models\CartModel::$builderCheckouts is deprecated in APPPATH\Models\CartModel.php on line 15.
 1 APPPATH\Controllers\BaseController.php(147): App\Models\CartModel->__construct()
 2 APPPATH\Controllers\AjaxController.php(20): App\Controllers\BaseController->initController(Object(CodeIgniter\HTTP\IncomingRequest), Object(CodeIgniter\HTTP\Response), Object(CodeIgniter\Log\Logger))
 3 SYSTEMPATH\CodeIgniter.php(904): App\Controllers\AjaxController->initController(Object(CodeIgniter\HTTP\IncomingRequest), Object(CodeIgniter\HTTP\Response), Object(CodeIgniter\Log\Logger))
 4 SYSTEMPATH\CodeIgniter.php(498): CodeIgniter\CodeIgniter->createController()
 5 SYSTEMPATH\CodeIgniter.php(354): CodeIgniter\CodeIgniter->handleRequest(null, Object(Config\Cache), false)
 6 SYSTEMPATH\Boot.php(363): CodeIgniter\CodeIgniter->run()
 7 SYSTEMPATH\Boot.php(68): CodeIgniter\Boot::runCodeIgniter(Object(CodeIgniter\CodeIgniter))
 8 FCPATH\index.php(67): CodeIgniter\Boot::bootWeb(Object(Config\Paths))
WARNING - 2026-02-19 04:57:48 --> [DEPRECATED] Creation of dynamic property App\Models\CartModel::$builderCheckoutItems is deprecated in APPPATH\Models\CartModel.php on line 16.
 1 APPPATH\Controllers\BaseController.php(147): App\Models\CartModel->__construct()
 2 APPPATH\Controllers\AjaxController.php(20): App\Controllers\BaseController->initController(Object(CodeIgniter\HTTP\IncomingRequest), Object(CodeIgniter\HTTP\Response), Object(CodeIgniter\Log\Logger))
 3 SYSTEMPATH\CodeIgniter.php(904): App\Controllers\AjaxController->initController(Object(CodeIgniter\HTTP\IncomingRequest), Object(CodeIgniter\HTTP\Response), Object(CodeIgniter\Log\Logger))
 4 SYSTEMPATH\CodeIgniter.php(498): CodeIgniter\CodeIgniter->createController()
 5 SYSTEMPATH\CodeIgniter.php(354): CodeIgniter\CodeIgniter->handleRequest(null, Object(Config\Cache), false)
 6 SYSTEMPATH\Boot.php(363): CodeIgniter\CodeIgniter->run()
 7 SYSTEMPATH\Boot.php(68): CodeIgniter\Boot::runCodeIgniter(Object(CodeIgniter\CodeIgniter))
 8 FCPATH\index.php(67): CodeIgniter\Boot::bootWeb(Object(Config\Paths))
WARNING - 2026-02-19 04:57:48 --> [DEPRECATED] Creation of dynamic property App\Models\CartModel::$builderPaymentMethods is deprecated in APPPATH\Models\CartModel.php on line 17.
 1 APPPATH\Controllers\BaseController.php(147): App\Models\CartModel->__construct()
 2 APPPATH\Controllers\AjaxController.php(20): App\Controllers\BaseController->initController(Object(CodeIgniter\HTTP\IncomingRequest), Object(CodeIgniter\HTTP\Response), Object(CodeIgniter\Log\Logger))
 3 SYSTEMPATH\CodeIgniter.php(904): App\Controllers\AjaxController->initController(Object(CodeIgniter\HTTP\IncomingRequest), Object(CodeIgniter\HTTP\Response), Object(CodeIgniter\Log\Logger))
 4 SYSTEMPATH\CodeIgniter.php(498): CodeIgniter\CodeIgniter->createController()
 5 SYSTEMPATH\CodeIgniter.php(354): CodeIgniter\CodeIgniter->handleRequest(null, Object(Config\Cache), false)
 6 SYSTEMPATH\Boot.php(363): CodeIgniter\CodeIgniter->run()
 7 SYSTEMPATH\Boot.php(68): CodeIgniter\Boot::runCodeIgniter(Object(CodeIgniter\CodeIgniter))
 8 FCPATH\index.php(67): CodeIgniter\Boot::bootWeb(Object(Config\Paths))
WARNING - 2026-02-19 04:58:06 --> [DEPRECATED] Creation of dynamic property App\Models\CartModel::$builderCheckouts is deprecated in APPPATH\Models\CartModel.php on line 15.
 1 APPPATH\Controllers\BaseController.php(147): App\Models\CartModel->__construct()
 2 APPPATH\Controllers\HomeController.php(35): App\Controllers\BaseController->initController(Object(CodeIgniter\HTTP\IncomingRequest), Object(CodeIgniter\HTTP\Response), Object(CodeIgniter\Log\Logger))
 3 SYSTEMPATH\CodeIgniter.php(904): App\Controllers\HomeController->initController(Object(CodeIgniter\HTTP\IncomingRequest), Object(CodeIgniter\HTTP\Response), Object(CodeIgniter\Log\Logger))
 4 SYSTEMPATH\CodeIgniter.php(498): CodeIgniter\CodeIgniter->createController()
 5 SYSTEMPATH\CodeIgniter.php(354): CodeIgniter\CodeIgniter->handleRequest(null, Object(Config\Cache), false)
 6 SYSTEMPATH\Boot.php(363): CodeIgniter\CodeIgniter->run()
 7 SYSTEMPATH\Boot.php(68): CodeIgniter\Boot::runCodeIgniter(Object(CodeIgniter\CodeIgniter))
 8 FCPATH\index.php(67): CodeIgniter\Boot::bootWeb(Object(Config\Paths))
WARNING - 2026-02-19 04:58:06 --> [DEPRECATED] Creation of dynamic property App\Models\CartModel::$builderCheckoutItems is deprecated in APPPATH\Models\CartModel.php on line 16.
 1 APPPATH\Controllers\BaseController.php(147): App\Models\CartModel->__construct()
 2 APPPATH\Controllers\HomeController.php(35): App\Controllers\BaseController->initController(Object(CodeIgniter\HTTP\IncomingRequest), Object(CodeIgniter\HTTP\Response), Object(CodeIgniter\Log\Logger))
 3 SYSTEMPATH\CodeIgniter.php(904): App\Controllers\HomeController->initController(Object(CodeIgniter\HTTP\IncomingRequest), Object(CodeIgniter\HTTP\Response), Object(CodeIgniter\Log\Logger))
 4 SYSTEMPATH\CodeIgniter.php(498): CodeIgniter\CodeIgniter->createController()
 5 SYSTEMPATH\CodeIgniter.php(354): CodeIgniter\CodeIgniter->handleRequest(null, Object(Config\Cache), false)
 6 SYSTEMPATH\Boot.php(363): CodeIgniter\CodeIgniter->run()
 7 SYSTEMPATH\Boot.php(68): CodeIgniter\Boot::runCodeIgniter(Object(CodeIgniter\CodeIgniter))
 8 FCPATH\index.php(67): CodeIgniter\Boot::bootWeb(Object(Config\Paths))
WARNING - 2026-02-19 04:58:06 --> [DEPRECATED] Creation of dynamic property App\Models\CartModel::$builderPaymentMethods is deprecated in APPPATH\Models\CartModel.php on line 17.
 1 APPPATH\Controllers\BaseController.php(147): App\Models\CartModel->__construct()
 2 APPPATH\Controllers\HomeController.php(35): App\Controllers\BaseController->initController(Object(CodeIgniter\HTTP\IncomingRequest), Object(CodeIgniter\HTTP\Response), Object(CodeIgniter\Log\Logger))
 3 SYSTEMPATH\CodeIgniter.php(904): App\Controllers\HomeController->initController(Object(CodeIgniter\HTTP\IncomingRequest), Object(CodeIgniter\HTTP\Response), Object(CodeIgniter\Log\Logger))
 4 SYSTEMPATH\CodeIgniter.php(498): CodeIgniter\CodeIgniter->createController()
 5 SYSTEMPATH\CodeIgniter.php(354): CodeIgniter\CodeIgniter->handleRequest(null, Object(Config\Cache), false)
 6 SYSTEMPATH\Boot.php(363): CodeIgniter\CodeIgniter->run()
 7 SYSTEMPATH\Boot.php(68): CodeIgniter\Boot::runCodeIgniter(Object(CodeIgniter\CodeIgniter))
 8 FCPATH\index.php(67): CodeIgniter\Boot::bootWeb(Object(Config\Paths))
WARNING - 2026-02-19 04:58:06 --> [DEPRECATED] Creation of dynamic property App\Models\CartModel::$builderCheckouts is deprecated in APPPATH\Models\CartModel.php on line 15.
 1 APPPATH\Controllers\BaseController.php(147): App\Models\CartModel->__construct()
 2 APPPATH\Controllers\HomeController.php(35): App\Controllers\BaseController->initController(Object(CodeIgniter\HTTP\IncomingRequest), Object(CodeIgniter\HTTP\Response), Object(CodeIgniter\Log\Logger))
 3 SYSTEMPATH\CodeIgniter.php(904): App\Controllers\HomeController->initController(Object(CodeIgniter\HTTP\IncomingRequest), Object(CodeIgniter\HTTP\Response), Object(CodeIgniter\Log\Logger))
 4 SYSTEMPATH\CodeIgniter.php(498): CodeIgniter\CodeIgniter->createController()
 5 SYSTEMPATH\CodeIgniter.php(354): CodeIgniter\CodeIgniter->handleRequest(null, Object(Config\Cache), false)
 6 SYSTEMPATH\Boot.php(363): CodeIgniter\CodeIgniter->run()
 7 SYSTEMPATH\Boot.php(68): CodeIgniter\Boot::runCodeIgniter(Object(CodeIgniter\CodeIgniter))
 8 FCPATH\index.php(67): CodeIgniter\Boot::bootWeb(Object(Config\Paths))
WARNING - 2026-02-19 04:58:06 --> [DEPRECATED] Creation of dynamic property App\Models\CartModel::$builderCheckoutItems is deprecated in APPPATH\Models\CartModel.php on line 16.
 1 APPPATH\Controllers\BaseController.php(147): App\Models\CartModel->__construct()
 2 APPPATH\Controllers\HomeController.php(35): App\Controllers\BaseController->initController(Object(CodeIgniter\HTTP\IncomingRequest), Object(CodeIgniter\HTTP\Response), Object(CodeIgniter\Log\Logger))
 3 SYSTEMPATH\CodeIgniter.php(904): App\Controllers\HomeController->initController(Object(CodeIgniter\HTTP\IncomingRequest), Object(CodeIgniter\HTTP\Response), Object(CodeIgniter\Log\Logger))
 4 SYSTEMPATH\CodeIgniter.php(498): CodeIgniter\CodeIgniter->createController()
 5 SYSTEMPATH\CodeIgniter.php(354): CodeIgniter\CodeIgniter->handleRequest(null, Object(Config\Cache), false)
 6 SYSTEMPATH\Boot.php(363): CodeIgniter\CodeIgniter->run()
 7 SYSTEMPATH\Boot.php(68): CodeIgniter\Boot::runCodeIgniter(Object(CodeIgniter\CodeIgniter))
 8 FCPATH\index.php(67): CodeIgniter\Boot::bootWeb(Object(Config\Paths))
WARNING - 2026-02-19 04:58:06 --> [DEPRECATED] Creation of dynamic property App\Models\CartModel::$builderPaymentMethods is deprecated in APPPATH\Models\CartModel.php on line 17.
 1 APPPATH\Controllers\BaseController.php(147): App\Models\CartModel->__construct()
 2 APPPATH\Controllers\HomeController.php(35): App\Controllers\BaseController->initController(Object(CodeIgniter\HTTP\IncomingRequest), Object(CodeIgniter\HTTP\Response), Object(CodeIgniter\Log\Logger))
 3 SYSTEMPATH\CodeIgniter.php(904): App\Controllers\HomeController->initController(Object(CodeIgniter\HTTP\IncomingRequest), Object(CodeIgniter\HTTP\Response), Object(CodeIgniter\Log\Logger))
 4 SYSTEMPATH\CodeIgniter.php(498): CodeIgniter\CodeIgniter->createController()
 5 SYSTEMPATH\CodeIgniter.php(354): CodeIgniter\CodeIgniter->handleRequest(null, Object(Config\Cache), false)
 6 SYSTEMPATH\Boot.php(363): CodeIgniter\CodeIgniter->run()
 7 SYSTEMPATH\Boot.php(68): CodeIgniter\Boot::runCodeIgniter(Object(CodeIgniter\CodeIgniter))
 8 FCPATH\index.php(67): CodeIgniter\Boot::bootWeb(Object(Config\Paths))
WARNING - 2026-02-19 04:58:06 --> [DEPRECATED] Creation of dynamic property App\Models\CartModel::$builderCheckouts is deprecated in APPPATH\Models\CartModel.php on line 15.
 1 APPPATH\Controllers\BaseController.php(147): App\Models\CartModel->__construct()
 2 APPPATH\Controllers\AjaxController.php(20): App\Controllers\BaseController->initController(Object(CodeIgniter\HTTP\IncomingRequest), Object(CodeIgniter\HTTP\Response), Object(CodeIgniter\Log\Logger))
 3 SYSTEMPATH\CodeIgniter.php(904): App\Controllers\AjaxController->initController(Object(CodeIgniter\HTTP\IncomingRequest), Object(CodeIgniter\HTTP\Response), Object(CodeIgniter\Log\Logger))
 4 SYSTEMPATH\CodeIgniter.php(498): CodeIgniter\CodeIgniter->createController()
 5 SYSTEMPATH\CodeIgniter.php(354): CodeIgniter\CodeIgniter->handleRequest(null, Object(Config\Cache), false)
 6 SYSTEMPATH\Boot.php(363): CodeIgniter\CodeIgniter->run()
 7 SYSTEMPATH\Boot.php(68): CodeIgniter\Boot::runCodeIgniter(Object(CodeIgniter\CodeIgniter))
 8 FCPATH\index.php(67): CodeIgniter\Boot::bootWeb(Object(Config\Paths))
WARNING - 2026-02-19 04:58:06 --> [DEPRECATED] Creation of dynamic property App\Models\CartModel::$builderCheckoutItems is deprecated in APPPATH\Models\CartModel.php on line 16.
 1 APPPATH\Controllers\BaseController.php(147): App\Models\CartModel->__construct()
 2 APPPATH\Controllers\AjaxController.php(20): App\Controllers\BaseController->initController(Object(CodeIgniter\HTTP\IncomingRequest), Object(CodeIgniter\HTTP\Response), Object(CodeIgniter\Log\Logger))
 3 SYSTEMPATH\CodeIgniter.php(904): App\Controllers\AjaxController->initController(Object(CodeIgniter\HTTP\IncomingRequest), Object(CodeIgniter\HTTP\Response), Object(CodeIgniter\Log\Logger))
 4 SYSTEMPATH\CodeIgniter.php(498): CodeIgniter\CodeIgniter->createController()
 5 SYSTEMPATH\CodeIgniter.php(354): CodeIgniter\CodeIgniter->handleRequest(null, Object(Config\Cache), false)
 6 SYSTEMPATH\Boot.php(363): CodeIgniter\CodeIgniter->run()
 7 SYSTEMPATH\Boot.php(68): CodeIgniter\Boot::runCodeIgniter(Object(CodeIgniter\CodeIgniter))
 8 FCPATH\index.php(67): CodeIgniter\Boot::bootWeb(Object(Config\Paths))
WARNING - 2026-02-19 04:58:06 --> [DEPRECATED] Creation of dynamic property App\Models\CartModel::$builderPaymentMethods is deprecated in APPPATH\Models\CartModel.php on line 17.
 1 APPPATH\Controllers\BaseController.php(147): App\Models\CartModel->__construct()
 2 APPPATH\Controllers\AjaxController.php(20): App\Controllers\BaseController->initController(Object(CodeIgniter\HTTP\IncomingRequest), Object(CodeIgniter\HTTP\Response), Object(CodeIgniter\Log\Logger))
 3 SYSTEMPATH\CodeIgniter.php(904): App\Controllers\AjaxController->initController(Object(CodeIgniter\HTTP\IncomingRequest), Object(CodeIgniter\HTTP\Response), Object(CodeIgniter\Log\Logger))
 4 SYSTEMPATH\CodeIgniter.php(498): CodeIgniter\CodeIgniter->createController()
 5 SYSTEMPATH\CodeIgniter.php(354): CodeIgniter\CodeIgniter->handleRequest(null, Object(Config\Cache), false)
 6 SYSTEMPATH\Boot.php(363): CodeIgniter\CodeIgniter->run()
 7 SYSTEMPATH\Boot.php(68): CodeIgniter\Boot::runCodeIgniter(Object(CodeIgniter\CodeIgniter))
 8 FCPATH\index.php(67): CodeIgniter\Boot::bootWeb(Object(Config\Paths))
WARNING - 2026-02-19 04:58:11 --> [DEPRECATED] Creation of dynamic property App\Models\CartModel::$builderCheckouts is deprecated in APPPATH\Models\CartModel.php on line 15.
 1 APPPATH\Controllers\BaseController.php(147): App\Models\CartModel->__construct()
 2 APPPATH\Controllers\HomeController.php(35): App\Controllers\BaseController->initController(Object(CodeIgniter\HTTP\IncomingRequest), Object(CodeIgniter\HTTP\Response), Object(CodeIgniter\Log\Logger))
 3 SYSTEMPATH\CodeIgniter.php(904): App\Controllers\HomeController->initController(Object(CodeIgniter\HTTP\IncomingRequest), Object(CodeIgniter\HTTP\Response), Object(CodeIgniter\Log\Logger))
 4 SYSTEMPATH\CodeIgniter.php(498): CodeIgniter\CodeIgniter->createController()
 5 SYSTEMPATH\CodeIgniter.php(354): CodeIgniter\CodeIgniter->handleRequest(null, Object(Config\Cache), false)
 6 SYSTEMPATH\Boot.php(363): CodeIgniter\CodeIgniter->run()
 7 SYSTEMPATH\Boot.php(68): CodeIgniter\Boot::runCodeIgniter(Object(CodeIgniter\CodeIgniter))
 8 FCPATH\index.php(67): CodeIgniter\Boot::bootWeb(Object(Config\Paths))
WARNING - 2026-02-19 04:58:11 --> [DEPRECATED] Creation of dynamic property App\Models\CartModel::$builderCheckoutItems is deprecated in APPPATH\Models\CartModel.php on line 16.
 1 APPPATH\Controllers\BaseController.php(147): App\Models\CartModel->__construct()
 2 APPPATH\Controllers\HomeController.php(35): App\Controllers\BaseController->initController(Object(CodeIgniter\HTTP\IncomingRequest), Object(CodeIgniter\HTTP\Response), Object(CodeIgniter\Log\Logger))
 3 SYSTEMPATH\CodeIgniter.php(904): App\Controllers\HomeController->initController(Object(CodeIgniter\HTTP\IncomingRequest), Object(CodeIgniter\HTTP\Response), Object(CodeIgniter\Log\Logger))
 4 SYSTEMPATH\CodeIgniter.php(498): CodeIgniter\CodeIgniter->createController()
 5 SYSTEMPATH\CodeIgniter.php(354): CodeIgniter\CodeIgniter->handleRequest(null, Object(Config\Cache), false)
 6 SYSTEMPATH\Boot.php(363): CodeIgniter\CodeIgniter->run()
 7 SYSTEMPATH\Boot.php(68): CodeIgniter\Boot::runCodeIgniter(Object(CodeIgniter\CodeIgniter))
 8 FCPATH\index.php(67): CodeIgniter\Boot::bootWeb(Object(Config\Paths))
WARNING - 2026-02-19 04:58:11 --> [DEPRECATED] Creation of dynamic property App\Models\CartModel::$builderPaymentMethods is deprecated in APPPATH\Models\CartModel.php on line 17.
 1 APPPATH\Controllers\BaseController.php(147): App\Models\CartModel->__construct()
 2 APPPATH\Controllers\HomeController.php(35): App\Controllers\BaseController->initController(Object(CodeIgniter\HTTP\IncomingRequest), Object(CodeIgniter\HTTP\Response), Object(CodeIgniter\Log\Logger))
 3 SYSTEMPATH\CodeIgniter.php(904): App\Controllers\HomeController->initController(Object(CodeIgniter\HTTP\IncomingRequest), Object(CodeIgniter\HTTP\Response), Object(CodeIgniter\Log\Logger))
 4 SYSTEMPATH\CodeIgniter.php(498): CodeIgniter\CodeIgniter->createController()
 5 SYSTEMPATH\CodeIgniter.php(354): CodeIgniter\CodeIgniter->handleRequest(null, Object(Config\Cache), false)
 6 SYSTEMPATH\Boot.php(363): CodeIgniter\CodeIgniter->run()
 7 SYSTEMPATH\Boot.php(68): CodeIgniter\Boot::runCodeIgniter(Object(CodeIgniter\CodeIgniter))
 8 FCPATH\index.php(67): CodeIgniter\Boot::bootWeb(Object(Config\Paths))
WARNING - 2026-02-19 04:58:28 --> [DEPRECATED] Creation of dynamic property App\Models\CartModel::$builderCheckouts is deprecated in APPPATH\Models\CartModel.php on line 15.
 1 APPPATH\Controllers\BaseController.php(147): App\Models\CartModel->__construct()
 2 APPPATH\Controllers\HomeController.php(35): App\Controllers\BaseController->initController(Object(CodeIgniter\HTTP\IncomingRequest), Object(CodeIgniter\HTTP\Response), Object(CodeIgniter\Log\Logger))
 3 SYSTEMPATH\CodeIgniter.php(904): App\Controllers\HomeController->initController(Object(CodeIgniter\HTTP\IncomingRequest), Object(CodeIgniter\HTTP\Response), Object(CodeIgniter\Log\Logger))
 4 SYSTEMPATH\CodeIgniter.php(498): CodeIgniter\CodeIgniter->createController()
 5 SYSTEMPATH\CodeIgniter.php(354): CodeIgniter\CodeIgniter->handleRequest(null, Object(Config\Cache), false)
 6 SYSTEMPATH\Boot.php(363): CodeIgniter\CodeIgniter->run()
 7 SYSTEMPATH\Boot.php(68): CodeIgniter\Boot::runCodeIgniter(Object(CodeIgniter\CodeIgniter))
 8 FCPATH\index.php(67): CodeIgniter\Boot::bootWeb(Object(Config\Paths))
WARNING - 2026-02-19 04:58:28 --> [DEPRECATED] Creation of dynamic property App\Models\CartModel::$builderCheckoutItems is deprecated in APPPATH\Models\CartModel.php on line 16.
 1 APPPATH\Controllers\BaseController.php(147): App\Models\CartModel->__construct()
 2 APPPATH\Controllers\HomeController.php(35): App\Controllers\BaseController->initController(Object(CodeIgniter\HTTP\IncomingRequest), Object(CodeIgniter\HTTP\Response), Object(CodeIgniter\Log\Logger))
 3 SYSTEMPATH\CodeIgniter.php(904): App\Controllers\HomeController->initController(Object(CodeIgniter\HTTP\IncomingRequest), Object(CodeIgniter\HTTP\Response), Object(CodeIgniter\Log\Logger))
 4 SYSTEMPATH\CodeIgniter.php(498): CodeIgniter\CodeIgniter->createController()
 5 SYSTEMPATH\CodeIgniter.php(354): CodeIgniter\CodeIgniter->handleRequest(null, Object(Config\Cache), false)
 6 SYSTEMPATH\Boot.php(363): CodeIgniter\CodeIgniter->run()
 7 SYSTEMPATH\Boot.php(68): CodeIgniter\Boot::runCodeIgniter(Object(CodeIgniter\CodeIgniter))
 8 FCPATH\index.php(67): CodeIgniter\Boot::bootWeb(Object(Config\Paths))
WARNING - 2026-02-19 04:58:28 --> [DEPRECATED] Creation of dynamic property App\Models\CartModel::$builderPaymentMethods is deprecated in APPPATH\Models\CartModel.php on line 17.
 1 APPPATH\Controllers\BaseController.php(147): App\Models\CartModel->__construct()
 2 APPPATH\Controllers\HomeController.php(35): App\Controllers\BaseController->initController(Object(CodeIgniter\HTTP\IncomingRequest), Object(CodeIgniter\HTTP\Response), Object(CodeIgniter\Log\Logger))
 3 SYSTEMPATH\CodeIgniter.php(904): App\Controllers\HomeController->initController(Object(CodeIgniter\HTTP\IncomingRequest), Object(CodeIgniter\HTTP\Response), Object(CodeIgniter\Log\Logger))
 4 SYSTEMPATH\CodeIgniter.php(498): CodeIgniter\CodeIgniter->createController()
 5 SYSTEMPATH\CodeIgniter.php(354): CodeIgniter\CodeIgniter->handleRequest(null, Object(Config\Cache), false)
 6 SYSTEMPATH\Boot.php(363): CodeIgniter\CodeIgniter->run()
 7 SYSTEMPATH\Boot.php(68): CodeIgniter\Boot::runCodeIgniter(Object(CodeIgniter\CodeIgniter))
 8 FCPATH\index.php(67): CodeIgniter\Boot::bootWeb(Object(Config\Paths))
WARNING - 2026-02-19 04:58:34 --> [DEPRECATED] Creation of dynamic property App\Models\CartModel::$builderCheckouts is deprecated in APPPATH\Models\CartModel.php on line 15.
 1 APPPATH\Controllers\BaseController.php(147): App\Models\CartModel->__construct()
 2 APPPATH\Controllers\HomeController.php(35): App\Controllers\BaseController->initController(Object(CodeIgniter\HTTP\IncomingRequest), Object(CodeIgniter\HTTP\Response), Object(CodeIgniter\Log\Logger))
 3 SYSTEMPATH\CodeIgniter.php(904): App\Controllers\HomeController->initController(Object(CodeIgniter\HTTP\IncomingRequest), Object(CodeIgniter\HTTP\Response), Object(CodeIgniter\Log\Logger))
 4 SYSTEMPATH\CodeIgniter.php(498): CodeIgniter\CodeIgniter->createController()
 5 SYSTEMPATH\CodeIgniter.php(354): CodeIgniter\CodeIgniter->handleRequest(null, Object(Config\Cache), false)
 6 SYSTEMPATH\Boot.php(363): CodeIgniter\CodeIgniter->run()
 7 SYSTEMPATH\Boot.php(68): CodeIgniter\Boot::runCodeIgniter(Object(CodeIgniter\CodeIgniter))
 8 FCPATH\index.php(67): CodeIgniter\Boot::bootWeb(Object(Config\Paths))
WARNING - 2026-02-19 04:58:34 --> [DEPRECATED] Creation of dynamic property App\Models\CartModel::$builderCheckoutItems is deprecated in APPPATH\Models\CartModel.php on line 16.
 1 APPPATH\Controllers\BaseController.php(147): App\Models\CartModel->__construct()
 2 APPPATH\Controllers\HomeController.php(35): App\Controllers\BaseController->initController(Object(CodeIgniter\HTTP\IncomingRequest), Object(CodeIgniter\HTTP\Response), Object(CodeIgniter\Log\Logger))
 3 SYSTEMPATH\CodeIgniter.php(904): App\Controllers\HomeController->initController(Object(CodeIgniter\HTTP\IncomingRequest), Object(CodeIgniter\HTTP\Response), Object(CodeIgniter\Log\Logger))
 4 SYSTEMPATH\CodeIgniter.php(498): CodeIgniter\CodeIgniter->createController()
 5 SYSTEMPATH\CodeIgniter.php(354): CodeIgniter\CodeIgniter->handleRequest(null, Object(Config\Cache), false)
 6 SYSTEMPATH\Boot.php(363): CodeIgniter\CodeIgniter->run()
 7 SYSTEMPATH\Boot.php(68): CodeIgniter\Boot::runCodeIgniter(Object(CodeIgniter\CodeIgniter))
 8 FCPATH\index.php(67): CodeIgniter\Boot::bootWeb(Object(Config\Paths))
WARNING - 2026-02-19 04:58:34 --> [DEPRECATED] Creation of dynamic property App\Models\CartModel::$builderPaymentMethods is deprecated in APPPATH\Models\CartModel.php on line 17.
 1 APPPATH\Controllers\BaseController.php(147): App\Models\CartModel->__construct()
 2 APPPATH\Controllers\HomeController.php(35): App\Controllers\BaseController->initController(Object(CodeIgniter\HTTP\IncomingRequest), Object(CodeIgniter\HTTP\Response), Object(CodeIgniter\Log\Logger))
 3 SYSTEMPATH\CodeIgniter.php(904): App\Controllers\HomeController->initController(Object(CodeIgniter\HTTP\IncomingRequest), Object(CodeIgniter\HTTP\Response), Object(CodeIgniter\Log\Logger))
 4 SYSTEMPATH\CodeIgniter.php(498): CodeIgniter\CodeIgniter->createController()
 5 SYSTEMPATH\CodeIgniter.php(354): CodeIgniter\CodeIgniter->handleRequest(null, Object(Config\Cache), false)
 6 SYSTEMPATH\Boot.php(363): CodeIgniter\CodeIgniter->run()
 7 SYSTEMPATH\Boot.php(68): CodeIgniter\Boot::runCodeIgniter(Object(CodeIgniter\CodeIgniter))
 8 FCPATH\index.php(67): CodeIgniter\Boot::bootWeb(Object(Config\Paths))
WARNING - 2026-02-19 04:58:37 --> [DEPRECATED] Creation of dynamic property App\Models\CartModel::$builderCheckouts is deprecated in APPPATH\Models\CartModel.php on line 15.
 1 APPPATH\Controllers\BaseController.php(147): App\Models\CartModel->__construct()
 2 APPPATH\Controllers\HomeController.php(35): App\Controllers\BaseController->initController(Object(CodeIgniter\HTTP\IncomingRequest), Object(CodeIgniter\HTTP\Response), Object(CodeIgniter\Log\Logger))
 3 SYSTEMPATH\CodeIgniter.php(904): App\Controllers\HomeController->initController(Object(CodeIgniter\HTTP\IncomingRequest), Object(CodeIgniter\HTTP\Response), Object(CodeIgniter\Log\Logger))
 4 SYSTEMPATH\CodeIgniter.php(498): CodeIgniter\CodeIgniter->createController()
 5 SYSTEMPATH\CodeIgniter.php(354): CodeIgniter\CodeIgniter->handleRequest(null, Object(Config\Cache), false)
 6 SYSTEMPATH\Boot.php(363): CodeIgniter\CodeIgniter->run()
 7 SYSTEMPATH\Boot.php(68): CodeIgniter\Boot::runCodeIgniter(Object(CodeIgniter\CodeIgniter))
 8 FCPATH\index.php(67): CodeIgniter\Boot::bootWeb(Object(Config\Paths))
WARNING - 2026-02-19 04:58:37 --> [DEPRECATED] Creation of dynamic property App\Models\CartModel::$builderCheckoutItems is deprecated in APPPATH\Models\CartModel.php on line 16.
 1 APPPATH\Controllers\BaseController.php(147): App\Models\CartModel->__construct()
 2 APPPATH\Controllers\HomeController.php(35): App\Controllers\BaseController->initController(Object(CodeIgniter\HTTP\IncomingRequest), Object(CodeIgniter\HTTP\Response), Object(CodeIgniter\Log\Logger))
 3 SYSTEMPATH\CodeIgniter.php(904): App\Controllers\HomeController->initController(Object(CodeIgniter\HTTP\IncomingRequest), Object(CodeIgniter\HTTP\Response), Object(CodeIgniter\Log\Logger))
 4 SYSTEMPATH\CodeIgniter.php(498): CodeIgniter\CodeIgniter->createController()
 5 SYSTEMPATH\CodeIgniter.php(354): CodeIgniter\CodeIgniter->handleRequest(null, Object(Config\Cache), false)
 6 SYSTEMPATH\Boot.php(363): CodeIgniter\CodeIgniter->run()
 7 SYSTEMPATH\Boot.php(68): CodeIgniter\Boot::runCodeIgniter(Object(CodeIgniter\CodeIgniter))
 8 FCPATH\index.php(67): CodeIgniter\Boot::bootWeb(Object(Config\Paths))
WARNING - 2026-02-19 04:58:37 --> [DEPRECATED] Creation of dynamic property App\Models\CartModel::$builderPaymentMethods is deprecated in APPPATH\Models\CartModel.php on line 17.
 1 APPPATH\Controllers\BaseController.php(147): App\Models\CartModel->__construct()
 2 APPPATH\Controllers\HomeController.php(35): App\Controllers\BaseController->initController(Object(CodeIgniter\HTTP\IncomingRequest), Object(CodeIgniter\HTTP\Response), Object(CodeIgniter\Log\Logger))
 3 SYSTEMPATH\CodeIgniter.php(904): App\Controllers\HomeController->initController(Object(CodeIgniter\HTTP\IncomingRequest), Object(CodeIgniter\HTTP\Response), Object(CodeIgniter\Log\Logger))
 4 SYSTEMPATH\CodeIgniter.php(498): CodeIgniter\CodeIgniter->createController()
 5 SYSTEMPATH\CodeIgniter.php(354): CodeIgniter\CodeIgniter->handleRequest(null, Object(Config\Cache), false)
 6 SYSTEMPATH\Boot.php(363): CodeIgniter\CodeIgniter->run()
 7 SYSTEMPATH\Boot.php(68): CodeIgniter\Boot::runCodeIgniter(Object(CodeIgniter\CodeIgniter))
 8 FCPATH\index.php(67): CodeIgniter\Boot::bootWeb(Object(Config\Paths))
WARNING - 2026-02-19 05:49:47 --> [DEPRECATED] Creation of dynamic property App\Models\CartModel::$builderCheckouts is deprecated in APPPATH\Models\CartModel.php on line 15.
 1 APPPATH\Controllers\BaseController.php(147): App\Models\CartModel->__construct()
 2 APPPATH\Controllers\HomeController.php(35): App\Controllers\BaseController->initController(Object(CodeIgniter\HTTP\IncomingRequest), Object(CodeIgniter\HTTP\Response), Object(CodeIgniter\Log\Logger))
 3 SYSTEMPATH\CodeIgniter.php(904): App\Controllers\HomeController->initController(Object(CodeIgniter\HTTP\IncomingRequest), Object(CodeIgniter\HTTP\Response), Object(CodeIgniter\Log\Logger))
 4 SYSTEMPATH\CodeIgniter.php(498): CodeIgniter\CodeIgniter->createController()
 5 SYSTEMPATH\CodeIgniter.php(354): CodeIgniter\CodeIgniter->handleRequest(null, Object(Config\Cache), false)
 6 SYSTEMPATH\Boot.php(363): CodeIgniter\CodeIgniter->run()
 7 SYSTEMPATH\Boot.php(68): CodeIgniter\Boot::runCodeIgniter(Object(CodeIgniter\CodeIgniter))
 8 FCPATH\index.php(67): CodeIgniter\Boot::bootWeb(Object(Config\Paths))
WARNING - 2026-02-19 05:49:47 --> [DEPRECATED] Creation of dynamic property App\Models\CartModel::$builderCheckoutItems is deprecated in APPPATH\Models\CartModel.php on line 16.
 1 APPPATH\Controllers\BaseController.php(147): App\Models\CartModel->__construct()
 2 APPPATH\Controllers\HomeController.php(35): App\Controllers\BaseController->initController(Object(CodeIgniter\HTTP\IncomingRequest), Object(CodeIgniter\HTTP\Response), Object(CodeIgniter\Log\Logger))
 3 SYSTEMPATH\CodeIgniter.php(904): App\Controllers\HomeController->initController(Object(CodeIgniter\HTTP\IncomingRequest), Object(CodeIgniter\HTTP\Response), Object(CodeIgniter\Log\Logger))
 4 SYSTEMPATH\CodeIgniter.php(498): CodeIgniter\CodeIgniter->createController()
 5 SYSTEMPATH\CodeIgniter.php(354): CodeIgniter\CodeIgniter->handleRequest(null, Object(Config\Cache), false)
 6 SYSTEMPATH\Boot.php(363): CodeIgniter\CodeIgniter->run()
 7 SYSTEMPATH\Boot.php(68): CodeIgniter\Boot::runCodeIgniter(Object(CodeIgniter\CodeIgniter))
 8 FCPATH\index.php(67): CodeIgniter\Boot::bootWeb(Object(Config\Paths))
WARNING - 2026-02-19 05:49:47 --> [DEPRECATED] Creation of dynamic property App\Models\CartModel::$builderPaymentMethods is deprecated in APPPATH\Models\CartModel.php on line 17.
 1 APPPATH\Controllers\BaseController.php(147): App\Models\CartModel->__construct()
 2 APPPATH\Controllers\HomeController.php(35): App\Controllers\BaseController->initController(Object(CodeIgniter\HTTP\IncomingRequest), Object(CodeIgniter\HTTP\Response), Object(CodeIgniter\Log\Logger))
 3 SYSTEMPATH\CodeIgniter.php(904): App\Controllers\HomeController->initController(Object(CodeIgniter\HTTP\IncomingRequest), Object(CodeIgniter\HTTP\Response), Object(CodeIgniter\Log\Logger))
 4 SYSTEMPATH\CodeIgniter.php(498): CodeIgniter\CodeIgniter->createController()
 5 SYSTEMPATH\CodeIgniter.php(354): CodeIgniter\CodeIgniter->handleRequest(null, Object(Config\Cache), false)
 6 SYSTEMPATH\Boot.php(363): CodeIgniter\CodeIgniter->run()
 7 SYSTEMPATH\Boot.php(68): CodeIgniter\Boot::runCodeIgniter(Object(CodeIgniter\CodeIgniter))
 8 FCPATH\index.php(67): CodeIgniter\Boot::bootWeb(Object(Config\Paths))
WARNING - 2026-02-19 05:50:04 --> [DEPRECATED] Creation of dynamic property App\Models\CartModel::$builderCheckouts is deprecated in APPPATH\Models\CartModel.php on line 15.
 1 APPPATH\Controllers\BaseController.php(147): App\Models\CartModel->__construct()
 2 APPPATH\Controllers\HomeController.php(35): App\Controllers\BaseController->initController(Object(CodeIgniter\HTTP\IncomingRequest), Object(CodeIgniter\HTTP\Response), Object(CodeIgniter\Log\Logger))
 3 SYSTEMPATH\CodeIgniter.php(904): App\Controllers\HomeController->initController(Object(CodeIgniter\HTTP\IncomingRequest), Object(CodeIgniter\HTTP\Response), Object(CodeIgniter\Log\Logger))
 4 SYSTEMPATH\CodeIgniter.php(498): CodeIgniter\CodeIgniter->createController()
 5 SYSTEMPATH\CodeIgniter.php(354): CodeIgniter\CodeIgniter->handleRequest(null, Object(Config\Cache), false)
 6 SYSTEMPATH\Boot.php(363): CodeIgniter\CodeIgniter->run()
 7 SYSTEMPATH\Boot.php(68): CodeIgniter\Boot::runCodeIgniter(Object(CodeIgniter\CodeIgniter))
 8 FCPATH\index.php(67): CodeIgniter\Boot::bootWeb(Object(Config\Paths))
WARNING - 2026-02-19 05:50:04 --> [DEPRECATED] Creation of dynamic property App\Models\CartModel::$builderCheckoutItems is deprecated in APPPATH\Models\CartModel.php on line 16.
 1 APPPATH\Controllers\BaseController.php(147): App\Models\CartModel->__construct()
 2 APPPATH\Controllers\HomeController.php(35): App\Controllers\BaseController->initController(Object(CodeIgniter\HTTP\IncomingRequest), Object(CodeIgniter\HTTP\Response), Object(CodeIgniter\Log\Logger))
 3 SYSTEMPATH\CodeIgniter.php(904): App\Controllers\HomeController->initController(Object(CodeIgniter\HTTP\IncomingRequest), Object(CodeIgniter\HTTP\Response), Object(CodeIgniter\Log\Logger))
 4 SYSTEMPATH\CodeIgniter.php(498): CodeIgniter\CodeIgniter->createController()
 5 SYSTEMPATH\CodeIgniter.php(354): CodeIgniter\CodeIgniter->handleRequest(null, Object(Config\Cache), false)
 6 SYSTEMPATH\Boot.php(363): CodeIgniter\CodeIgniter->run()
 7 SYSTEMPATH\Boot.php(68): CodeIgniter\Boot::runCodeIgniter(Object(CodeIgniter\CodeIgniter))
 8 FCPATH\index.php(67): CodeIgniter\Boot::bootWeb(Object(Config\Paths))
WARNING - 2026-02-19 05:50:04 --> [DEPRECATED] Creation of dynamic property App\Models\CartModel::$builderPaymentMethods is deprecated in APPPATH\Models\CartModel.php on line 17.
 1 APPPATH\Controllers\BaseController.php(147): App\Models\CartModel->__construct()
 2 APPPATH\Controllers\HomeController.php(35): App\Controllers\BaseController->initController(Object(CodeIgniter\HTTP\IncomingRequest), Object(CodeIgniter\HTTP\Response), Object(CodeIgniter\Log\Logger))
 3 SYSTEMPATH\CodeIgniter.php(904): App\Controllers\HomeController->initController(Object(CodeIgniter\HTTP\IncomingRequest), Object(CodeIgniter\HTTP\Response), Object(CodeIgniter\Log\Logger))
 4 SYSTEMPATH\CodeIgniter.php(498): CodeIgniter\CodeIgniter->createController()
 5 SYSTEMPATH\CodeIgniter.php(354): CodeIgniter\CodeIgniter->handleRequest(null, Object(Config\Cache), false)
 6 SYSTEMPATH\Boot.php(363): CodeIgniter\CodeIgniter->run()
 7 SYSTEMPATH\Boot.php(68): CodeIgniter\Boot::runCodeIgniter(Object(CodeIgniter\CodeIgniter))
 8 FCPATH\index.php(67): CodeIgniter\Boot::bootWeb(Object(Config\Paths))
WARNING - 2026-02-19 05:50:11 --> [DEPRECATED] Creation of dynamic property App\Models\CartModel::$builderCheckouts is deprecated in APPPATH\Models\CartModel.php on line 15.
 1 APPPATH\Controllers\BaseController.php(147): App\Models\CartModel->__construct()
 2 APPPATH\Controllers\AuthController.php(14): App\Controllers\BaseController->initController(Object(CodeIgniter\HTTP\IncomingRequest), Object(CodeIgniter\HTTP\Response), Object(CodeIgniter\Log\Logger))
 3 SYSTEMPATH\CodeIgniter.php(904): App\Controllers\AuthController->initController(Object(CodeIgniter\HTTP\IncomingRequest), Object(CodeIgniter\HTTP\Response), Object(CodeIgniter\Log\Logger))
 4 SYSTEMPATH\CodeIgniter.php(498): CodeIgniter\CodeIgniter->createController()
 5 SYSTEMPATH\CodeIgniter.php(354): CodeIgniter\CodeIgniter->handleRequest(null, Object(Config\Cache), false)
 6 SYSTEMPATH\Boot.php(363): CodeIgniter\CodeIgniter->run()
 7 SYSTEMPATH\Boot.php(68): CodeIgniter\Boot::runCodeIgniter(Object(CodeIgniter\CodeIgniter))
 8 FCPATH\index.php(67): CodeIgniter\Boot::bootWeb(Object(Config\Paths))
WARNING - 2026-02-19 05:50:11 --> [DEPRECATED] Creation of dynamic property App\Models\CartModel::$builderCheckoutItems is deprecated in APPPATH\Models\CartModel.php on line 16.
 1 APPPATH\Controllers\BaseController.php(147): App\Models\CartModel->__construct()
 2 APPPATH\Controllers\AuthController.php(14): App\Controllers\BaseController->initController(Object(CodeIgniter\HTTP\IncomingRequest), Object(CodeIgniter\HTTP\Response), Object(CodeIgniter\Log\Logger))
 3 SYSTEMPATH\CodeIgniter.php(904): App\Controllers\AuthController->initController(Object(CodeIgniter\HTTP\IncomingRequest), Object(CodeIgniter\HTTP\Response), Object(CodeIgniter\Log\Logger))
 4 SYSTEMPATH\CodeIgniter.php(498): CodeIgniter\CodeIgniter->createController()
 5 SYSTEMPATH\CodeIgniter.php(354): CodeIgniter\CodeIgniter->handleRequest(null, Object(Config\Cache), false)
 6 SYSTEMPATH\Boot.php(363): CodeIgniter\CodeIgniter->run()
 7 SYSTEMPATH\Boot.php(68): CodeIgniter\Boot::runCodeIgniter(Object(CodeIgniter\CodeIgniter))
 8 FCPATH\index.php(67): CodeIgniter\Boot::bootWeb(Object(Config\Paths))
WARNING - 2026-02-19 05:50:11 --> [DEPRECATED] Creation of dynamic property App\Models\CartModel::$builderPaymentMethods is deprecated in APPPATH\Models\CartModel.php on line 17.
 1 APPPATH\Controllers\BaseController.php(147): App\Models\CartModel->__construct()
 2 APPPATH\Controllers\AuthController.php(14): App\Controllers\BaseController->initController(Object(CodeIgniter\HTTP\IncomingRequest), Object(CodeIgniter\HTTP\Response), Object(CodeIgniter\Log\Logger))
 3 SYSTEMPATH\CodeIgniter.php(904): App\Controllers\AuthController->initController(Object(CodeIgniter\HTTP\IncomingRequest), Object(CodeIgniter\HTTP\Response), Object(CodeIgniter\Log\Logger))
 4 SYSTEMPATH\CodeIgniter.php(498): CodeIgniter\CodeIgniter->createController()
 5 SYSTEMPATH\CodeIgniter.php(354): CodeIgniter\CodeIgniter->handleRequest(null, Object(Config\Cache), false)
 6 SYSTEMPATH\Boot.php(363): CodeIgniter\CodeIgniter->run()
 7 SYSTEMPATH\Boot.php(68): CodeIgniter\Boot::runCodeIgniter(Object(CodeIgniter\CodeIgniter))
 8 FCPATH\index.php(67): CodeIgniter\Boot::bootWeb(Object(Config\Paths))
WARNING - 2026-02-19 05:50:11 --> [DEPRECATED] Creation of dynamic property App\Models\CartModel::$builderCheckouts is deprecated in APPPATH\Models\CartModel.php on line 15.
 1 APPPATH\Controllers\BaseController.php(147): App\Models\CartModel->__construct()
 2 APPPATH\Controllers\AuthController.php(14): App\Controllers\BaseController->initController(Object(CodeIgniter\HTTP\IncomingRequest), Object(CodeIgniter\HTTP\Response), Object(CodeIgniter\Log\Logger))
 3 SYSTEMPATH\CodeIgniter.php(904): App\Controllers\AuthController->initController(Object(CodeIgniter\HTTP\IncomingRequest), Object(CodeIgniter\HTTP\Response), Object(CodeIgniter\Log\Logger))
 4 SYSTEMPATH\CodeIgniter.php(498): CodeIgniter\CodeIgniter->createController()
 5 SYSTEMPATH\CodeIgniter.php(354): CodeIgniter\CodeIgniter->handleRequest(null, Object(Config\Cache), false)
 6 SYSTEMPATH\Boot.php(363): CodeIgniter\CodeIgniter->run()
 7 SYSTEMPATH\Boot.php(68): CodeIgniter\Boot::runCodeIgniter(Object(CodeIgniter\CodeIgniter))
 8 FCPATH\index.php(67): CodeIgniter\Boot::bootWeb(Object(Config\Paths))
WARNING - 2026-02-19 05:50:11 --> [DEPRECATED] Creation of dynamic property App\Models\CartModel::$builderCheckoutItems is deprecated in APPPATH\Models\CartModel.php on line 16.
 1 APPPATH\Controllers\BaseController.php(147): App\Models\CartModel->__construct()
 2 APPPATH\Controllers\AuthController.php(14): App\Controllers\BaseController->initController(Object(CodeIgniter\HTTP\IncomingRequest), Object(CodeIgniter\HTTP\Response), Object(CodeIgniter\Log\Logger))
 3 SYSTEMPATH\CodeIgniter.php(904): App\Controllers\AuthController->initController(Object(CodeIgniter\HTTP\IncomingRequest), Object(CodeIgniter\HTTP\Response), Object(CodeIgniter\Log\Logger))
 4 SYSTEMPATH\CodeIgniter.php(498): CodeIgniter\CodeIgniter->createController()
 5 SYSTEMPATH\CodeIgniter.php(354): CodeIgniter\CodeIgniter->handleRequest(null, Object(Config\Cache), false)
 6 SYSTEMPATH\Boot.php(363): CodeIgniter\CodeIgniter->run()
 7 SYSTEMPATH\Boot.php(68): CodeIgniter\Boot::runCodeIgniter(Object(CodeIgniter\CodeIgniter))
 8 FCPATH\index.php(67): CodeIgniter\Boot::bootWeb(Object(Config\Paths))
WARNING - 2026-02-19 05:50:11 --> [DEPRECATED] Creation of dynamic property App\Models\CartModel::$builderPaymentMethods is deprecated in APPPATH\Models\CartModel.php on line 17.
 1 APPPATH\Controllers\BaseController.php(147): App\Models\CartModel->__construct()
 2 APPPATH\Controllers\AuthController.php(14): App\Controllers\BaseController->initController(Object(CodeIgniter\HTTP\IncomingRequest), Object(CodeIgniter\HTTP\Response), Object(CodeIgniter\Log\Logger))
 3 SYSTEMPATH\CodeIgniter.php(904): App\Controllers\AuthController->initController(Object(CodeIgniter\HTTP\IncomingRequest), Object(CodeIgniter\HTTP\Response), Object(CodeIgniter\Log\Logger))
 4 SYSTEMPATH\CodeIgniter.php(498): CodeIgniter\CodeIgniter->createController()
 5 SYSTEMPATH\CodeIgniter.php(354): CodeIgniter\CodeIgniter->handleRequest(null, Object(Config\Cache), false)
 6 SYSTEMPATH\Boot.php(363): CodeIgniter\CodeIgniter->run()
 7 SYSTEMPATH\Boot.php(68): CodeIgniter\Boot::runCodeIgniter(Object(CodeIgniter\CodeIgniter))
 8 FCPATH\index.php(67): CodeIgniter\Boot::bootWeb(Object(Config\Paths))
WARNING - 2026-02-19 05:50:15 --> [DEPRECATED] Creation of dynamic property App\Models\CartModel::$builderCheckouts is deprecated in APPPATH\Models\CartModel.php on line 15.
 1 APPPATH\Controllers\BaseController.php(147): App\Models\CartModel->__construct()
 2 APPPATH\Controllers\AuthController.php(14): App\Controllers\BaseController->initController(Object(CodeIgniter\HTTP\IncomingRequest), Object(CodeIgniter\HTTP\Response), Object(CodeIgniter\Log\Logger))
 3 SYSTEMPATH\CodeIgniter.php(904): App\Controllers\AuthController->initController(Object(CodeIgniter\HTTP\IncomingRequest), Object(CodeIgniter\HTTP\Response), Object(CodeIgniter\Log\Logger))
 4 SYSTEMPATH\CodeIgniter.php(498): CodeIgniter\CodeIgniter->createController()
 5 SYSTEMPATH\CodeIgniter.php(354): CodeIgniter\CodeIgniter->handleRequest(null, Object(Config\Cache), false)
 6 SYSTEMPATH\Boot.php(363): CodeIgniter\CodeIgniter->run()
 7 SYSTEMPATH\Boot.php(68): CodeIgniter\Boot::runCodeIgniter(Object(CodeIgniter\CodeIgniter))
 8 FCPATH\index.php(67): CodeIgniter\Boot::bootWeb(Object(Config\Paths))
WARNING - 2026-02-19 05:50:15 --> [DEPRECATED] Creation of dynamic property App\Models\CartModel::$builderCheckoutItems is deprecated in APPPATH\Models\CartModel.php on line 16.
 1 APPPATH\Controllers\BaseController.php(147): App\Models\CartModel->__construct()
 2 APPPATH\Controllers\AuthController.php(14): App\Controllers\BaseController->initController(Object(CodeIgniter\HTTP\IncomingRequest), Object(CodeIgniter\HTTP\Response), Object(CodeIgniter\Log\Logger))
 3 SYSTEMPATH\CodeIgniter.php(904): App\Controllers\AuthController->initController(Object(CodeIgniter\HTTP\IncomingRequest), Object(CodeIgniter\HTTP\Response), Object(CodeIgniter\Log\Logger))
 4 SYSTEMPATH\CodeIgniter.php(498): CodeIgniter\CodeIgniter->createController()
 5 SYSTEMPATH\CodeIgniter.php(354): CodeIgniter\CodeIgniter->handleRequest(null, Object(Config\Cache), false)
 6 SYSTEMPATH\Boot.php(363): CodeIgniter\CodeIgniter->run()
 7 SYSTEMPATH\Boot.php(68): CodeIgniter\Boot::runCodeIgniter(Object(CodeIgniter\CodeIgniter))
 8 FCPATH\index.php(67): CodeIgniter\Boot::bootWeb(Object(Config\Paths))
WARNING - 2026-02-19 05:50:15 --> [DEPRECATED] Creation of dynamic property App\Models\CartModel::$builderPaymentMethods is deprecated in APPPATH\Models\CartModel.php on line 17.
 1 APPPATH\Controllers\BaseController.php(147): App\Models\CartModel->__construct()
 2 APPPATH\Controllers\AuthController.php(14): App\Controllers\BaseController->initController(Object(CodeIgniter\HTTP\IncomingRequest), Object(CodeIgniter\HTTP\Response), Object(CodeIgniter\Log\Logger))
 3 SYSTEMPATH\CodeIgniter.php(904): App\Controllers\AuthController->initController(Object(CodeIgniter\HTTP\IncomingRequest), Object(CodeIgniter\HTTP\Response), Object(CodeIgniter\Log\Logger))
 4 SYSTEMPATH\CodeIgniter.php(498): CodeIgniter\CodeIgniter->createController()
 5 SYSTEMPATH\CodeIgniter.php(354): CodeIgniter\CodeIgniter->handleRequest(null, Object(Config\Cache), false)
 6 SYSTEMPATH\Boot.php(363): CodeIgniter\CodeIgniter->run()
 7 SYSTEMPATH\Boot.php(68): CodeIgniter\Boot::runCodeIgniter(Object(CodeIgniter\CodeIgniter))
 8 FCPATH\index.php(67): CodeIgniter\Boot::bootWeb(Object(Config\Paths))
WARNING - 2026-02-19 05:50:15 --> [DEPRECATED] Creation of dynamic property App\Models\CartModel::$builderCheckouts is deprecated in APPPATH\Models\CartModel.php on line 15.
 1 APPPATH\Models\AuthModel.php(87): App\Models\CartModel->__construct()
 2 APPPATH\Models\AuthModel.php(63): App\Models\AuthModel->loginUser(Object(stdClass))
 3 APPPATH\Controllers\AuthController.php(85): App\Models\AuthModel->login()
 4 SYSTEMPATH\CodeIgniter.php(933): App\Controllers\AuthController->adminLoginPost()
 5 SYSTEMPATH\CodeIgniter.php(507): CodeIgniter\CodeIgniter->runController(Object(App\Controllers\AuthController))
 6 SYSTEMPATH\CodeIgniter.php(354): CodeIgniter\CodeIgniter->handleRequest(null, Object(Config\Cache), false)
 7 SYSTEMPATH\Boot.php(363): CodeIgniter\CodeIgniter->run()
 8 SYSTEMPATH\Boot.php(68): CodeIgniter\Boot::runCodeIgniter(Object(CodeIgniter\CodeIgniter))
 9 FCPATH\index.php(67): CodeIgniter\Boot::bootWeb(Object(Config\Paths))
WARNING - 2026-02-19 05:50:15 --> [DEPRECATED] Creation of dynamic property App\Models\CartModel::$builderCheckoutItems is deprecated in APPPATH\Models\CartModel.php on line 16.
 1 APPPATH\Models\AuthModel.php(87): App\Models\CartModel->__construct()
 2 APPPATH\Models\AuthModel.php(63): App\Models\AuthModel->loginUser(Object(stdClass))
 3 APPPATH\Controllers\AuthController.php(85): App\Models\AuthModel->login()
 4 SYSTEMPATH\CodeIgniter.php(933): App\Controllers\AuthController->adminLoginPost()
 5 SYSTEMPATH\CodeIgniter.php(507): CodeIgniter\CodeIgniter->runController(Object(App\Controllers\AuthController))
 6 SYSTEMPATH\CodeIgniter.php(354): CodeIgniter\CodeIgniter->handleRequest(null, Object(Config\Cache), false)
 7 SYSTEMPATH\Boot.php(363): CodeIgniter\CodeIgniter->run()
 8 SYSTEMPATH\Boot.php(68): CodeIgniter\Boot::runCodeIgniter(Object(CodeIgniter\CodeIgniter))
 9 FCPATH\index.php(67): CodeIgniter\Boot::bootWeb(Object(Config\Paths))
WARNING - 2026-02-19 05:50:15 --> [DEPRECATED] Creation of dynamic property App\Models\CartModel::$builderPaymentMethods is deprecated in APPPATH\Models\CartModel.php on line 17.
 1 APPPATH\Models\AuthModel.php(87): App\Models\CartModel->__construct()
 2 APPPATH\Models\AuthModel.php(63): App\Models\AuthModel->loginUser(Object(stdClass))
 3 APPPATH\Controllers\AuthController.php(85): App\Models\AuthModel->login()
 4 SYSTEMPATH\CodeIgniter.php(933): App\Controllers\AuthController->adminLoginPost()
 5 SYSTEMPATH\CodeIgniter.php(507): CodeIgniter\CodeIgniter->runController(Object(App\Controllers\AuthController))
 6 SYSTEMPATH\CodeIgniter.php(354): CodeIgniter\CodeIgniter->handleRequest(null, Object(Config\Cache), false)
 7 SYSTEMPATH\Boot.php(363): CodeIgniter\CodeIgniter->run()
 8 SYSTEMPATH\Boot.php(68): CodeIgniter\Boot::runCodeIgniter(Object(CodeIgniter\CodeIgniter))
 9 FCPATH\index.php(67): CodeIgniter\Boot::bootWeb(Object(Config\Paths))
WARNING - 2026-02-19 05:50:15 --> [DEPRECATED] Creation of dynamic property App\Models\CartModel::$builderCheckouts is deprecated in APPPATH\Models\CartModel.php on line 15.
 1 APPPATH\Controllers\BaseController.php(147): App\Models\CartModel->__construct()
 2 APPPATH\Controllers\HomeController.php(35): App\Controllers\BaseController->initController(Object(CodeIgniter\HTTP\IncomingRequest), Object(CodeIgniter\HTTP\Response), Object(CodeIgniter\Log\Logger))
 3 SYSTEMPATH\CodeIgniter.php(904): App\Controllers\HomeController->initController(Object(CodeIgniter\HTTP\IncomingRequest), Object(CodeIgniter\HTTP\Response), Object(CodeIgniter\Log\Logger))
 4 SYSTEMPATH\CodeIgniter.php(498): CodeIgniter\CodeIgniter->createController()
 5 SYSTEMPATH\CodeIgniter.php(354): CodeIgniter\CodeIgniter->handleRequest(null, Object(Config\Cache), false)
 6 SYSTEMPATH\Boot.php(363): CodeIgniter\CodeIgniter->run()
 7 SYSTEMPATH\Boot.php(68): CodeIgniter\Boot::runCodeIgniter(Object(CodeIgniter\CodeIgniter))
 8 FCPATH\index.php(67): CodeIgniter\Boot::bootWeb(Object(Config\Paths))
WARNING - 2026-02-19 05:50:15 --> [DEPRECATED] Creation of dynamic property App\Models\CartModel::$builderCheckoutItems is deprecated in APPPATH\Models\CartModel.php on line 16.
 1 APPPATH\Controllers\BaseController.php(147): App\Models\CartModel->__construct()
 2 APPPATH\Controllers\HomeController.php(35): App\Controllers\BaseController->initController(Object(CodeIgniter\HTTP\IncomingRequest), Object(CodeIgniter\HTTP\Response), Object(CodeIgniter\Log\Logger))
 3 SYSTEMPATH\CodeIgniter.php(904): App\Controllers\HomeController->initController(Object(CodeIgniter\HTTP\IncomingRequest), Object(CodeIgniter\HTTP\Response), Object(CodeIgniter\Log\Logger))
 4 SYSTEMPATH\CodeIgniter.php(498): CodeIgniter\CodeIgniter->createController()
 5 SYSTEMPATH\CodeIgniter.php(354): CodeIgniter\CodeIgniter->handleRequest(null, Object(Config\Cache), false)
 6 SYSTEMPATH\Boot.php(363): CodeIgniter\CodeIgniter->run()
 7 SYSTEMPATH\Boot.php(68): CodeIgniter\Boot::runCodeIgniter(Object(CodeIgniter\CodeIgniter))
 8 FCPATH\index.php(67): CodeIgniter\Boot::bootWeb(Object(Config\Paths))
WARNING - 2026-02-19 05:50:15 --> [DEPRECATED] Creation of dynamic property App\Models\CartModel::$builderPaymentMethods is deprecated in APPPATH\Models\CartModel.php on line 17.
 1 APPPATH\Controllers\BaseController.php(147): App\Models\CartModel->__construct()
 2 APPPATH\Controllers\HomeController.php(35): App\Controllers\BaseController->initController(Object(CodeIgniter\HTTP\IncomingRequest), Object(CodeIgniter\HTTP\Response), Object(CodeIgniter\Log\Logger))
 3 SYSTEMPATH\CodeIgniter.php(904): App\Controllers\HomeController->initController(Object(CodeIgniter\HTTP\IncomingRequest), Object(CodeIgniter\HTTP\Response), Object(CodeIgniter\Log\Logger))
 4 SYSTEMPATH\CodeIgniter.php(498): CodeIgniter\CodeIgniter->createController()
 5 SYSTEMPATH\CodeIgniter.php(354): CodeIgniter\CodeIgniter->handleRequest(null, Object(Config\Cache), false)
 6 SYSTEMPATH\Boot.php(363): CodeIgniter\CodeIgniter->run()
 7 SYSTEMPATH\Boot.php(68): CodeIgniter\Boot::runCodeIgniter(Object(CodeIgniter\CodeIgniter))
 8 FCPATH\index.php(67): CodeIgniter\Boot::bootWeb(Object(Config\Paths))
WARNING - 2026-02-19 05:50:16 --> [DEPRECATED] Creation of dynamic property App\Models\CartModel::$builderCheckouts is deprecated in APPPATH\Models\CartModel.php on line 15.
 1 APPPATH\Controllers\BaseController.php(147): App\Models\CartModel->__construct()
 2 APPPATH\Controllers\AjaxController.php(20): App\Controllers\BaseController->initController(Object(CodeIgniter\HTTP\IncomingRequest), Object(CodeIgniter\HTTP\Response), Object(CodeIgniter\Log\Logger))
 3 SYSTEMPATH\CodeIgniter.php(904): App\Controllers\AjaxController->initController(Object(CodeIgniter\HTTP\IncomingRequest), Object(CodeIgniter\HTTP\Response), Object(CodeIgniter\Log\Logger))
 4 SYSTEMPATH\CodeIgniter.php(498): CodeIgniter\CodeIgniter->createController()
 5 SYSTEMPATH\CodeIgniter.php(354): CodeIgniter\CodeIgniter->handleRequest(null, Object(Config\Cache), false)
 6 SYSTEMPATH\Boot.php(363): CodeIgniter\CodeIgniter->run()
 7 SYSTEMPATH\Boot.php(68): CodeIgniter\Boot::runCodeIgniter(Object(CodeIgniter\CodeIgniter))
 8 FCPATH\index.php(67): CodeIgniter\Boot::bootWeb(Object(Config\Paths))
WARNING - 2026-02-19 05:50:16 --> [DEPRECATED] Creation of dynamic property App\Models\CartModel::$builderCheckoutItems is deprecated in APPPATH\Models\CartModel.php on line 16.
 1 APPPATH\Controllers\BaseController.php(147): App\Models\CartModel->__construct()
 2 APPPATH\Controllers\AjaxController.php(20): App\Controllers\BaseController->initController(Object(CodeIgniter\HTTP\IncomingRequest), Object(CodeIgniter\HTTP\Response), Object(CodeIgniter\Log\Logger))
 3 SYSTEMPATH\CodeIgniter.php(904): App\Controllers\AjaxController->initController(Object(CodeIgniter\HTTP\IncomingRequest), Object(CodeIgniter\HTTP\Response), Object(CodeIgniter\Log\Logger))
 4 SYSTEMPATH\CodeIgniter.php(498): CodeIgniter\CodeIgniter->createController()
 5 SYSTEMPATH\CodeIgniter.php(354): CodeIgniter\CodeIgniter->handleRequest(null, Object(Config\Cache), false)
 6 SYSTEMPATH\Boot.php(363): CodeIgniter\CodeIgniter->run()
 7 SYSTEMPATH\Boot.php(68): CodeIgniter\Boot::runCodeIgniter(Object(CodeIgniter\CodeIgniter))
 8 FCPATH\index.php(67): CodeIgniter\Boot::bootWeb(Object(Config\Paths))
WARNING - 2026-02-19 05:50:16 --> [DEPRECATED] Creation of dynamic property App\Models\CartModel::$builderPaymentMethods is deprecated in APPPATH\Models\CartModel.php on line 17.
 1 APPPATH\Controllers\BaseController.php(147): App\Models\CartModel->__construct()
 2 APPPATH\Controllers\AjaxController.php(20): App\Controllers\BaseController->initController(Object(CodeIgniter\HTTP\IncomingRequest), Object(CodeIgniter\HTTP\Response), Object(CodeIgniter\Log\Logger))
 3 SYSTEMPATH\CodeIgniter.php(904): App\Controllers\AjaxController->initController(Object(CodeIgniter\HTTP\IncomingRequest), Object(CodeIgniter\HTTP\Response), Object(CodeIgniter\Log\Logger))
 4 SYSTEMPATH\CodeIgniter.php(498): CodeIgniter\CodeIgniter->createController()
 5 SYSTEMPATH\CodeIgniter.php(354): CodeIgniter\CodeIgniter->handleRequest(null, Object(Config\Cache), false)
 6 SYSTEMPATH\Boot.php(363): CodeIgniter\CodeIgniter->run()
 7 SYSTEMPATH\Boot.php(68): CodeIgniter\Boot::runCodeIgniter(Object(CodeIgniter\CodeIgniter))
 8 FCPATH\index.php(67): CodeIgniter\Boot::bootWeb(Object(Config\Paths))
WARNING - 2026-02-19 05:50:22 --> [DEPRECATED] Creation of dynamic property App\Models\CartModel::$builderCheckouts is deprecated in APPPATH\Models\CartModel.php on line 15.
 1 APPPATH\Controllers\BaseController.php(147): App\Models\CartModel->__construct()
 2 APPPATH\Controllers\DashboardController.php(41): App\Controllers\BaseController->initController(Object(CodeIgniter\HTTP\IncomingRequest), Object(CodeIgniter\HTTP\Response), Object(CodeIgniter\Log\Logger))
 3 SYSTEMPATH\CodeIgniter.php(904): App\Controllers\DashboardController->initController(Object(CodeIgniter\HTTP\IncomingRequest), Object(CodeIgniter\HTTP\Response), Object(CodeIgniter\Log\Logger))
 4 SYSTEMPATH\CodeIgniter.php(498): CodeIgniter\CodeIgniter->createController()
 5 SYSTEMPATH\CodeIgniter.php(354): CodeIgniter\CodeIgniter->handleRequest(null, Object(Config\Cache), false)
 6 SYSTEMPATH\Boot.php(363): CodeIgniter\CodeIgniter->run()
 7 SYSTEMPATH\Boot.php(68): CodeIgniter\Boot::runCodeIgniter(Object(CodeIgniter\CodeIgniter))
 8 FCPATH\index.php(67): CodeIgniter\Boot::bootWeb(Object(Config\Paths))
WARNING - 2026-02-19 05:50:22 --> [DEPRECATED] Creation of dynamic property App\Models\CartModel::$builderCheckoutItems is deprecated in APPPATH\Models\CartModel.php on line 16.
 1 APPPATH\Controllers\BaseController.php(147): App\Models\CartModel->__construct()
 2 APPPATH\Controllers\DashboardController.php(41): App\Controllers\BaseController->initController(Object(CodeIgniter\HTTP\IncomingRequest), Object(CodeIgniter\HTTP\Response), Object(CodeIgniter\Log\Logger))
 3 SYSTEMPATH\CodeIgniter.php(904): App\Controllers\DashboardController->initController(Object(CodeIgniter\HTTP\IncomingRequest), Object(CodeIgniter\HTTP\Response), Object(CodeIgniter\Log\Logger))
 4 SYSTEMPATH\CodeIgniter.php(498): CodeIgniter\CodeIgniter->createController()
 5 SYSTEMPATH\CodeIgniter.php(354): CodeIgniter\CodeIgniter->handleRequest(null, Object(Config\Cache), false)
 6 SYSTEMPATH\Boot.php(363): CodeIgniter\CodeIgniter->run()
 7 SYSTEMPATH\Boot.php(68): CodeIgniter\Boot::runCodeIgniter(Object(CodeIgniter\CodeIgniter))
 8 FCPATH\index.php(67): CodeIgniter\Boot::bootWeb(Object(Config\Paths))
WARNING - 2026-02-19 05:50:22 --> [DEPRECATED] Creation of dynamic property App\Models\CartModel::$builderPaymentMethods is deprecated in APPPATH\Models\CartModel.php on line 17.
 1 APPPATH\Controllers\BaseController.php(147): App\Models\CartModel->__construct()
 2 APPPATH\Controllers\DashboardController.php(41): App\Controllers\BaseController->initController(Object(CodeIgniter\HTTP\IncomingRequest), Object(CodeIgniter\HTTP\Response), Object(CodeIgniter\Log\Logger))
 3 SYSTEMPATH\CodeIgniter.php(904): App\Controllers\DashboardController->initController(Object(CodeIgniter\HTTP\IncomingRequest), Object(CodeIgniter\HTTP\Response), Object(CodeIgniter\Log\Logger))
 4 SYSTEMPATH\CodeIgniter.php(498): CodeIgniter\CodeIgniter->createController()
 5 SYSTEMPATH\CodeIgniter.php(354): CodeIgniter\CodeIgniter->handleRequest(null, Object(Config\Cache), false)
 6 SYSTEMPATH\Boot.php(363): CodeIgniter\CodeIgniter->run()
 7 SYSTEMPATH\Boot.php(68): CodeIgniter\Boot::runCodeIgniter(Object(CodeIgniter\CodeIgniter))
 8 FCPATH\index.php(67): CodeIgniter\Boot::bootWeb(Object(Config\Paths))
WARNING - 2026-02-19 05:50:22 --> [DEPRECATED] Creation of dynamic property App\Models\CartModel::$builderCheckouts is deprecated in APPPATH\Models\CartModel.php on line 15.
 1 APPPATH\Controllers\BaseController.php(147): App\Models\CartModel->__construct()
 2 APPPATH\Controllers\AjaxController.php(20): App\Controllers\BaseController->initController(Object(CodeIgniter\HTTP\IncomingRequest), Object(CodeIgniter\HTTP\Response), Object(CodeIgniter\Log\Logger))
 3 SYSTEMPATH\CodeIgniter.php(904): App\Controllers\AjaxController->initController(Object(CodeIgniter\HTTP\IncomingRequest), Object(CodeIgniter\HTTP\Response), Object(CodeIgniter\Log\Logger))
 4 SYSTEMPATH\CodeIgniter.php(498): CodeIgniter\CodeIgniter->createController()
 5 SYSTEMPATH\CodeIgniter.php(354): CodeIgniter\CodeIgniter->handleRequest(null, Object(Config\Cache), false)
 6 SYSTEMPATH\Boot.php(363): CodeIgniter\CodeIgniter->run()
 7 SYSTEMPATH\Boot.php(68): CodeIgniter\Boot::runCodeIgniter(Object(CodeIgniter\CodeIgniter))
 8 FCPATH\index.php(67): CodeIgniter\Boot::bootWeb(Object(Config\Paths))
WARNING - 2026-02-19 05:50:22 --> [DEPRECATED] Creation of dynamic property App\Models\CartModel::$builderCheckoutItems is deprecated in APPPATH\Models\CartModel.php on line 16.
 1 APPPATH\Controllers\BaseController.php(147): App\Models\CartModel->__construct()
 2 APPPATH\Controllers\AjaxController.php(20): App\Controllers\BaseController->initController(Object(CodeIgniter\HTTP\IncomingRequest), Object(CodeIgniter\HTTP\Response), Object(CodeIgniter\Log\Logger))
 3 SYSTEMPATH\CodeIgniter.php(904): App\Controllers\AjaxController->initController(Object(CodeIgniter\HTTP\IncomingRequest), Object(CodeIgniter\HTTP\Response), Object(CodeIgniter\Log\Logger))
 4 SYSTEMPATH\CodeIgniter.php(498): CodeIgniter\CodeIgniter->createController()
 5 SYSTEMPATH\CodeIgniter.php(354): CodeIgniter\CodeIgniter->handleRequest(null, Object(Config\Cache), false)
 6 SYSTEMPATH\Boot.php(363): CodeIgniter\CodeIgniter->run()
 7 SYSTEMPATH\Boot.php(68): CodeIgniter\Boot::runCodeIgniter(Object(CodeIgniter\CodeIgniter))
 8 FCPATH\index.php(67): CodeIgniter\Boot::bootWeb(Object(Config\Paths))
WARNING - 2026-02-19 05:50:22 --> [DEPRECATED] Creation of dynamic property App\Models\CartModel::$builderPaymentMethods is deprecated in APPPATH\Models\CartModel.php on line 17.
 1 APPPATH\Controllers\BaseController.php(147): App\Models\CartModel->__construct()
 2 APPPATH\Controllers\AjaxController.php(20): App\Controllers\BaseController->initController(Object(CodeIgniter\HTTP\IncomingRequest), Object(CodeIgniter\HTTP\Response), Object(CodeIgniter\Log\Logger))
 3 SYSTEMPATH\CodeIgniter.php(904): App\Controllers\AjaxController->initController(Object(CodeIgniter\HTTP\IncomingRequest), Object(CodeIgniter\HTTP\Response), Object(CodeIgniter\Log\Logger))
 4 SYSTEMPATH\CodeIgniter.php(498): CodeIgniter\CodeIgniter->createController()
 5 SYSTEMPATH\CodeIgniter.php(354): CodeIgniter\CodeIgniter->handleRequest(null, Object(Config\Cache), false)
 6 SYSTEMPATH\Boot.php(363): CodeIgniter\CodeIgniter->run()
 7 SYSTEMPATH\Boot.php(68): CodeIgniter\Boot::runCodeIgniter(Object(CodeIgniter\CodeIgniter))
 8 FCPATH\index.php(67): CodeIgniter\Boot::bootWeb(Object(Config\Paths))
WARNING - 2026-02-19 05:50:38 --> [DEPRECATED] Creation of dynamic property App\Models\CartModel::$builderCheckouts is deprecated in APPPATH\Models\CartModel.php on line 15.
 1 APPPATH\Controllers\BaseController.php(147): App\Models\CartModel->__construct()
 2 APPPATH\Controllers\DashboardController.php(41): App\Controllers\BaseController->initController(Object(CodeIgniter\HTTP\IncomingRequest), Object(CodeIgniter\HTTP\Response), Object(CodeIgniter\Log\Logger))
 3 SYSTEMPATH\CodeIgniter.php(904): App\Controllers\DashboardController->initController(Object(CodeIgniter\HTTP\IncomingRequest), Object(CodeIgniter\HTTP\Response), Object(CodeIgniter\Log\Logger))
 4 SYSTEMPATH\CodeIgniter.php(498): CodeIgniter\CodeIgniter->createController()
 5 SYSTEMPATH\CodeIgniter.php(354): CodeIgniter\CodeIgniter->handleRequest(null, Object(Config\Cache), false)
 6 SYSTEMPATH\Boot.php(363): CodeIgniter\CodeIgniter->run()
 7 SYSTEMPATH\Boot.php(68): CodeIgniter\Boot::runCodeIgniter(Object(CodeIgniter\CodeIgniter))
 8 FCPATH\index.php(67): CodeIgniter\Boot::bootWeb(Object(Config\Paths))
WARNING - 2026-02-19 05:50:38 --> [DEPRECATED] Creation of dynamic property App\Models\CartModel::$builderCheckoutItems is deprecated in APPPATH\Models\CartModel.php on line 16.
 1 APPPATH\Controllers\BaseController.php(147): App\Models\CartModel->__construct()
 2 APPPATH\Controllers\DashboardController.php(41): App\Controllers\BaseController->initController(Object(CodeIgniter\HTTP\IncomingRequest), Object(CodeIgniter\HTTP\Response), Object(CodeIgniter\Log\Logger))
 3 SYSTEMPATH\CodeIgniter.php(904): App\Controllers\DashboardController->initController(Object(CodeIgniter\HTTP\IncomingRequest), Object(CodeIgniter\HTTP\Response), Object(CodeIgniter\Log\Logger))
 4 SYSTEMPATH\CodeIgniter.php(498): CodeIgniter\CodeIgniter->createController()
 5 SYSTEMPATH\CodeIgniter.php(354): CodeIgniter\CodeIgniter->handleRequest(null, Object(Config\Cache), false)
 6 SYSTEMPATH\Boot.php(363): CodeIgniter\CodeIgniter->run()
 7 SYSTEMPATH\Boot.php(68): CodeIgniter\Boot::runCodeIgniter(Object(CodeIgniter\CodeIgniter))
 8 FCPATH\index.php(67): CodeIgniter\Boot::bootWeb(Object(Config\Paths))
WARNING - 2026-02-19 05:50:38 --> [DEPRECATED] Creation of dynamic property App\Models\CartModel::$builderPaymentMethods is deprecated in APPPATH\Models\CartModel.php on line 17.
 1 APPPATH\Controllers\BaseController.php(147): App\Models\CartModel->__construct()
 2 APPPATH\Controllers\DashboardController.php(41): App\Controllers\BaseController->initController(Object(CodeIgniter\HTTP\IncomingRequest), Object(CodeIgniter\HTTP\Response), Object(CodeIgniter\Log\Logger))
 3 SYSTEMPATH\CodeIgniter.php(904): App\Controllers\DashboardController->initController(Object(CodeIgniter\HTTP\IncomingRequest), Object(CodeIgniter\HTTP\Response), Object(CodeIgniter\Log\Logger))
 4 SYSTEMPATH\CodeIgniter.php(498): CodeIgniter\CodeIgniter->createController()
 5 SYSTEMPATH\CodeIgniter.php(354): CodeIgniter\CodeIgniter->handleRequest(null, Object(Config\Cache), false)
 6 SYSTEMPATH\Boot.php(363): CodeIgniter\CodeIgniter->run()
 7 SYSTEMPATH\Boot.php(68): CodeIgniter\Boot::runCodeIgniter(Object(CodeIgniter\CodeIgniter))
 8 FCPATH\index.php(67): CodeIgniter\Boot::bootWeb(Object(Config\Paths))
WARNING - 2026-02-19 05:50:38 --> [DEPRECATED] Creation of dynamic property App\Models\CartModel::$builderCheckouts is deprecated in APPPATH\Models\CartModel.php on line 15.
 1 APPPATH\Controllers\BaseController.php(147): App\Models\CartModel->__construct()
 2 APPPATH\Controllers\AjaxController.php(20): App\Controllers\BaseController->initController(Object(CodeIgniter\HTTP\IncomingRequest), Object(CodeIgniter\HTTP\Response), Object(CodeIgniter\Log\Logger))
 3 SYSTEMPATH\CodeIgniter.php(904): App\Controllers\AjaxController->initController(Object(CodeIgniter\HTTP\IncomingRequest), Object(CodeIgniter\HTTP\Response), Object(CodeIgniter\Log\Logger))
 4 SYSTEMPATH\CodeIgniter.php(498): CodeIgniter\CodeIgniter->createController()
 5 SYSTEMPATH\CodeIgniter.php(354): CodeIgniter\CodeIgniter->handleRequest(null, Object(Config\Cache), false)
 6 SYSTEMPATH\Boot.php(363): CodeIgniter\CodeIgniter->run()
 7 SYSTEMPATH\Boot.php(68): CodeIgniter\Boot::runCodeIgniter(Object(CodeIgniter\CodeIgniter))
 8 FCPATH\index.php(67): CodeIgniter\Boot::bootWeb(Object(Config\Paths))
WARNING - 2026-02-19 05:50:38 --> [DEPRECATED] Creation of dynamic property App\Models\CartModel::$builderCheckoutItems is deprecated in APPPATH\Models\CartModel.php on line 16.
 1 APPPATH\Controllers\BaseController.php(147): App\Models\CartModel->__construct()
 2 APPPATH\Controllers\AjaxController.php(20): App\Controllers\BaseController->initController(Object(CodeIgniter\HTTP\IncomingRequest), Object(CodeIgniter\HTTP\Response), Object(CodeIgniter\Log\Logger))
 3 SYSTEMPATH\CodeIgniter.php(904): App\Controllers\AjaxController->initController(Object(CodeIgniter\HTTP\IncomingRequest), Object(CodeIgniter\HTTP\Response), Object(CodeIgniter\Log\Logger))
 4 SYSTEMPATH\CodeIgniter.php(498): CodeIgniter\CodeIgniter->createController()
 5 SYSTEMPATH\CodeIgniter.php(354): CodeIgniter\CodeIgniter->handleRequest(null, Object(Config\Cache), false)
 6 SYSTEMPATH\Boot.php(363): CodeIgniter\CodeIgniter->run()
 7 SYSTEMPATH\Boot.php(68): CodeIgniter\Boot::runCodeIgniter(Object(CodeIgniter\CodeIgniter))
 8 FCPATH\index.php(67): CodeIgniter\Boot::bootWeb(Object(Config\Paths))
WARNING - 2026-02-19 05:50:38 --> [DEPRECATED] Creation of dynamic property App\Models\CartModel::$builderPaymentMethods is deprecated in APPPATH\Models\CartModel.php on line 17.
 1 APPPATH\Controllers\BaseController.php(147): App\Models\CartModel->__construct()
 2 APPPATH\Controllers\AjaxController.php(20): App\Controllers\BaseController->initController(Object(CodeIgniter\HTTP\IncomingRequest), Object(CodeIgniter\HTTP\Response), Object(CodeIgniter\Log\Logger))
 3 SYSTEMPATH\CodeIgniter.php(904): App\Controllers\AjaxController->initController(Object(CodeIgniter\HTTP\IncomingRequest), Object(CodeIgniter\HTTP\Response), Object(CodeIgniter\Log\Logger))
 4 SYSTEMPATH\CodeIgniter.php(498): CodeIgniter\CodeIgniter->createController()
 5 SYSTEMPATH\CodeIgniter.php(354): CodeIgniter\CodeIgniter->handleRequest(null, Object(Config\Cache), false)
 6 SYSTEMPATH\Boot.php(363): CodeIgniter\CodeIgniter->run()
 7 SYSTEMPATH\Boot.php(68): CodeIgniter\Boot::runCodeIgniter(Object(CodeIgniter\CodeIgniter))
 8 FCPATH\index.php(67): CodeIgniter\Boot::bootWeb(Object(Config\Paths))
WARNING - 2026-02-19 05:50:41 --> [DEPRECATED] Creation of dynamic property App\Models\CartModel::$builderCheckouts is deprecated in APPPATH\Models\CartModel.php on line 15.
 1 APPPATH\Controllers\BaseController.php(147): App\Models\CartModel->__construct()
 2 APPPATH\Controllers\DashboardController.php(41): App\Controllers\BaseController->initController(Object(CodeIgniter\HTTP\IncomingRequest), Object(CodeIgniter\HTTP\Response), Object(CodeIgniter\Log\Logger))
 3 SYSTEMPATH\CodeIgniter.php(904): App\Controllers\DashboardController->initController(Object(CodeIgniter\HTTP\IncomingRequest), Object(CodeIgniter\HTTP\Response), Object(CodeIgniter\Log\Logger))
 4 SYSTEMPATH\CodeIgniter.php(498): CodeIgniter\CodeIgniter->createController()
 5 SYSTEMPATH\CodeIgniter.php(354): CodeIgniter\CodeIgniter->handleRequest(null, Object(Config\Cache), false)
 6 SYSTEMPATH\Boot.php(363): CodeIgniter\CodeIgniter->run()
 7 SYSTEMPATH\Boot.php(68): CodeIgniter\Boot::runCodeIgniter(Object(CodeIgniter\CodeIgniter))
 8 FCPATH\index.php(67): CodeIgniter\Boot::bootWeb(Object(Config\Paths))
WARNING - 2026-02-19 05:50:41 --> [DEPRECATED] Creation of dynamic property App\Models\CartModel::$builderCheckoutItems is deprecated in APPPATH\Models\CartModel.php on line 16.
 1 APPPATH\Controllers\BaseController.php(147): App\Models\CartModel->__construct()
 2 APPPATH\Controllers\DashboardController.php(41): App\Controllers\BaseController->initController(Object(CodeIgniter\HTTP\IncomingRequest), Object(CodeIgniter\HTTP\Response), Object(CodeIgniter\Log\Logger))
 3 SYSTEMPATH\CodeIgniter.php(904): App\Controllers\DashboardController->initController(Object(CodeIgniter\HTTP\IncomingRequest), Object(CodeIgniter\HTTP\Response), Object(CodeIgniter\Log\Logger))
 4 SYSTEMPATH\CodeIgniter.php(498): CodeIgniter\CodeIgniter->createController()
 5 SYSTEMPATH\CodeIgniter.php(354): CodeIgniter\CodeIgniter->handleRequest(null, Object(Config\Cache), false)
 6 SYSTEMPATH\Boot.php(363): CodeIgniter\CodeIgniter->run()
 7 SYSTEMPATH\Boot.php(68): CodeIgniter\Boot::runCodeIgniter(Object(CodeIgniter\CodeIgniter))
 8 FCPATH\index.php(67): CodeIgniter\Boot::bootWeb(Object(Config\Paths))
WARNING - 2026-02-19 05:50:41 --> [DEPRECATED] Creation of dynamic property App\Models\CartModel::$builderPaymentMethods is deprecated in APPPATH\Models\CartModel.php on line 17.
 1 APPPATH\Controllers\BaseController.php(147): App\Models\CartModel->__construct()
 2 APPPATH\Controllers\DashboardController.php(41): App\Controllers\BaseController->initController(Object(CodeIgniter\HTTP\IncomingRequest), Object(CodeIgniter\HTTP\Response), Object(CodeIgniter\Log\Logger))
 3 SYSTEMPATH\CodeIgniter.php(904): App\Controllers\DashboardController->initController(Object(CodeIgniter\HTTP\IncomingRequest), Object(CodeIgniter\HTTP\Response), Object(CodeIgniter\Log\Logger))
 4 SYSTEMPATH\CodeIgniter.php(498): CodeIgniter\CodeIgniter->createController()
 5 SYSTEMPATH\CodeIgniter.php(354): CodeIgniter\CodeIgniter->handleRequest(null, Object(Config\Cache), false)
 6 SYSTEMPATH\Boot.php(363): CodeIgniter\CodeIgniter->run()
 7 SYSTEMPATH\Boot.php(68): CodeIgniter\Boot::runCodeIgniter(Object(CodeIgniter\CodeIgniter))
 8 FCPATH\index.php(67): CodeIgniter\Boot::bootWeb(Object(Config\Paths))
WARNING - 2026-02-19 05:50:41 --> [DEPRECATED] Creation of dynamic property App\Models\CartModel::$builderCheckouts is deprecated in APPPATH\Models\CartModel.php on line 15.
 1 APPPATH\Controllers\BaseController.php(147): App\Models\CartModel->__construct()
 2 APPPATH\Controllers\AjaxController.php(20): App\Controllers\BaseController->initController(Object(CodeIgniter\HTTP\IncomingRequest), Object(CodeIgniter\HTTP\Response), Object(CodeIgniter\Log\Logger))
 3 SYSTEMPATH\CodeIgniter.php(904): App\Controllers\AjaxController->initController(Object(CodeIgniter\HTTP\IncomingRequest), Object(CodeIgniter\HTTP\Response), Object(CodeIgniter\Log\Logger))
 4 SYSTEMPATH\CodeIgniter.php(498): CodeIgniter\CodeIgniter->createController()
 5 SYSTEMPATH\CodeIgniter.php(354): CodeIgniter\CodeIgniter->handleRequest(null, Object(Config\Cache), false)
 6 SYSTEMPATH\Boot.php(363): CodeIgniter\CodeIgniter->run()
 7 SYSTEMPATH\Boot.php(68): CodeIgniter\Boot::runCodeIgniter(Object(CodeIgniter\CodeIgniter))
 8 FCPATH\index.php(67): CodeIgniter\Boot::bootWeb(Object(Config\Paths))
WARNING - 2026-02-19 05:50:41 --> [DEPRECATED] Creation of dynamic property App\Models\CartModel::$builderCheckoutItems is deprecated in APPPATH\Models\CartModel.php on line 16.
 1 APPPATH\Controllers\BaseController.php(147): App\Models\CartModel->__construct()
 2 APPPATH\Controllers\AjaxController.php(20): App\Controllers\BaseController->initController(Object(CodeIgniter\HTTP\IncomingRequest), Object(CodeIgniter\HTTP\Response), Object(CodeIgniter\Log\Logger))
 3 SYSTEMPATH\CodeIgniter.php(904): App\Controllers\AjaxController->initController(Object(CodeIgniter\HTTP\IncomingRequest), Object(CodeIgniter\HTTP\Response), Object(CodeIgniter\Log\Logger))
 4 SYSTEMPATH\CodeIgniter.php(498): CodeIgniter\CodeIgniter->createController()
 5 SYSTEMPATH\CodeIgniter.php(354): CodeIgniter\CodeIgniter->handleRequest(null, Object(Config\Cache), false)
 6 SYSTEMPATH\Boot.php(363): CodeIgniter\CodeIgniter->run()
 7 SYSTEMPATH\Boot.php(68): CodeIgniter\Boot::runCodeIgniter(Object(CodeIgniter\CodeIgniter))
 8 FCPATH\index.php(67): CodeIgniter\Boot::bootWeb(Object(Config\Paths))
WARNING - 2026-02-19 05:50:41 --> [DEPRECATED] Creation of dynamic property App\Models\CartModel::$builderPaymentMethods is deprecated in APPPATH\Models\CartModel.php on line 17.
 1 APPPATH\Controllers\BaseController.php(147): App\Models\CartModel->__construct()
 2 APPPATH\Controllers\AjaxController.php(20): App\Controllers\BaseController->initController(Object(CodeIgniter\HTTP\IncomingRequest), Object(CodeIgniter\HTTP\Response), Object(CodeIgniter\Log\Logger))
 3 SYSTEMPATH\CodeIgniter.php(904): App\Controllers\AjaxController->initController(Object(CodeIgniter\HTTP\IncomingRequest), Object(CodeIgniter\HTTP\Response), Object(CodeIgniter\Log\Logger))
 4 SYSTEMPATH\CodeIgniter.php(498): CodeIgniter\CodeIgniter->createController()
 5 SYSTEMPATH\CodeIgniter.php(354): CodeIgniter\CodeIgniter->handleRequest(null, Object(Config\Cache), false)
 6 SYSTEMPATH\Boot.php(363): CodeIgniter\CodeIgniter->run()
 7 SYSTEMPATH\Boot.php(68): CodeIgniter\Boot::runCodeIgniter(Object(CodeIgniter\CodeIgniter))
 8 FCPATH\index.php(67): CodeIgniter\Boot::bootWeb(Object(Config\Paths))
WARNING - 2026-02-19 05:50:44 --> [DEPRECATED] Creation of dynamic property App\Models\CartModel::$builderCheckouts is deprecated in APPPATH\Models\CartModel.php on line 15.
 1 APPPATH\Controllers\BaseController.php(147): App\Models\CartModel->__construct()
 2 APPPATH\Controllers\HomeController.php(35): App\Controllers\BaseController->initController(Object(CodeIgniter\HTTP\IncomingRequest), Object(CodeIgniter\HTTP\Response), Object(CodeIgniter\Log\Logger))
 3 SYSTEMPATH\CodeIgniter.php(904): App\Controllers\HomeController->initController(Object(CodeIgniter\HTTP\IncomingRequest), Object(CodeIgniter\HTTP\Response), Object(CodeIgniter\Log\Logger))
 4 SYSTEMPATH\CodeIgniter.php(498): CodeIgniter\CodeIgniter->createController()
 5 SYSTEMPATH\CodeIgniter.php(354): CodeIgniter\CodeIgniter->handleRequest(null, Object(Config\Cache), false)
 6 SYSTEMPATH\Boot.php(363): CodeIgniter\CodeIgniter->run()
 7 SYSTEMPATH\Boot.php(68): CodeIgniter\Boot::runCodeIgniter(Object(CodeIgniter\CodeIgniter))
 8 FCPATH\index.php(67): CodeIgniter\Boot::bootWeb(Object(Config\Paths))
WARNING - 2026-02-19 05:50:44 --> [DEPRECATED] Creation of dynamic property App\Models\CartModel::$builderCheckoutItems is deprecated in APPPATH\Models\CartModel.php on line 16.
 1 APPPATH\Controllers\BaseController.php(147): App\Models\CartModel->__construct()
 2 APPPATH\Controllers\HomeController.php(35): App\Controllers\BaseController->initController(Object(CodeIgniter\HTTP\IncomingRequest), Object(CodeIgniter\HTTP\Response), Object(CodeIgniter\Log\Logger))
 3 SYSTEMPATH\CodeIgniter.php(904): App\Controllers\HomeController->initController(Object(CodeIgniter\HTTP\IncomingRequest), Object(CodeIgniter\HTTP\Response), Object(CodeIgniter\Log\Logger))
 4 SYSTEMPATH\CodeIgniter.php(498): CodeIgniter\CodeIgniter->createController()
 5 SYSTEMPATH\CodeIgniter.php(354): CodeIgniter\CodeIgniter->handleRequest(null, Object(Config\Cache), false)
 6 SYSTEMPATH\Boot.php(363): CodeIgniter\CodeIgniter->run()
 7 SYSTEMPATH\Boot.php(68): CodeIgniter\Boot::runCodeIgniter(Object(CodeIgniter\CodeIgniter))
 8 FCPATH\index.php(67): CodeIgniter\Boot::bootWeb(Object(Config\Paths))
WARNING - 2026-02-19 05:50:44 --> [DEPRECATED] Creation of dynamic property App\Models\CartModel::$builderPaymentMethods is deprecated in APPPATH\Models\CartModel.php on line 17.
 1 APPPATH\Controllers\BaseController.php(147): App\Models\CartModel->__construct()
 2 APPPATH\Controllers\HomeController.php(35): App\Controllers\BaseController->initController(Object(CodeIgniter\HTTP\IncomingRequest), Object(CodeIgniter\HTTP\Response), Object(CodeIgniter\Log\Logger))
 3 SYSTEMPATH\CodeIgniter.php(904): App\Controllers\HomeController->initController(Object(CodeIgniter\HTTP\IncomingRequest), Object(CodeIgniter\HTTP\Response), Object(CodeIgniter\Log\Logger))
 4 SYSTEMPATH\CodeIgniter.php(498): CodeIgniter\CodeIgniter->createController()
 5 SYSTEMPATH\CodeIgniter.php(354): CodeIgniter\CodeIgniter->handleRequest(null, Object(Config\Cache), false)
 6 SYSTEMPATH\Boot.php(363): CodeIgniter\CodeIgniter->run()
 7 SYSTEMPATH\Boot.php(68): CodeIgniter\Boot::runCodeIgniter(Object(CodeIgniter\CodeIgniter))
 8 FCPATH\index.php(67): CodeIgniter\Boot::bootWeb(Object(Config\Paths))
WARNING - 2026-02-19 05:52:36 --> [DEPRECATED] Creation of dynamic property App\Models\CartModel::$builderCheckouts is deprecated in APPPATH\Models\CartModel.php on line 15.
 1 APPPATH\Controllers\BaseController.php(147): App\Models\CartModel->__construct()
 2 APPPATH\Controllers\HomeController.php(35): App\Controllers\BaseController->initController(Object(CodeIgniter\HTTP\IncomingRequest), Object(CodeIgniter\HTTP\Response), Object(CodeIgniter\Log\Logger))
 3 SYSTEMPATH\CodeIgniter.php(904): App\Controllers\HomeController->initController(Object(CodeIgniter\HTTP\IncomingRequest), Object(CodeIgniter\HTTP\Response), Object(CodeIgniter\Log\Logger))
 4 SYSTEMPATH\CodeIgniter.php(498): CodeIgniter\CodeIgniter->createController()
 5 SYSTEMPATH\CodeIgniter.php(354): CodeIgniter\CodeIgniter->handleRequest(null, Object(Config\Cache), false)
 6 SYSTEMPATH\Boot.php(363): CodeIgniter\CodeIgniter->run()
 7 SYSTEMPATH\Boot.php(68): CodeIgniter\Boot::runCodeIgniter(Object(CodeIgniter\CodeIgniter))
 8 FCPATH\index.php(67): CodeIgniter\Boot::bootWeb(Object(Config\Paths))
WARNING - 2026-02-19 05:52:36 --> [DEPRECATED] Creation of dynamic property App\Models\CartModel::$builderCheckoutItems is deprecated in APPPATH\Models\CartModel.php on line 16.
 1 APPPATH\Controllers\BaseController.php(147): App\Models\CartModel->__construct()
 2 APPPATH\Controllers\HomeController.php(35): App\Controllers\BaseController->initController(Object(CodeIgniter\HTTP\IncomingRequest), Object(CodeIgniter\HTTP\Response), Object(CodeIgniter\Log\Logger))
 3 SYSTEMPATH\CodeIgniter.php(904): App\Controllers\HomeController->initController(Object(CodeIgniter\HTTP\IncomingRequest), Object(CodeIgniter\HTTP\Response), Object(CodeIgniter\Log\Logger))
 4 SYSTEMPATH\CodeIgniter.php(498): CodeIgniter\CodeIgniter->createController()
 5 SYSTEMPATH\CodeIgniter.php(354): CodeIgniter\CodeIgniter->handleRequest(null, Object(Config\Cache), false)
 6 SYSTEMPATH\Boot.php(363): CodeIgniter\CodeIgniter->run()
 7 SYSTEMPATH\Boot.php(68): CodeIgniter\Boot::runCodeIgniter(Object(CodeIgniter\CodeIgniter))
 8 FCPATH\index.php(67): CodeIgniter\Boot::bootWeb(Object(Config\Paths))
WARNING - 2026-02-19 05:52:36 --> [DEPRECATED] Creation of dynamic property App\Models\CartModel::$builderPaymentMethods is deprecated in APPPATH\Models\CartModel.php on line 17.
 1 APPPATH\Controllers\BaseController.php(147): App\Models\CartModel->__construct()
 2 APPPATH\Controllers\HomeController.php(35): App\Controllers\BaseController->initController(Object(CodeIgniter\HTTP\IncomingRequest), Object(CodeIgniter\HTTP\Response), Object(CodeIgniter\Log\Logger))
 3 SYSTEMPATH\CodeIgniter.php(904): App\Controllers\HomeController->initController(Object(CodeIgniter\HTTP\IncomingRequest), Object(CodeIgniter\HTTP\Response), Object(CodeIgniter\Log\Logger))
 4 SYSTEMPATH\CodeIgniter.php(498): CodeIgniter\CodeIgniter->createController()
 5 SYSTEMPATH\CodeIgniter.php(354): CodeIgniter\CodeIgniter->handleRequest(null, Object(Config\Cache), false)
 6 SYSTEMPATH\Boot.php(363): CodeIgniter\CodeIgniter->run()
 7 SYSTEMPATH\Boot.php(68): CodeIgniter\Boot::runCodeIgniter(Object(CodeIgniter\CodeIgniter))
 8 FCPATH\index.php(67): CodeIgniter\Boot::bootWeb(Object(Config\Paths))
WARNING - 2026-02-19 05:56:16 --> [DEPRECATED] Creation of dynamic property App\Models\CartModel::$builderCheckouts is deprecated in APPPATH\Models\CartModel.php on line 15.
 1 APPPATH\Controllers\BaseController.php(147): App\Models\CartModel->__construct()
 2 APPPATH\Controllers\HomeController.php(35): App\Controllers\BaseController->initController(Object(CodeIgniter\HTTP\IncomingRequest), Object(CodeIgniter\HTTP\Response), Object(CodeIgniter\Log\Logger))
 3 SYSTEMPATH\CodeIgniter.php(904): App\Controllers\HomeController->initController(Object(CodeIgniter\HTTP\IncomingRequest), Object(CodeIgniter\HTTP\Response), Object(CodeIgniter\Log\Logger))
 4 SYSTEMPATH\CodeIgniter.php(498): CodeIgniter\CodeIgniter->createController()
 5 SYSTEMPATH\CodeIgniter.php(354): CodeIgniter\CodeIgniter->handleRequest(null, Object(Config\Cache), false)
 6 SYSTEMPATH\Boot.php(363): CodeIgniter\CodeIgniter->run()
 7 SYSTEMPATH\Boot.php(68): CodeIgniter\Boot::runCodeIgniter(Object(CodeIgniter\CodeIgniter))
 8 FCPATH\index.php(67): CodeIgniter\Boot::bootWeb(Object(Config\Paths))
WARNING - 2026-02-19 05:56:16 --> [DEPRECATED] Creation of dynamic property App\Models\CartModel::$builderCheckoutItems is deprecated in APPPATH\Models\CartModel.php on line 16.
 1 APPPATH\Controllers\BaseController.php(147): App\Models\CartModel->__construct()
 2 APPPATH\Controllers\HomeController.php(35): App\Controllers\BaseController->initController(Object(CodeIgniter\HTTP\IncomingRequest), Object(CodeIgniter\HTTP\Response), Object(CodeIgniter\Log\Logger))
 3 SYSTEMPATH\CodeIgniter.php(904): App\Controllers\HomeController->initController(Object(CodeIgniter\HTTP\IncomingRequest), Object(CodeIgniter\HTTP\Response), Object(CodeIgniter\Log\Logger))
 4 SYSTEMPATH\CodeIgniter.php(498): CodeIgniter\CodeIgniter->createController()
 5 SYSTEMPATH\CodeIgniter.php(354): CodeIgniter\CodeIgniter->handleRequest(null, Object(Config\Cache), false)
 6 SYSTEMPATH\Boot.php(363): CodeIgniter\CodeIgniter->run()
 7 SYSTEMPATH\Boot.php(68): CodeIgniter\Boot::runCodeIgniter(Object(CodeIgniter\CodeIgniter))
 8 FCPATH\index.php(67): CodeIgniter\Boot::bootWeb(Object(Config\Paths))
WARNING - 2026-02-19 05:56:16 --> [DEPRECATED] Creation of dynamic property App\Models\CartModel::$builderPaymentMethods is deprecated in APPPATH\Models\CartModel.php on line 17.
 1 APPPATH\Controllers\BaseController.php(147): App\Models\CartModel->__construct()
 2 APPPATH\Controllers\HomeController.php(35): App\Controllers\BaseController->initController(Object(CodeIgniter\HTTP\IncomingRequest), Object(CodeIgniter\HTTP\Response), Object(CodeIgniter\Log\Logger))
 3 SYSTEMPATH\CodeIgniter.php(904): App\Controllers\HomeController->initController(Object(CodeIgniter\HTTP\IncomingRequest), Object(CodeIgniter\HTTP\Response), Object(CodeIgniter\Log\Logger))
 4 SYSTEMPATH\CodeIgniter.php(498): CodeIgniter\CodeIgniter->createController()
 5 SYSTEMPATH\CodeIgniter.php(354): CodeIgniter\CodeIgniter->handleRequest(null, Object(Config\Cache), false)
 6 SYSTEMPATH\Boot.php(363): CodeIgniter\CodeIgniter->run()
 7 SYSTEMPATH\Boot.php(68): CodeIgniter\Boot::runCodeIgniter(Object(CodeIgniter\CodeIgniter))
 8 FCPATH\index.php(67): CodeIgniter\Boot::bootWeb(Object(Config\Paths))
WARNING - 2026-02-19 05:56:26 --> [DEPRECATED] Creation of dynamic property App\Models\CartModel::$builderCheckouts is deprecated in APPPATH\Models\CartModel.php on line 15.
 1 APPPATH\Controllers\BaseController.php(147): App\Models\CartModel->__construct()
 2 APPPATH\Controllers\HomeController.php(35): App\Controllers\BaseController->initController(Object(CodeIgniter\HTTP\IncomingRequest), Object(CodeIgniter\HTTP\Response), Object(CodeIgniter\Log\Logger))
 3 SYSTEMPATH\CodeIgniter.php(904): App\Controllers\HomeController->initController(Object(CodeIgniter\HTTP\IncomingRequest), Object(CodeIgniter\HTTP\Response), Object(CodeIgniter\Log\Logger))
 4 SYSTEMPATH\CodeIgniter.php(498): CodeIgniter\CodeIgniter->createController()
 5 SYSTEMPATH\CodeIgniter.php(354): CodeIgniter\CodeIgniter->handleRequest(null, Object(Config\Cache), false)
 6 SYSTEMPATH\Boot.php(363): CodeIgniter\CodeIgniter->run()
 7 SYSTEMPATH\Boot.php(68): CodeIgniter\Boot::runCodeIgniter(Object(CodeIgniter\CodeIgniter))
 8 FCPATH\index.php(67): CodeIgniter\Boot::bootWeb(Object(Config\Paths))
WARNING - 2026-02-19 05:56:26 --> [DEPRECATED] Creation of dynamic property App\Models\CartModel::$builderCheckoutItems is deprecated in APPPATH\Models\CartModel.php on line 16.
 1 APPPATH\Controllers\BaseController.php(147): App\Models\CartModel->__construct()
 2 APPPATH\Controllers\HomeController.php(35): App\Controllers\BaseController->initController(Object(CodeIgniter\HTTP\IncomingRequest), Object(CodeIgniter\HTTP\Response), Object(CodeIgniter\Log\Logger))
 3 SYSTEMPATH\CodeIgniter.php(904): App\Controllers\HomeController->initController(Object(CodeIgniter\HTTP\IncomingRequest), Object(CodeIgniter\HTTP\Response), Object(CodeIgniter\Log\Logger))
 4 SYSTEMPATH\CodeIgniter.php(498): CodeIgniter\CodeIgniter->createController()
 5 SYSTEMPATH\CodeIgniter.php(354): CodeIgniter\CodeIgniter->handleRequest(null, Object(Config\Cache), false)
 6 SYSTEMPATH\Boot.php(363): CodeIgniter\CodeIgniter->run()
 7 SYSTEMPATH\Boot.php(68): CodeIgniter\Boot::runCodeIgniter(Object(CodeIgniter\CodeIgniter))
 8 FCPATH\index.php(67): CodeIgniter\Boot::bootWeb(Object(Config\Paths))
WARNING - 2026-02-19 05:56:26 --> [DEPRECATED] Creation of dynamic property App\Models\CartModel::$builderPaymentMethods is deprecated in APPPATH\Models\CartModel.php on line 17.
 1 APPPATH\Controllers\BaseController.php(147): App\Models\CartModel->__construct()
 2 APPPATH\Controllers\HomeController.php(35): App\Controllers\BaseController->initController(Object(CodeIgniter\HTTP\IncomingRequest), Object(CodeIgniter\HTTP\Response), Object(CodeIgniter\Log\Logger))
 3 SYSTEMPATH\CodeIgniter.php(904): App\Controllers\HomeController->initController(Object(CodeIgniter\HTTP\IncomingRequest), Object(CodeIgniter\HTTP\Response), Object(CodeIgniter\Log\Logger))
 4 SYSTEMPATH\CodeIgniter.php(498): CodeIgniter\CodeIgniter->createController()
 5 SYSTEMPATH\CodeIgniter.php(354): CodeIgniter\CodeIgniter->handleRequest(null, Object(Config\Cache), false)
 6 SYSTEMPATH\Boot.php(363): CodeIgniter\CodeIgniter->run()
 7 SYSTEMPATH\Boot.php(68): CodeIgniter\Boot::runCodeIgniter(Object(CodeIgniter\CodeIgniter))
 8 FCPATH\index.php(67): CodeIgniter\Boot::bootWeb(Object(Config\Paths))
WARNING - 2026-02-19 05:57:16 --> [DEPRECATED] Creation of dynamic property App\Models\CartModel::$builderCheckouts is deprecated in APPPATH\Models\CartModel.php on line 15.
 1 APPPATH\Controllers\BaseController.php(147): App\Models\CartModel->__construct()
 2 APPPATH\Controllers\HomeController.php(35): App\Controllers\BaseController->initController(Object(CodeIgniter\HTTP\IncomingRequest), Object(CodeIgniter\HTTP\Response), Object(CodeIgniter\Log\Logger))
 3 SYSTEMPATH\CodeIgniter.php(904): App\Controllers\HomeController->initController(Object(CodeIgniter\HTTP\IncomingRequest), Object(CodeIgniter\HTTP\Response), Object(CodeIgniter\Log\Logger))
 4 SYSTEMPATH\CodeIgniter.php(498): CodeIgniter\CodeIgniter->createController()
 5 SYSTEMPATH\CodeIgniter.php(354): CodeIgniter\CodeIgniter->handleRequest(null, Object(Config\Cache), false)
 6 SYSTEMPATH\Boot.php(363): CodeIgniter\CodeIgniter->run()
 7 SYSTEMPATH\Boot.php(68): CodeIgniter\Boot::runCodeIgniter(Object(CodeIgniter\CodeIgniter))
 8 FCPATH\index.php(67): CodeIgniter\Boot::bootWeb(Object(Config\Paths))
WARNING - 2026-02-19 05:57:16 --> [DEPRECATED] Creation of dynamic property App\Models\CartModel::$builderCheckoutItems is deprecated in APPPATH\Models\CartModel.php on line 16.
 1 APPPATH\Controllers\BaseController.php(147): App\Models\CartModel->__construct()
 2 APPPATH\Controllers\HomeController.php(35): App\Controllers\BaseController->initController(Object(CodeIgniter\HTTP\IncomingRequest), Object(CodeIgniter\HTTP\Response), Object(CodeIgniter\Log\Logger))
 3 SYSTEMPATH\CodeIgniter.php(904): App\Controllers\HomeController->initController(Object(CodeIgniter\HTTP\IncomingRequest), Object(CodeIgniter\HTTP\Response), Object(CodeIgniter\Log\Logger))
 4 SYSTEMPATH\CodeIgniter.php(498): CodeIgniter\CodeIgniter->createController()
 5 SYSTEMPATH\CodeIgniter.php(354): CodeIgniter\CodeIgniter->handleRequest(null, Object(Config\Cache), false)
 6 SYSTEMPATH\Boot.php(363): CodeIgniter\CodeIgniter->run()
 7 SYSTEMPATH\Boot.php(68): CodeIgniter\Boot::runCodeIgniter(Object(CodeIgniter\CodeIgniter))
 8 FCPATH\index.php(67): CodeIgniter\Boot::bootWeb(Object(Config\Paths))
WARNING - 2026-02-19 05:57:16 --> [DEPRECATED] Creation of dynamic property App\Models\CartModel::$builderPaymentMethods is deprecated in APPPATH\Models\CartModel.php on line 17.
 1 APPPATH\Controllers\BaseController.php(147): App\Models\CartModel->__construct()
 2 APPPATH\Controllers\HomeController.php(35): App\Controllers\BaseController->initController(Object(CodeIgniter\HTTP\IncomingRequest), Object(CodeIgniter\HTTP\Response), Object(CodeIgniter\Log\Logger))
 3 SYSTEMPATH\CodeIgniter.php(904): App\Controllers\HomeController->initController(Object(CodeIgniter\HTTP\IncomingRequest), Object(CodeIgniter\HTTP\Response), Object(CodeIgniter\Log\Logger))
 4 SYSTEMPATH\CodeIgniter.php(498): CodeIgniter\CodeIgniter->createController()
 5 SYSTEMPATH\CodeIgniter.php(354): CodeIgniter\CodeIgniter->handleRequest(null, Object(Config\Cache), false)
 6 SYSTEMPATH\Boot.php(363): CodeIgniter\CodeIgniter->run()
 7 SYSTEMPATH\Boot.php(68): CodeIgniter\Boot::runCodeIgniter(Object(CodeIgniter\CodeIgniter))
 8 FCPATH\index.php(67): CodeIgniter\Boot::bootWeb(Object(Config\Paths))
WARNING - 2026-02-19 06:38:36 --> [DEPRECATED] Creation of dynamic property App\Models\CartModel::$builderCheckouts is deprecated in APPPATH\Models\CartModel.php on line 15.
 1 APPPATH\Controllers\BaseController.php(147): App\Models\CartModel->__construct()
 2 APPPATH\Controllers\HomeController.php(35): App\Controllers\BaseController->initController(Object(CodeIgniter\HTTP\IncomingRequest), Object(CodeIgniter\HTTP\Response), Object(CodeIgniter\Log\Logger))
 3 SYSTEMPATH\CodeIgniter.php(904): App\Controllers\HomeController->initController(Object(CodeIgniter\HTTP\IncomingRequest), Object(CodeIgniter\HTTP\Response), Object(CodeIgniter\Log\Logger))
 4 SYSTEMPATH\CodeIgniter.php(498): CodeIgniter\CodeIgniter->createController()
 5 SYSTEMPATH\CodeIgniter.php(354): CodeIgniter\CodeIgniter->handleRequest(null, Object(Config\Cache), false)
 6 SYSTEMPATH\Boot.php(363): CodeIgniter\CodeIgniter->run()
 7 SYSTEMPATH\Boot.php(68): CodeIgniter\Boot::runCodeIgniter(Object(CodeIgniter\CodeIgniter))
 8 FCPATH\index.php(67): CodeIgniter\Boot::bootWeb(Object(Config\Paths))
WARNING - 2026-02-19 06:38:36 --> [DEPRECATED] Creation of dynamic property App\Models\CartModel::$builderCheckoutItems is deprecated in APPPATH\Models\CartModel.php on line 16.
 1 APPPATH\Controllers\BaseController.php(147): App\Models\CartModel->__construct()
 2 APPPATH\Controllers\HomeController.php(35): App\Controllers\BaseController->initController(Object(CodeIgniter\HTTP\IncomingRequest), Object(CodeIgniter\HTTP\Response), Object(CodeIgniter\Log\Logger))
 3 SYSTEMPATH\CodeIgniter.php(904): App\Controllers\HomeController->initController(Object(CodeIgniter\HTTP\IncomingRequest), Object(CodeIgniter\HTTP\Response), Object(CodeIgniter\Log\Logger))
 4 SYSTEMPATH\CodeIgniter.php(498): CodeIgniter\CodeIgniter->createController()
 5 SYSTEMPATH\CodeIgniter.php(354): CodeIgniter\CodeIgniter->handleRequest(null, Object(Config\Cache), false)
 6 SYSTEMPATH\Boot.php(363): CodeIgniter\CodeIgniter->run()
 7 SYSTEMPATH\Boot.php(68): CodeIgniter\Boot::runCodeIgniter(Object(CodeIgniter\CodeIgniter))
 8 FCPATH\index.php(67): CodeIgniter\Boot::bootWeb(Object(Config\Paths))
WARNING - 2026-02-19 06:38:36 --> [DEPRECATED] Creation of dynamic property App\Models\CartModel::$builderPaymentMethods is deprecated in APPPATH\Models\CartModel.php on line 17.
 1 APPPATH\Controllers\BaseController.php(147): App\Models\CartModel->__construct()
 2 APPPATH\Controllers\HomeController.php(35): App\Controllers\BaseController->initController(Object(CodeIgniter\HTTP\IncomingRequest), Object(CodeIgniter\HTTP\Response), Object(CodeIgniter\Log\Logger))
 3 SYSTEMPATH\CodeIgniter.php(904): App\Controllers\HomeController->initController(Object(CodeIgniter\HTTP\IncomingRequest), Object(CodeIgniter\HTTP\Response), Object(CodeIgniter\Log\Logger))
 4 SYSTEMPATH\CodeIgniter.php(498): CodeIgniter\CodeIgniter->createController()
 5 SYSTEMPATH\CodeIgniter.php(354): CodeIgniter\CodeIgniter->handleRequest(null, Object(Config\Cache), false)
 6 SYSTEMPATH\Boot.php(363): CodeIgniter\CodeIgniter->run()
 7 SYSTEMPATH\Boot.php(68): CodeIgniter\Boot::runCodeIgniter(Object(CodeIgniter\CodeIgniter))
 8 FCPATH\index.php(67): CodeIgniter\Boot::bootWeb(Object(Config\Paths))
WARNING - 2026-02-19 07:39:43 --> [DEPRECATED] Creation of dynamic property App\Models\CartModel::$builderCheckouts is deprecated in APPPATH\Models\CartModel.php on line 15.
 1 APPPATH\Controllers\BaseController.php(147): App\Models\CartModel->__construct()
 2 APPPATH\Controllers\HomeController.php(35): App\Controllers\BaseController->initController(Object(CodeIgniter\HTTP\IncomingRequest), Object(CodeIgniter\HTTP\Response), Object(CodeIgniter\Log\Logger))
 3 SYSTEMPATH\CodeIgniter.php(904): App\Controllers\HomeController->initController(Object(CodeIgniter\HTTP\IncomingRequest), Object(CodeIgniter\HTTP\Response), Object(CodeIgniter\Log\Logger))
 4 SYSTEMPATH\CodeIgniter.php(498): CodeIgniter\CodeIgniter->createController()
 5 SYSTEMPATH\CodeIgniter.php(354): CodeIgniter\CodeIgniter->handleRequest(null, Object(Config\Cache), false)
 6 SYSTEMPATH\Boot.php(363): CodeIgniter\CodeIgniter->run()
 7 SYSTEMPATH\Boot.php(68): CodeIgniter\Boot::runCodeIgniter(Object(CodeIgniter\CodeIgniter))
 8 FCPATH\index.php(67): CodeIgniter\Boot::bootWeb(Object(Config\Paths))
WARNING - 2026-02-19 07:39:43 --> [DEPRECATED] Creation of dynamic property App\Models\CartModel::$builderCheckoutItems is deprecated in APPPATH\Models\CartModel.php on line 16.
 1 APPPATH\Controllers\BaseController.php(147): App\Models\CartModel->__construct()
 2 APPPATH\Controllers\HomeController.php(35): App\Controllers\BaseController->initController(Object(CodeIgniter\HTTP\IncomingRequest), Object(CodeIgniter\HTTP\Response), Object(CodeIgniter\Log\Logger))
 3 SYSTEMPATH\CodeIgniter.php(904): App\Controllers\HomeController->initController(Object(CodeIgniter\HTTP\IncomingRequest), Object(CodeIgniter\HTTP\Response), Object(CodeIgniter\Log\Logger))
 4 SYSTEMPATH\CodeIgniter.php(498): CodeIgniter\CodeIgniter->createController()
 5 SYSTEMPATH\CodeIgniter.php(354): CodeIgniter\CodeIgniter->handleRequest(null, Object(Config\Cache), false)
 6 SYSTEMPATH\Boot.php(363): CodeIgniter\CodeIgniter->run()
 7 SYSTEMPATH\Boot.php(68): CodeIgniter\Boot::runCodeIgniter(Object(CodeIgniter\CodeIgniter))
 8 FCPATH\index.php(67): CodeIgniter\Boot::bootWeb(Object(Config\Paths))
WARNING - 2026-02-19 07:39:43 --> [DEPRECATED] Creation of dynamic property App\Models\CartModel::$builderPaymentMethods is deprecated in APPPATH\Models\CartModel.php on line 17.
 1 APPPATH\Controllers\BaseController.php(147): App\Models\CartModel->__construct()
 2 APPPATH\Controllers\HomeController.php(35): App\Controllers\BaseController->initController(Object(CodeIgniter\HTTP\IncomingRequest), Object(CodeIgniter\HTTP\Response), Object(CodeIgniter\Log\Logger))
 3 SYSTEMPATH\CodeIgniter.php(904): App\Controllers\HomeController->initController(Object(CodeIgniter\HTTP\IncomingRequest), Object(CodeIgniter\HTTP\Response), Object(CodeIgniter\Log\Logger))
 4 SYSTEMPATH\CodeIgniter.php(498): CodeIgniter\CodeIgniter->createController()
 5 SYSTEMPATH\CodeIgniter.php(354): CodeIgniter\CodeIgniter->handleRequest(null, Object(Config\Cache), false)
 6 SYSTEMPATH\Boot.php(363): CodeIgniter\CodeIgniter->run()
 7 SYSTEMPATH\Boot.php(68): CodeIgniter\Boot::runCodeIgniter(Object(CodeIgniter\CodeIgniter))
 8 FCPATH\index.php(67): CodeIgniter\Boot::bootWeb(Object(Config\Paths))
WARNING - 2026-02-19 07:47:56 --> [DEPRECATED] Creation of dynamic property App\Models\CartModel::$builderCheckouts is deprecated in APPPATH\Models\CartModel.php on line 15.
 1 APPPATH\Controllers\BaseController.php(147): App\Models\CartModel->__construct()
 2 APPPATH\Controllers\HomeController.php(35): App\Controllers\BaseController->initController(Object(CodeIgniter\HTTP\IncomingRequest), Object(CodeIgniter\HTTP\Response), Object(CodeIgniter\Log\Logger))
 3 SYSTEMPATH\CodeIgniter.php(904): App\Controllers\HomeController->initController(Object(CodeIgniter\HTTP\IncomingRequest), Object(CodeIgniter\HTTP\Response), Object(CodeIgniter\Log\Logger))
 4 SYSTEMPATH\CodeIgniter.php(498): CodeIgniter\CodeIgniter->createController()
 5 SYSTEMPATH\CodeIgniter.php(354): CodeIgniter\CodeIgniter->handleRequest(null, Object(Config\Cache), false)
 6 SYSTEMPATH\Boot.php(363): CodeIgniter\CodeIgniter->run()
 7 SYSTEMPATH\Boot.php(68): CodeIgniter\Boot::runCodeIgniter(Object(CodeIgniter\CodeIgniter))
 8 FCPATH\index.php(67): CodeIgniter\Boot::bootWeb(Object(Config\Paths))
WARNING - 2026-02-19 07:47:56 --> [DEPRECATED] Creation of dynamic property App\Models\CartModel::$builderCheckoutItems is deprecated in APPPATH\Models\CartModel.php on line 16.
 1 APPPATH\Controllers\BaseController.php(147): App\Models\CartModel->__construct()
 2 APPPATH\Controllers\HomeController.php(35): App\Controllers\BaseController->initController(Object(CodeIgniter\HTTP\IncomingRequest), Object(CodeIgniter\HTTP\Response), Object(CodeIgniter\Log\Logger))
 3 SYSTEMPATH\CodeIgniter.php(904): App\Controllers\HomeController->initController(Object(CodeIgniter\HTTP\IncomingRequest), Object(CodeIgniter\HTTP\Response), Object(CodeIgniter\Log\Logger))
 4 SYSTEMPATH\CodeIgniter.php(498): CodeIgniter\CodeIgniter->createController()
 5 SYSTEMPATH\CodeIgniter.php(354): CodeIgniter\CodeIgniter->handleRequest(null, Object(Config\Cache), false)
 6 SYSTEMPATH\Boot.php(363): CodeIgniter\CodeIgniter->run()
 7 SYSTEMPATH\Boot.php(68): CodeIgniter\Boot::runCodeIgniter(Object(CodeIgniter\CodeIgniter))
 8 FCPATH\index.php(67): CodeIgniter\Boot::bootWeb(Object(Config\Paths))
WARNING - 2026-02-19 07:47:56 --> [DEPRECATED] Creation of dynamic property App\Models\CartModel::$builderPaymentMethods is deprecated in APPPATH\Models\CartModel.php on line 17.
 1 APPPATH\Controllers\BaseController.php(147): App\Models\CartModel->__construct()
 2 APPPATH\Controllers\HomeController.php(35): App\Controllers\BaseController->initController(Object(CodeIgniter\HTTP\IncomingRequest), Object(CodeIgniter\HTTP\Response), Object(CodeIgniter\Log\Logger))
 3 SYSTEMPATH\CodeIgniter.php(904): App\Controllers\HomeController->initController(Object(CodeIgniter\HTTP\IncomingRequest), Object(CodeIgniter\HTTP\Response), Object(CodeIgniter\Log\Logger))
 4 SYSTEMPATH\CodeIgniter.php(498): CodeIgniter\CodeIgniter->createController()
 5 SYSTEMPATH\CodeIgniter.php(354): CodeIgniter\CodeIgniter->handleRequest(null, Object(Config\Cache), false)
 6 SYSTEMPATH\Boot.php(363): CodeIgniter\CodeIgniter->run()
 7 SYSTEMPATH\Boot.php(68): CodeIgniter\Boot::runCodeIgniter(Object(CodeIgniter\CodeIgniter))
 8 FCPATH\index.php(67): CodeIgniter\Boot::bootWeb(Object(Config\Paths))
WARNING - 2026-02-19 07:48:03 --> [DEPRECATED] Creation of dynamic property App\Models\CartModel::$builderCheckouts is deprecated in APPPATH\Models\CartModel.php on line 15.
 1 APPPATH\Controllers\BaseController.php(147): App\Models\CartModel->__construct()
 2 APPPATH\Controllers\HomeController.php(35): App\Controllers\BaseController->initController(Object(CodeIgniter\HTTP\IncomingRequest), Object(CodeIgniter\HTTP\Response), Object(CodeIgniter\Log\Logger))
 3 SYSTEMPATH\CodeIgniter.php(904): App\Controllers\HomeController->initController(Object(CodeIgniter\HTTP\IncomingRequest), Object(CodeIgniter\HTTP\Response), Object(CodeIgniter\Log\Logger))
 4 SYSTEMPATH\CodeIgniter.php(498): CodeIgniter\CodeIgniter->createController()
 5 SYSTEMPATH\CodeIgniter.php(354): CodeIgniter\CodeIgniter->handleRequest(null, Object(Config\Cache), false)
 6 SYSTEMPATH\Boot.php(363): CodeIgniter\CodeIgniter->run()
 7 SYSTEMPATH\Boot.php(68): CodeIgniter\Boot::runCodeIgniter(Object(CodeIgniter\CodeIgniter))
 8 FCPATH\index.php(67): CodeIgniter\Boot::bootWeb(Object(Config\Paths))
WARNING - 2026-02-19 07:48:03 --> [DEPRECATED] Creation of dynamic property App\Models\CartModel::$builderCheckoutItems is deprecated in APPPATH\Models\CartModel.php on line 16.
 1 APPPATH\Controllers\BaseController.php(147): App\Models\CartModel->__construct()
 2 APPPATH\Controllers\HomeController.php(35): App\Controllers\BaseController->initController(Object(CodeIgniter\HTTP\IncomingRequest), Object(CodeIgniter\HTTP\Response), Object(CodeIgniter\Log\Logger))
 3 SYSTEMPATH\CodeIgniter.php(904): App\Controllers\HomeController->initController(Object(CodeIgniter\HTTP\IncomingRequest), Object(CodeIgniter\HTTP\Response), Object(CodeIgniter\Log\Logger))
 4 SYSTEMPATH\CodeIgniter.php(498): CodeIgniter\CodeIgniter->createController()
 5 SYSTEMPATH\CodeIgniter.php(354): CodeIgniter\CodeIgniter->handleRequest(null, Object(Config\Cache), false)
 6 SYSTEMPATH\Boot.php(363): CodeIgniter\CodeIgniter->run()
 7 SYSTEMPATH\Boot.php(68): CodeIgniter\Boot::runCodeIgniter(Object(CodeIgniter\CodeIgniter))
 8 FCPATH\index.php(67): CodeIgniter\Boot::bootWeb(Object(Config\Paths))
WARNING - 2026-02-19 07:48:03 --> [DEPRECATED] Creation of dynamic property App\Models\CartModel::$builderPaymentMethods is deprecated in APPPATH\Models\CartModel.php on line 17.
 1 APPPATH\Controllers\BaseController.php(147): App\Models\CartModel->__construct()
 2 APPPATH\Controllers\HomeController.php(35): App\Controllers\BaseController->initController(Object(CodeIgniter\HTTP\IncomingRequest), Object(CodeIgniter\HTTP\Response), Object(CodeIgniter\Log\Logger))
 3 SYSTEMPATH\CodeIgniter.php(904): App\Controllers\HomeController->initController(Object(CodeIgniter\HTTP\IncomingRequest), Object(CodeIgniter\HTTP\Response), Object(CodeIgniter\Log\Logger))
 4 SYSTEMPATH\CodeIgniter.php(498): CodeIgniter\CodeIgniter->createController()
 5 SYSTEMPATH\CodeIgniter.php(354): CodeIgniter\CodeIgniter->handleRequest(null, Object(Config\Cache), false)
 6 SYSTEMPATH\Boot.php(363): CodeIgniter\CodeIgniter->run()
 7 SYSTEMPATH\Boot.php(68): CodeIgniter\Boot::runCodeIgniter(Object(CodeIgniter\CodeIgniter))
 8 FCPATH\index.php(67): CodeIgniter\Boot::bootWeb(Object(Config\Paths))
WARNING - 2026-02-19 11:57:35 --> [DEPRECATED] Creation of dynamic property App\Models\CartModel::$builderCheckouts is deprecated in APPPATH\Models\CartModel.php on line 15.
 1 APPPATH\Controllers\BaseController.php(147): App\Models\CartModel->__construct()
 2 APPPATH\Controllers\HomeController.php(35): App\Controllers\BaseController->initController(Object(CodeIgniter\HTTP\IncomingRequest), Object(CodeIgniter\HTTP\Response), Object(CodeIgniter\Log\Logger))
 3 SYSTEMPATH\CodeIgniter.php(904): App\Controllers\HomeController->initController(Object(CodeIgniter\HTTP\IncomingRequest), Object(CodeIgniter\HTTP\Response), Object(CodeIgniter\Log\Logger))
 4 SYSTEMPATH\CodeIgniter.php(498): CodeIgniter\CodeIgniter->createController()
 5 SYSTEMPATH\CodeIgniter.php(354): CodeIgniter\CodeIgniter->handleRequest(null, Object(Config\Cache), false)
 6 SYSTEMPATH\Boot.php(363): CodeIgniter\CodeIgniter->run()
 7 SYSTEMPATH\Boot.php(68): CodeIgniter\Boot::runCodeIgniter(Object(CodeIgniter\CodeIgniter))
 8 FCPATH\index.php(67): CodeIgniter\Boot::bootWeb(Object(Config\Paths))
WARNING - 2026-02-19 11:57:35 --> [DEPRECATED] Creation of dynamic property App\Models\CartModel::$builderCheckoutItems is deprecated in APPPATH\Models\CartModel.php on line 16.
 1 APPPATH\Controllers\BaseController.php(147): App\Models\CartModel->__construct()
 2 APPPATH\Controllers\HomeController.php(35): App\Controllers\BaseController->initController(Object(CodeIgniter\HTTP\IncomingRequest), Object(CodeIgniter\HTTP\Response), Object(CodeIgniter\Log\Logger))
 3 SYSTEMPATH\CodeIgniter.php(904): App\Controllers\HomeController->initController(Object(CodeIgniter\HTTP\IncomingRequest), Object(CodeIgniter\HTTP\Response), Object(CodeIgniter\Log\Logger))
 4 SYSTEMPATH\CodeIgniter.php(498): CodeIgniter\CodeIgniter->createController()
 5 SYSTEMPATH\CodeIgniter.php(354): CodeIgniter\CodeIgniter->handleRequest(null, Object(Config\Cache), false)
 6 SYSTEMPATH\Boot.php(363): CodeIgniter\CodeIgniter->run()
 7 SYSTEMPATH\Boot.php(68): CodeIgniter\Boot::runCodeIgniter(Object(CodeIgniter\CodeIgniter))
 8 FCPATH\index.php(67): CodeIgniter\Boot::bootWeb(Object(Config\Paths))
WARNING - 2026-02-19 11:57:35 --> [DEPRECATED] Creation of dynamic property App\Models\CartModel::$builderPaymentMethods is deprecated in APPPATH\Models\CartModel.php on line 17.
 1 APPPATH\Controllers\BaseController.php(147): App\Models\CartModel->__construct()
 2 APPPATH\Controllers\HomeController.php(35): App\Controllers\BaseController->initController(Object(CodeIgniter\HTTP\IncomingRequest), Object(CodeIgniter\HTTP\Response), Object(CodeIgniter\Log\Logger))
 3 SYSTEMPATH\CodeIgniter.php(904): App\Controllers\HomeController->initController(Object(CodeIgniter\HTTP\IncomingRequest), Object(CodeIgniter\HTTP\Response), Object(CodeIgniter\Log\Logger))
 4 SYSTEMPATH\CodeIgniter.php(498): CodeIgniter\CodeIgniter->createController()
 5 SYSTEMPATH\CodeIgniter.php(354): CodeIgniter\CodeIgniter->handleRequest(null, Object(Config\Cache), false)
 6 SYSTEMPATH\Boot.php(363): CodeIgniter\CodeIgniter->run()
 7 SYSTEMPATH\Boot.php(68): CodeIgniter\Boot::runCodeIgniter(Object(CodeIgniter\CodeIgniter))
 8 FCPATH\index.php(67): CodeIgniter\Boot::bootWeb(Object(Config\Paths))
WARNING - 2026-02-19 11:57:36 --> [DEPRECATED] Creation of dynamic property App\Models\CartModel::$builderCheckouts is deprecated in APPPATH\Models\CartModel.php on line 15.
 1 APPPATH\Controllers\BaseController.php(147): App\Models\CartModel->__construct()
 2 APPPATH\Controllers\AjaxController.php(20): App\Controllers\BaseController->initController(Object(CodeIgniter\HTTP\IncomingRequest), Object(CodeIgniter\HTTP\Response), Object(CodeIgniter\Log\Logger))
 3 SYSTEMPATH\CodeIgniter.php(904): App\Controllers\AjaxController->initController(Object(CodeIgniter\HTTP\IncomingRequest), Object(CodeIgniter\HTTP\Response), Object(CodeIgniter\Log\Logger))
 4 SYSTEMPATH\CodeIgniter.php(498): CodeIgniter\CodeIgniter->createController()
 5 SYSTEMPATH\CodeIgniter.php(354): CodeIgniter\CodeIgniter->handleRequest(null, Object(Config\Cache), false)
 6 SYSTEMPATH\Boot.php(363): CodeIgniter\CodeIgniter->run()
 7 SYSTEMPATH\Boot.php(68): CodeIgniter\Boot::runCodeIgniter(Object(CodeIgniter\CodeIgniter))
 8 FCPATH\index.php(67): CodeIgniter\Boot::bootWeb(Object(Config\Paths))
WARNING - 2026-02-19 11:57:36 --> [DEPRECATED] Creation of dynamic property App\Models\CartModel::$builderCheckoutItems is deprecated in APPPATH\Models\CartModel.php on line 16.
 1 APPPATH\Controllers\BaseController.php(147): App\Models\CartModel->__construct()
 2 APPPATH\Controllers\AjaxController.php(20): App\Controllers\BaseController->initController(Object(CodeIgniter\HTTP\IncomingRequest), Object(CodeIgniter\HTTP\Response), Object(CodeIgniter\Log\Logger))
 3 SYSTEMPATH\CodeIgniter.php(904): App\Controllers\AjaxController->initController(Object(CodeIgniter\HTTP\IncomingRequest), Object(CodeIgniter\HTTP\Response), Object(CodeIgniter\Log\Logger))
 4 SYSTEMPATH\CodeIgniter.php(498): CodeIgniter\CodeIgniter->createController()
 5 SYSTEMPATH\CodeIgniter.php(354): CodeIgniter\CodeIgniter->handleRequest(null, Object(Config\Cache), false)
 6 SYSTEMPATH\Boot.php(363): CodeIgniter\CodeIgniter->run()
 7 SYSTEMPATH\Boot.php(68): CodeIgniter\Boot::runCodeIgniter(Object(CodeIgniter\CodeIgniter))
 8 FCPATH\index.php(67): CodeIgniter\Boot::bootWeb(Object(Config\Paths))
WARNING - 2026-02-19 11:57:36 --> [DEPRECATED] Creation of dynamic property App\Models\CartModel::$builderPaymentMethods is deprecated in APPPATH\Models\CartModel.php on line 17.
 1 APPPATH\Controllers\BaseController.php(147): App\Models\CartModel->__construct()
 2 APPPATH\Controllers\AjaxController.php(20): App\Controllers\BaseController->initController(Object(CodeIgniter\HTTP\IncomingRequest), Object(CodeIgniter\HTTP\Response), Object(CodeIgniter\Log\Logger))
 3 SYSTEMPATH\CodeIgniter.php(904): App\Controllers\AjaxController->initController(Object(CodeIgniter\HTTP\IncomingRequest), Object(CodeIgniter\HTTP\Response), Object(CodeIgniter\Log\Logger))
 4 SYSTEMPATH\CodeIgniter.php(498): CodeIgniter\CodeIgniter->createController()
 5 SYSTEMPATH\CodeIgniter.php(354): CodeIgniter\CodeIgniter->handleRequest(null, Object(Config\Cache), false)
 6 SYSTEMPATH\Boot.php(363): CodeIgniter\CodeIgniter->run()
 7 SYSTEMPATH\Boot.php(68): CodeIgniter\Boot::runCodeIgniter(Object(CodeIgniter\CodeIgniter))
 8 FCPATH\index.php(67): CodeIgniter\Boot::bootWeb(Object(Config\Paths))
WARNING - 2026-02-19 11:57:41 --> [DEPRECATED] Creation of dynamic property App\Models\CartModel::$builderCheckouts is deprecated in APPPATH\Models\CartModel.php on line 15.
 1 APPPATH\Controllers\BaseController.php(147): App\Models\CartModel->__construct()
 2 APPPATH\Controllers\CartController.php(25): App\Controllers\BaseController->initController(Object(CodeIgniter\HTTP\IncomingRequest), Object(CodeIgniter\HTTP\Response), Object(CodeIgniter\Log\Logger))
 3 SYSTEMPATH\CodeIgniter.php(904): App\Controllers\CartController->initController(Object(CodeIgniter\HTTP\IncomingRequest), Object(CodeIgniter\HTTP\Response), Object(CodeIgniter\Log\Logger))
 4 SYSTEMPATH\CodeIgniter.php(498): CodeIgniter\CodeIgniter->createController()
 5 SYSTEMPATH\CodeIgniter.php(354): CodeIgniter\CodeIgniter->handleRequest(null, Object(Config\Cache), false)
 6 SYSTEMPATH\Boot.php(363): CodeIgniter\CodeIgniter->run()
 7 SYSTEMPATH\Boot.php(68): CodeIgniter\Boot::runCodeIgniter(Object(CodeIgniter\CodeIgniter))
 8 FCPATH\index.php(67): CodeIgniter\Boot::bootWeb(Object(Config\Paths))
WARNING - 2026-02-19 11:57:41 --> [DEPRECATED] Creation of dynamic property App\Models\CartModel::$builderCheckoutItems is deprecated in APPPATH\Models\CartModel.php on line 16.
 1 APPPATH\Controllers\BaseController.php(147): App\Models\CartModel->__construct()
 2 APPPATH\Controllers\CartController.php(25): App\Controllers\BaseController->initController(Object(CodeIgniter\HTTP\IncomingRequest), Object(CodeIgniter\HTTP\Response), Object(CodeIgniter\Log\Logger))
 3 SYSTEMPATH\CodeIgniter.php(904): App\Controllers\CartController->initController(Object(CodeIgniter\HTTP\IncomingRequest), Object(CodeIgniter\HTTP\Response), Object(CodeIgniter\Log\Logger))
 4 SYSTEMPATH\CodeIgniter.php(498): CodeIgniter\CodeIgniter->createController()
 5 SYSTEMPATH\CodeIgniter.php(354): CodeIgniter\CodeIgniter->handleRequest(null, Object(Config\Cache), false)
 6 SYSTEMPATH\Boot.php(363): CodeIgniter\CodeIgniter->run()
 7 SYSTEMPATH\Boot.php(68): CodeIgniter\Boot::runCodeIgniter(Object(CodeIgniter\CodeIgniter))
 8 FCPATH\index.php(67): CodeIgniter\Boot::bootWeb(Object(Config\Paths))
WARNING - 2026-02-19 11:57:41 --> [DEPRECATED] Creation of dynamic property App\Models\CartModel::$builderPaymentMethods is deprecated in APPPATH\Models\CartModel.php on line 17.
 1 APPPATH\Controllers\BaseController.php(147): App\Models\CartModel->__construct()
 2 APPPATH\Controllers\CartController.php(25): App\Controllers\BaseController->initController(Object(CodeIgniter\HTTP\IncomingRequest), Object(CodeIgniter\HTTP\Response), Object(CodeIgniter\Log\Logger))
 3 SYSTEMPATH\CodeIgniter.php(904): App\Controllers\CartController->initController(Object(CodeIgniter\HTTP\IncomingRequest), Object(CodeIgniter\HTTP\Response), Object(CodeIgniter\Log\Logger))
 4 SYSTEMPATH\CodeIgniter.php(498): CodeIgniter\CodeIgniter->createController()
 5 SYSTEMPATH\CodeIgniter.php(354): CodeIgniter\CodeIgniter->handleRequest(null, Object(Config\Cache), false)
 6 SYSTEMPATH\Boot.php(363): CodeIgniter\CodeIgniter->run()
 7 SYSTEMPATH\Boot.php(68): CodeIgniter\Boot::runCodeIgniter(Object(CodeIgniter\CodeIgniter))
 8 FCPATH\index.php(67): CodeIgniter\Boot::bootWeb(Object(Config\Paths))
WARNING - 2026-02-19 11:57:41 --> [DEPRECATED] Creation of dynamic property App\Models\CartModel::$builderCheckouts is deprecated in APPPATH\Models\CartModel.php on line 15.
 1 APPPATH\Controllers\CartController.php(26): App\Models\CartModel->__construct()
 2 SYSTEMPATH\CodeIgniter.php(904): App\Controllers\CartController->initController(Object(CodeIgniter\HTTP\IncomingRequest), Object(CodeIgniter\HTTP\Response), Object(CodeIgniter\Log\Logger))
 3 SYSTEMPATH\CodeIgniter.php(498): CodeIgniter\CodeIgniter->createController()
 4 SYSTEMPATH\CodeIgniter.php(354): CodeIgniter\CodeIgniter->handleRequest(null, Object(Config\Cache), false)
 5 SYSTEMPATH\Boot.php(363): CodeIgniter\CodeIgniter->run()
 6 SYSTEMPATH\Boot.php(68): CodeIgniter\Boot::runCodeIgniter(Object(CodeIgniter\CodeIgniter))
 7 FCPATH\index.php(67): CodeIgniter\Boot::bootWeb(Object(Config\Paths))
WARNING - 2026-02-19 11:57:41 --> [DEPRECATED] Creation of dynamic property App\Models\CartModel::$builderCheckoutItems is deprecated in APPPATH\Models\CartModel.php on line 16.
 1 APPPATH\Controllers\CartController.php(26): App\Models\CartModel->__construct()
 2 SYSTEMPATH\CodeIgniter.php(904): App\Controllers\CartController->initController(Object(CodeIgniter\HTTP\IncomingRequest), Object(CodeIgniter\HTTP\Response), Object(CodeIgniter\Log\Logger))
 3 SYSTEMPATH\CodeIgniter.php(498): CodeIgniter\CodeIgniter->createController()
 4 SYSTEMPATH\CodeIgniter.php(354): CodeIgniter\CodeIgniter->handleRequest(null, Object(Config\Cache), false)
 5 SYSTEMPATH\Boot.php(363): CodeIgniter\CodeIgniter->run()
 6 SYSTEMPATH\Boot.php(68): CodeIgniter\Boot::runCodeIgniter(Object(CodeIgniter\CodeIgniter))
 7 FCPATH\index.php(67): CodeIgniter\Boot::bootWeb(Object(Config\Paths))
WARNING - 2026-02-19 11:57:41 --> [DEPRECATED] Creation of dynamic property App\Models\CartModel::$builderPaymentMethods is deprecated in APPPATH\Models\CartModel.php on line 17.
 1 APPPATH\Controllers\CartController.php(26): App\Models\CartModel->__construct()
 2 SYSTEMPATH\CodeIgniter.php(904): App\Controllers\CartController->initController(Object(CodeIgniter\HTTP\IncomingRequest), Object(CodeIgniter\HTTP\Response), Object(CodeIgniter\Log\Logger))
 3 SYSTEMPATH\CodeIgniter.php(498): CodeIgniter\CodeIgniter->createController()
 4 SYSTEMPATH\CodeIgniter.php(354): CodeIgniter\CodeIgniter->handleRequest(null, Object(Config\Cache), false)
 5 SYSTEMPATH\Boot.php(363): CodeIgniter\CodeIgniter->run()
 6 SYSTEMPATH\Boot.php(68): CodeIgniter\Boot::runCodeIgniter(Object(CodeIgniter\CodeIgniter))
 7 FCPATH\index.php(67): CodeIgniter\Boot::bootWeb(Object(Config\Paths))
WARNING - 2026-02-19 11:57:41 --> [DEPRECATED] Creation of dynamic property App\Controllers\CartController::$apiKey is deprecated in APPPATH\Controllers\CartController.php on line 34.
 1 SYSTEMPATH\CodeIgniter.php(904): App\Controllers\CartController->initController(Object(CodeIgniter\HTTP\IncomingRequest), Object(CodeIgniter\HTTP\Response), Object(CodeIgniter\Log\Logger))
 2 SYSTEMPATH\CodeIgniter.php(498): CodeIgniter\CodeIgniter->createController()
 3 SYSTEMPATH\CodeIgniter.php(354): CodeIgniter\CodeIgniter->handleRequest(null, Object(Config\Cache), false)
 4 SYSTEMPATH\Boot.php(363): CodeIgniter\CodeIgniter->run()
 5 SYSTEMPATH\Boot.php(68): CodeIgniter\Boot::runCodeIgniter(Object(CodeIgniter\CodeIgniter))
 6 FCPATH\index.php(67): CodeIgniter\Boot::bootWeb(Object(Config\Paths))
WARNING - 2026-02-19 11:57:41 --> [DEPRECATED] Creation of dynamic property App\Models\CartModel::$builderCheckouts is deprecated in APPPATH\Models\CartModel.php on line 15.
 1 APPPATH\Controllers\BaseController.php(147): App\Models\CartModel->__construct()
 2 APPPATH\Controllers\AjaxController.php(20): App\Controllers\BaseController->initController(Object(CodeIgniter\HTTP\IncomingRequest), Object(CodeIgniter\HTTP\Response), Object(CodeIgniter\Log\Logger))
 3 SYSTEMPATH\CodeIgniter.php(904): App\Controllers\AjaxController->initController(Object(CodeIgniter\HTTP\IncomingRequest), Object(CodeIgniter\HTTP\Response), Object(CodeIgniter\Log\Logger))
 4 SYSTEMPATH\CodeIgniter.php(498): CodeIgniter\CodeIgniter->createController()
 5 SYSTEMPATH\CodeIgniter.php(354): CodeIgniter\CodeIgniter->handleRequest(null, Object(Config\Cache), false)
 6 SYSTEMPATH\Boot.php(363): CodeIgniter\CodeIgniter->run()
 7 SYSTEMPATH\Boot.php(68): CodeIgniter\Boot::runCodeIgniter(Object(CodeIgniter\CodeIgniter))
 8 FCPATH\index.php(67): CodeIgniter\Boot::bootWeb(Object(Config\Paths))
WARNING - 2026-02-19 11:57:41 --> [DEPRECATED] Creation of dynamic property App\Models\CartModel::$builderCheckoutItems is deprecated in APPPATH\Models\CartModel.php on line 16.
 1 APPPATH\Controllers\BaseController.php(147): App\Models\CartModel->__construct()
 2 APPPATH\Controllers\AjaxController.php(20): App\Controllers\BaseController->initController(Object(CodeIgniter\HTTP\IncomingRequest), Object(CodeIgniter\HTTP\Response), Object(CodeIgniter\Log\Logger))
 3 SYSTEMPATH\CodeIgniter.php(904): App\Controllers\AjaxController->initController(Object(CodeIgniter\HTTP\IncomingRequest), Object(CodeIgniter\HTTP\Response), Object(CodeIgniter\Log\Logger))
 4 SYSTEMPATH\CodeIgniter.php(498): CodeIgniter\CodeIgniter->createController()
 5 SYSTEMPATH\CodeIgniter.php(354): CodeIgniter\CodeIgniter->handleRequest(null, Object(Config\Cache), false)
 6 SYSTEMPATH\Boot.php(363): CodeIgniter\CodeIgniter->run()
 7 SYSTEMPATH\Boot.php(68): CodeIgniter\Boot::runCodeIgniter(Object(CodeIgniter\CodeIgniter))
 8 FCPATH\index.php(67): CodeIgniter\Boot::bootWeb(Object(Config\Paths))
WARNING - 2026-02-19 11:57:41 --> [DEPRECATED] Creation of dynamic property App\Models\CartModel::$builderPaymentMethods is deprecated in APPPATH\Models\CartModel.php on line 17.
 1 APPPATH\Controllers\BaseController.php(147): App\Models\CartModel->__construct()
 2 APPPATH\Controllers\AjaxController.php(20): App\Controllers\BaseController->initController(Object(CodeIgniter\HTTP\IncomingRequest), Object(CodeIgniter\HTTP\Response), Object(CodeIgniter\Log\Logger))
 3 SYSTEMPATH\CodeIgniter.php(904): App\Controllers\AjaxController->initController(Object(CodeIgniter\HTTP\IncomingRequest), Object(CodeIgniter\HTTP\Response), Object(CodeIgniter\Log\Logger))
 4 SYSTEMPATH\CodeIgniter.php(498): CodeIgniter\CodeIgniter->createController()
 5 SYSTEMPATH\CodeIgniter.php(354): CodeIgniter\CodeIgniter->handleRequest(null, Object(Config\Cache), false)
 6 SYSTEMPATH\Boot.php(363): CodeIgniter\CodeIgniter->run()
 7 SYSTEMPATH\Boot.php(68): CodeIgniter\Boot::runCodeIgniter(Object(CodeIgniter\CodeIgniter))
 8 FCPATH\index.php(67): CodeIgniter\Boot::bootWeb(Object(Config\Paths))
WARNING - 2026-02-19 11:57:50 --> [DEPRECATED] Creation of dynamic property App\Models\CartModel::$builderCheckouts is deprecated in APPPATH\Models\CartModel.php on line 15.
 1 APPPATH\Controllers\BaseController.php(147): App\Models\CartModel->__construct()
 2 APPPATH\Controllers\CartController.php(25): App\Controllers\BaseController->initController(Object(CodeIgniter\HTTP\IncomingRequest), Object(CodeIgniter\HTTP\Response), Object(CodeIgniter\Log\Logger))
 3 SYSTEMPATH\CodeIgniter.php(904): App\Controllers\CartController->initController(Object(CodeIgniter\HTTP\IncomingRequest), Object(CodeIgniter\HTTP\Response), Object(CodeIgniter\Log\Logger))
 4 SYSTEMPATH\CodeIgniter.php(498): CodeIgniter\CodeIgniter->createController()
 5 SYSTEMPATH\CodeIgniter.php(354): CodeIgniter\CodeIgniter->handleRequest(null, Object(Config\Cache), false)
 6 SYSTEMPATH\Boot.php(363): CodeIgniter\CodeIgniter->run()
 7 SYSTEMPATH\Boot.php(68): CodeIgniter\Boot::runCodeIgniter(Object(CodeIgniter\CodeIgniter))
 8 FCPATH\index.php(67): CodeIgniter\Boot::bootWeb(Object(Config\Paths))
WARNING - 2026-02-19 11:57:50 --> [DEPRECATED] Creation of dynamic property App\Models\CartModel::$builderCheckoutItems is deprecated in APPPATH\Models\CartModel.php on line 16.
 1 APPPATH\Controllers\BaseController.php(147): App\Models\CartModel->__construct()
 2 APPPATH\Controllers\CartController.php(25): App\Controllers\BaseController->initController(Object(CodeIgniter\HTTP\IncomingRequest), Object(CodeIgniter\HTTP\Response), Object(CodeIgniter\Log\Logger))
 3 SYSTEMPATH\CodeIgniter.php(904): App\Controllers\CartController->initController(Object(CodeIgniter\HTTP\IncomingRequest), Object(CodeIgniter\HTTP\Response), Object(CodeIgniter\Log\Logger))
 4 SYSTEMPATH\CodeIgniter.php(498): CodeIgniter\CodeIgniter->createController()
 5 SYSTEMPATH\CodeIgniter.php(354): CodeIgniter\CodeIgniter->handleRequest(null, Object(Config\Cache), false)
 6 SYSTEMPATH\Boot.php(363): CodeIgniter\CodeIgniter->run()
 7 SYSTEMPATH\Boot.php(68): CodeIgniter\Boot::runCodeIgniter(Object(CodeIgniter\CodeIgniter))
 8 FCPATH\index.php(67): CodeIgniter\Boot::bootWeb(Object(Config\Paths))
WARNING - 2026-02-19 11:57:50 --> [DEPRECATED] Creation of dynamic property App\Models\CartModel::$builderPaymentMethods is deprecated in APPPATH\Models\CartModel.php on line 17.
 1 APPPATH\Controllers\BaseController.php(147): App\Models\CartModel->__construct()
 2 APPPATH\Controllers\CartController.php(25): App\Controllers\BaseController->initController(Object(CodeIgniter\HTTP\IncomingRequest), Object(CodeIgniter\HTTP\Response), Object(CodeIgniter\Log\Logger))
 3 SYSTEMPATH\CodeIgniter.php(904): App\Controllers\CartController->initController(Object(CodeIgniter\HTTP\IncomingRequest), Object(CodeIgniter\HTTP\Response), Object(CodeIgniter\Log\Logger))
 4 SYSTEMPATH\CodeIgniter.php(498): CodeIgniter\CodeIgniter->createController()
 5 SYSTEMPATH\CodeIgniter.php(354): CodeIgniter\CodeIgniter->handleRequest(null, Object(Config\Cache), false)
 6 SYSTEMPATH\Boot.php(363): CodeIgniter\CodeIgniter->run()
 7 SYSTEMPATH\Boot.php(68): CodeIgniter\Boot::runCodeIgniter(Object(CodeIgniter\CodeIgniter))
 8 FCPATH\index.php(67): CodeIgniter\Boot::bootWeb(Object(Config\Paths))
WARNING - 2026-02-19 11:57:50 --> [DEPRECATED] Creation of dynamic property App\Models\CartModel::$builderCheckouts is deprecated in APPPATH\Models\CartModel.php on line 15.
 1 APPPATH\Controllers\CartController.php(26): App\Models\CartModel->__construct()
 2 SYSTEMPATH\CodeIgniter.php(904): App\Controllers\CartController->initController(Object(CodeIgniter\HTTP\IncomingRequest), Object(CodeIgniter\HTTP\Response), Object(CodeIgniter\Log\Logger))
 3 SYSTEMPATH\CodeIgniter.php(498): CodeIgniter\CodeIgniter->createController()
 4 SYSTEMPATH\CodeIgniter.php(354): CodeIgniter\CodeIgniter->handleRequest(null, Object(Config\Cache), false)
 5 SYSTEMPATH\Boot.php(363): CodeIgniter\CodeIgniter->run()
 6 SYSTEMPATH\Boot.php(68): CodeIgniter\Boot::runCodeIgniter(Object(CodeIgniter\CodeIgniter))
 7 FCPATH\index.php(67): CodeIgniter\Boot::bootWeb(Object(Config\Paths))
WARNING - 2026-02-19 11:57:50 --> [DEPRECATED] Creation of dynamic property App\Models\CartModel::$builderCheckoutItems is deprecated in APPPATH\Models\CartModel.php on line 16.
 1 APPPATH\Controllers\CartController.php(26): App\Models\CartModel->__construct()
 2 SYSTEMPATH\CodeIgniter.php(904): App\Controllers\CartController->initController(Object(CodeIgniter\HTTP\IncomingRequest), Object(CodeIgniter\HTTP\Response), Object(CodeIgniter\Log\Logger))
 3 SYSTEMPATH\CodeIgniter.php(498): CodeIgniter\CodeIgniter->createController()
 4 SYSTEMPATH\CodeIgniter.php(354): CodeIgniter\CodeIgniter->handleRequest(null, Object(Config\Cache), false)
 5 SYSTEMPATH\Boot.php(363): CodeIgniter\CodeIgniter->run()
 6 SYSTEMPATH\Boot.php(68): CodeIgniter\Boot::runCodeIgniter(Object(CodeIgniter\CodeIgniter))
 7 FCPATH\index.php(67): CodeIgniter\Boot::bootWeb(Object(Config\Paths))
WARNING - 2026-02-19 11:57:50 --> [DEPRECATED] Creation of dynamic property App\Models\CartModel::$builderPaymentMethods is deprecated in APPPATH\Models\CartModel.php on line 17.
 1 APPPATH\Controllers\CartController.php(26): App\Models\CartModel->__construct()
 2 SYSTEMPATH\CodeIgniter.php(904): App\Controllers\CartController->initController(Object(CodeIgniter\HTTP\IncomingRequest), Object(CodeIgniter\HTTP\Response), Object(CodeIgniter\Log\Logger))
 3 SYSTEMPATH\CodeIgniter.php(498): CodeIgniter\CodeIgniter->createController()
 4 SYSTEMPATH\CodeIgniter.php(354): CodeIgniter\CodeIgniter->handleRequest(null, Object(Config\Cache), false)
 5 SYSTEMPATH\Boot.php(363): CodeIgniter\CodeIgniter->run()
 6 SYSTEMPATH\Boot.php(68): CodeIgniter\Boot::runCodeIgniter(Object(CodeIgniter\CodeIgniter))
 7 FCPATH\index.php(67): CodeIgniter\Boot::bootWeb(Object(Config\Paths))
WARNING - 2026-02-19 11:57:50 --> [DEPRECATED] Creation of dynamic property App\Controllers\CartController::$apiKey is deprecated in APPPATH\Controllers\CartController.php on line 34.
 1 SYSTEMPATH\CodeIgniter.php(904): App\Controllers\CartController->initController(Object(CodeIgniter\HTTP\IncomingRequest), Object(CodeIgniter\HTTP\Response), Object(CodeIgniter\Log\Logger))
 2 SYSTEMPATH\CodeIgniter.php(498): CodeIgniter\CodeIgniter->createController()
 3 SYSTEMPATH\CodeIgniter.php(354): CodeIgniter\CodeIgniter->handleRequest(null, Object(Config\Cache), false)
 4 SYSTEMPATH\Boot.php(363): CodeIgniter\CodeIgniter->run()
 5 SYSTEMPATH\Boot.php(68): CodeIgniter\Boot::runCodeIgniter(Object(CodeIgniter\CodeIgniter))
 6 FCPATH\index.php(67): CodeIgniter\Boot::bootWeb(Object(Config\Paths))
WARNING - 2026-02-19 11:57:50 --> [DEPRECATED] Creation of dynamic property App\Services\OngkirService::$baseUrl is deprecated in APPPATH\Services\OngkirService.php on line 11.
 1 APPPATH\Controllers\CartController.php(186): App\Services\OngkirService->__construct()
 2 SYSTEMPATH\CodeIgniter.php(933): App\Controllers\CartController->shipping()
 3 SYSTEMPATH\CodeIgniter.php(507): CodeIgniter\CodeIgniter->runController(Object(App\Controllers\CartController))
 4 SYSTEMPATH\CodeIgniter.php(354): CodeIgniter\CodeIgniter->handleRequest(null, Object(Config\Cache), false)
 5 SYSTEMPATH\Boot.php(363): CodeIgniter\CodeIgniter->run()
 6 SYSTEMPATH\Boot.php(68): CodeIgniter\Boot::runCodeIgniter(Object(CodeIgniter\CodeIgniter))
 7 FCPATH\index.php(67): CodeIgniter\Boot::bootWeb(Object(Config\Paths))
WARNING - 2026-02-19 11:57:50 --> [DEPRECATED] Creation of dynamic property App\Services\OngkirService::$CALCULATE_DELIVERY_COST is deprecated in APPPATH\Services\OngkirService.php on line 12.
 1 APPPATH\Controllers\CartController.php(186): App\Services\OngkirService->__construct()
 2 SYSTEMPATH\CodeIgniter.php(933): App\Controllers\CartController->shipping()
 3 SYSTEMPATH\CodeIgniter.php(507): CodeIgniter\CodeIgniter->runController(Object(App\Controllers\CartController))
 4 SYSTEMPATH\CodeIgniter.php(354): CodeIgniter\CodeIgniter->handleRequest(null, Object(Config\Cache), false)
 5 SYSTEMPATH\Boot.php(363): CodeIgniter\CodeIgniter->run()
 6 SYSTEMPATH\Boot.php(68): CodeIgniter\Boot::runCodeIgniter(Object(CodeIgniter\CodeIgniter))
 7 FCPATH\index.php(67): CodeIgniter\Boot::bootWeb(Object(Config\Paths))
WARNING - 2026-02-19 11:57:50 --> [DEPRECATED] Creation of dynamic property App\Services\OngkirService::$apiKey is deprecated in APPPATH\Services\OngkirService.php on line 13.
 1 APPPATH\Controllers\CartController.php(186): App\Services\OngkirService->__construct()
 2 SYSTEMPATH\CodeIgniter.php(933): App\Controllers\CartController->shipping()
 3 SYSTEMPATH\CodeIgniter.php(507): CodeIgniter\CodeIgniter->runController(Object(App\Controllers\CartController))
 4 SYSTEMPATH\CodeIgniter.php(354): CodeIgniter\CodeIgniter->handleRequest(null, Object(Config\Cache), false)
 5 SYSTEMPATH\Boot.php(363): CodeIgniter\CodeIgniter->run()
 6 SYSTEMPATH\Boot.php(68): CodeIgniter\Boot::runCodeIgniter(Object(CodeIgniter\CodeIgniter))
 7 FCPATH\index.php(67): CodeIgniter\Boot::bootWeb(Object(Config\Paths))
WARNING - 2026-02-19 11:57:50 --> [DEPRECATED] Creation of dynamic property App\Services\OngkirService::$listCourier is deprecated in APPPATH\Services\OngkirService.php on line 14.
 1 APPPATH\Controllers\CartController.php(186): App\Services\OngkirService->__construct()
 2 SYSTEMPATH\CodeIgniter.php(933): App\Controllers\CartController->shipping()
 3 SYSTEMPATH\CodeIgniter.php(507): CodeIgniter\CodeIgniter->runController(Object(App\Controllers\CartController))
 4 SYSTEMPATH\CodeIgniter.php(354): CodeIgniter\CodeIgniter->handleRequest(null, Object(Config\Cache), false)
 5 SYSTEMPATH\Boot.php(363): CodeIgniter\CodeIgniter->run()
 6 SYSTEMPATH\Boot.php(68): CodeIgniter\Boot::runCodeIgniter(Object(CodeIgniter\CodeIgniter))
 7 FCPATH\index.php(67): CodeIgniter\Boot::bootWeb(Object(Config\Paths))
WARNING - 2026-02-19 11:57:50 --> [DEPRECATED] Creation of dynamic property App\Models\CartModel::$builderCheckouts is deprecated in APPPATH\Models\CartModel.php on line 15.
 1 APPPATH\Controllers\BaseController.php(147): App\Models\CartModel->__construct()
 2 APPPATH\Controllers\AjaxController.php(20): App\Controllers\BaseController->initController(Object(CodeIgniter\HTTP\IncomingRequest), Object(CodeIgniter\HTTP\Response), Object(CodeIgniter\Log\Logger))
 3 SYSTEMPATH\CodeIgniter.php(904): App\Controllers\AjaxController->initController(Object(CodeIgniter\HTTP\IncomingRequest), Object(CodeIgniter\HTTP\Response), Object(CodeIgniter\Log\Logger))
 4 SYSTEMPATH\CodeIgniter.php(498): CodeIgniter\CodeIgniter->createController()
 5 SYSTEMPATH\CodeIgniter.php(354): CodeIgniter\CodeIgniter->handleRequest(null, Object(Config\Cache), false)
 6 SYSTEMPATH\Boot.php(363): CodeIgniter\CodeIgniter->run()
 7 SYSTEMPATH\Boot.php(68): CodeIgniter\Boot::runCodeIgniter(Object(CodeIgniter\CodeIgniter))
 8 FCPATH\index.php(67): CodeIgniter\Boot::bootWeb(Object(Config\Paths))
WARNING - 2026-02-19 11:57:50 --> [DEPRECATED] Creation of dynamic property App\Models\CartModel::$builderCheckoutItems is deprecated in APPPATH\Models\CartModel.php on line 16.
 1 APPPATH\Controllers\BaseController.php(147): App\Models\CartModel->__construct()
 2 APPPATH\Controllers\AjaxController.php(20): App\Controllers\BaseController->initController(Object(CodeIgniter\HTTP\IncomingRequest), Object(CodeIgniter\HTTP\Response), Object(CodeIgniter\Log\Logger))
 3 SYSTEMPATH\CodeIgniter.php(904): App\Controllers\AjaxController->initController(Object(CodeIgniter\HTTP\IncomingRequest), Object(CodeIgniter\HTTP\Response), Object(CodeIgniter\Log\Logger))
 4 SYSTEMPATH\CodeIgniter.php(498): CodeIgniter\CodeIgniter->createController()
 5 SYSTEMPATH\CodeIgniter.php(354): CodeIgniter\CodeIgniter->handleRequest(null, Object(Config\Cache), false)
 6 SYSTEMPATH\Boot.php(363): CodeIgniter\CodeIgniter->run()
 7 SYSTEMPATH\Boot.php(68): CodeIgniter\Boot::runCodeIgniter(Object(CodeIgniter\CodeIgniter))
 8 FCPATH\index.php(67): CodeIgniter\Boot::bootWeb(Object(Config\Paths))
WARNING - 2026-02-19 11:57:50 --> [DEPRECATED] Creation of dynamic property App\Models\CartModel::$builderPaymentMethods is deprecated in APPPATH\Models\CartModel.php on line 17.
 1 APPPATH\Controllers\BaseController.php(147): App\Models\CartModel->__construct()
 2 APPPATH\Controllers\AjaxController.php(20): App\Controllers\BaseController->initController(Object(CodeIgniter\HTTP\IncomingRequest), Object(CodeIgniter\HTTP\Response), Object(CodeIgniter\Log\Logger))
 3 SYSTEMPATH\CodeIgniter.php(904): App\Controllers\AjaxController->initController(Object(CodeIgniter\HTTP\IncomingRequest), Object(CodeIgniter\HTTP\Response), Object(CodeIgniter\Log\Logger))
 4 SYSTEMPATH\CodeIgniter.php(498): CodeIgniter\CodeIgniter->createController()
 5 SYSTEMPATH\CodeIgniter.php(354): CodeIgniter\CodeIgniter->handleRequest(null, Object(Config\Cache), false)
 6 SYSTEMPATH\Boot.php(363): CodeIgniter\CodeIgniter->run()
 7 SYSTEMPATH\Boot.php(68): CodeIgniter\Boot::runCodeIgniter(Object(CodeIgniter\CodeIgniter))
 8 FCPATH\index.php(67): CodeIgniter\Boot::bootWeb(Object(Config\Paths))
WARNING - 2026-02-19 11:57:52 --> [DEPRECATED] Creation of dynamic property App\Models\CartModel::$builderCheckouts is deprecated in APPPATH\Models\CartModel.php on line 15.
 1 APPPATH\Controllers\BaseController.php(147): App\Models\CartModel->__construct()
 2 APPPATH\Controllers\CartController.php(25): App\Controllers\BaseController->initController(Object(CodeIgniter\HTTP\IncomingRequest), Object(CodeIgniter\HTTP\Response), Object(CodeIgniter\Log\Logger))
 3 SYSTEMPATH\CodeIgniter.php(904): App\Controllers\CartController->initController(Object(CodeIgniter\HTTP\IncomingRequest), Object(CodeIgniter\HTTP\Response), Object(CodeIgniter\Log\Logger))
 4 SYSTEMPATH\CodeIgniter.php(498): CodeIgniter\CodeIgniter->createController()
 5 SYSTEMPATH\CodeIgniter.php(354): CodeIgniter\CodeIgniter->handleRequest(null, Object(Config\Cache), false)
 6 SYSTEMPATH\Boot.php(363): CodeIgniter\CodeIgniter->run()
 7 SYSTEMPATH\Boot.php(68): CodeIgniter\Boot::runCodeIgniter(Object(CodeIgniter\CodeIgniter))
 8 FCPATH\index.php(67): CodeIgniter\Boot::bootWeb(Object(Config\Paths))
WARNING - 2026-02-19 11:57:52 --> [DEPRECATED] Creation of dynamic property App\Models\CartModel::$builderCheckoutItems is deprecated in APPPATH\Models\CartModel.php on line 16.
 1 APPPATH\Controllers\BaseController.php(147): App\Models\CartModel->__construct()
 2 APPPATH\Controllers\CartController.php(25): App\Controllers\BaseController->initController(Object(CodeIgniter\HTTP\IncomingRequest), Object(CodeIgniter\HTTP\Response), Object(CodeIgniter\Log\Logger))
 3 SYSTEMPATH\CodeIgniter.php(904): App\Controllers\CartController->initController(Object(CodeIgniter\HTTP\IncomingRequest), Object(CodeIgniter\HTTP\Response), Object(CodeIgniter\Log\Logger))
 4 SYSTEMPATH\CodeIgniter.php(498): CodeIgniter\CodeIgniter->createController()
 5 SYSTEMPATH\CodeIgniter.php(354): CodeIgniter\CodeIgniter->handleRequest(null, Object(Config\Cache), false)
 6 SYSTEMPATH\Boot.php(363): CodeIgniter\CodeIgniter->run()
 7 SYSTEMPATH\Boot.php(68): CodeIgniter\Boot::runCodeIgniter(Object(CodeIgniter\CodeIgniter))
 8 FCPATH\index.php(67): CodeIgniter\Boot::bootWeb(Object(Config\Paths))
WARNING - 2026-02-19 11:57:52 --> [DEPRECATED] Creation of dynamic property App\Models\CartModel::$builderPaymentMethods is deprecated in APPPATH\Models\CartModel.php on line 17.
 1 APPPATH\Controllers\BaseController.php(147): App\Models\CartModel->__construct()
 2 APPPATH\Controllers\CartController.php(25): App\Controllers\BaseController->initController(Object(CodeIgniter\HTTP\IncomingRequest), Object(CodeIgniter\HTTP\Response), Object(CodeIgniter\Log\Logger))
 3 SYSTEMPATH\CodeIgniter.php(904): App\Controllers\CartController->initController(Object(CodeIgniter\HTTP\IncomingRequest), Object(CodeIgniter\HTTP\Response), Object(CodeIgniter\Log\Logger))
 4 SYSTEMPATH\CodeIgniter.php(498): CodeIgniter\CodeIgniter->createController()
 5 SYSTEMPATH\CodeIgniter.php(354): CodeIgniter\CodeIgniter->handleRequest(null, Object(Config\Cache), false)
 6 SYSTEMPATH\Boot.php(363): CodeIgniter\CodeIgniter->run()
 7 SYSTEMPATH\Boot.php(68): CodeIgniter\Boot::runCodeIgniter(Object(CodeIgniter\CodeIgniter))
 8 FCPATH\index.php(67): CodeIgniter\Boot::bootWeb(Object(Config\Paths))
WARNING - 2026-02-19 11:57:52 --> [DEPRECATED] Creation of dynamic property App\Models\CartModel::$builderCheckouts is deprecated in APPPATH\Models\CartModel.php on line 15.
 1 APPPATH\Controllers\CartController.php(26): App\Models\CartModel->__construct()
 2 SYSTEMPATH\CodeIgniter.php(904): App\Controllers\CartController->initController(Object(CodeIgniter\HTTP\IncomingRequest), Object(CodeIgniter\HTTP\Response), Object(CodeIgniter\Log\Logger))
 3 SYSTEMPATH\CodeIgniter.php(498): CodeIgniter\CodeIgniter->createController()
 4 SYSTEMPATH\CodeIgniter.php(354): CodeIgniter\CodeIgniter->handleRequest(null, Object(Config\Cache), false)
 5 SYSTEMPATH\Boot.php(363): CodeIgniter\CodeIgniter->run()
 6 SYSTEMPATH\Boot.php(68): CodeIgniter\Boot::runCodeIgniter(Object(CodeIgniter\CodeIgniter))
 7 FCPATH\index.php(67): CodeIgniter\Boot::bootWeb(Object(Config\Paths))
WARNING - 2026-02-19 11:57:52 --> [DEPRECATED] Creation of dynamic property App\Models\CartModel::$builderCheckoutItems is deprecated in APPPATH\Models\CartModel.php on line 16.
 1 APPPATH\Controllers\CartController.php(26): App\Models\CartModel->__construct()
 2 SYSTEMPATH\CodeIgniter.php(904): App\Controllers\CartController->initController(Object(CodeIgniter\HTTP\IncomingRequest), Object(CodeIgniter\HTTP\Response), Object(CodeIgniter\Log\Logger))
 3 SYSTEMPATH\CodeIgniter.php(498): CodeIgniter\CodeIgniter->createController()
 4 SYSTEMPATH\CodeIgniter.php(354): CodeIgniter\CodeIgniter->handleRequest(null, Object(Config\Cache), false)
 5 SYSTEMPATH\Boot.php(363): CodeIgniter\CodeIgniter->run()
 6 SYSTEMPATH\Boot.php(68): CodeIgniter\Boot::runCodeIgniter(Object(CodeIgniter\CodeIgniter))
 7 FCPATH\index.php(67): CodeIgniter\Boot::bootWeb(Object(Config\Paths))
WARNING - 2026-02-19 11:57:52 --> [DEPRECATED] Creation of dynamic property App\Models\CartModel::$builderPaymentMethods is deprecated in APPPATH\Models\CartModel.php on line 17.
 1 APPPATH\Controllers\CartController.php(26): App\Models\CartModel->__construct()
 2 SYSTEMPATH\CodeIgniter.php(904): App\Controllers\CartController->initController(Object(CodeIgniter\HTTP\IncomingRequest), Object(CodeIgniter\HTTP\Response), Object(CodeIgniter\Log\Logger))
 3 SYSTEMPATH\CodeIgniter.php(498): CodeIgniter\CodeIgniter->createController()
 4 SYSTEMPATH\CodeIgniter.php(354): CodeIgniter\CodeIgniter->handleRequest(null, Object(Config\Cache), false)
 5 SYSTEMPATH\Boot.php(363): CodeIgniter\CodeIgniter->run()
 6 SYSTEMPATH\Boot.php(68): CodeIgniter\Boot::runCodeIgniter(Object(CodeIgniter\CodeIgniter))
 7 FCPATH\index.php(67): CodeIgniter\Boot::bootWeb(Object(Config\Paths))
WARNING - 2026-02-19 11:57:52 --> [DEPRECATED] Creation of dynamic property App\Controllers\CartController::$apiKey is deprecated in APPPATH\Controllers\CartController.php on line 34.
 1 SYSTEMPATH\CodeIgniter.php(904): App\Controllers\CartController->initController(Object(CodeIgniter\HTTP\IncomingRequest), Object(CodeIgniter\HTTP\Response), Object(CodeIgniter\Log\Logger))
 2 SYSTEMPATH\CodeIgniter.php(498): CodeIgniter\CodeIgniter->createController()
 3 SYSTEMPATH\CodeIgniter.php(354): CodeIgniter\CodeIgniter->handleRequest(null, Object(Config\Cache), false)
 4 SYSTEMPATH\Boot.php(363): CodeIgniter\CodeIgniter->run()
 5 SYSTEMPATH\Boot.php(68): CodeIgniter\Boot::runCodeIgniter(Object(CodeIgniter\CodeIgniter))
 6 FCPATH\index.php(67): CodeIgniter\Boot::bootWeb(Object(Config\Paths))
