WARNING - 2026-02-18 03:07:56 --> [DEPRECATED] Creation of dynamic property App\Models\CartModel::$builderCheckouts is deprecated in APPPATH\Models\CartModel.php on line 15.
 1 APPPATH\Controllers\BaseController.php(147): App\Models\CartModel->__construct()
 2 APPPATH\Controllers\CartController.php(25): App\Controllers\BaseController->initController(Object(CodeIgniter\HTTP\IncomingRequest), Object(CodeIgniter\HTTP\Response), Object(CodeIgniter\Log\Logger))
 3 SYSTEMPATH\CodeIgniter.php(904): App\Controllers\CartController->initController(Object(CodeIgniter\HTTP\IncomingRequest), Object(CodeIgniter\HTTP\Response), Object(CodeIgniter\Log\Logger))
 4 SYSTEMPATH\CodeIgniter.php(498): CodeIgniter\CodeIgniter->createController()
 5 SYSTEMPATH\CodeIgniter.php(354): CodeIgniter\CodeIgniter->handleRequest(null, Object(Config\Cache), false)
 6 SYSTEMPATH\Boot.php(363): CodeIgniter\CodeIgniter->run()
 7 SYSTEMPATH\Boot.php(68): CodeIgniter\Boot::runCodeIgniter(Object(CodeIgniter\CodeIgniter))
 8 FCPATH\index.php(67): CodeIgniter\Boot::bootWeb(Object(Config\Paths))
WARNING - 2026-02-18 03:07:56 --> [DEPRECATED] Creation of dynamic property App\Models\CartModel::$builderCheckoutItems is deprecated in APPPATH\Models\CartModel.php on line 16.
 1 APPPATH\Controllers\BaseController.php(147): App\Models\CartModel->__construct()
 2 APPPATH\Controllers\CartController.php(25): App\Controllers\BaseController->initController(Object(CodeIgniter\HTTP\IncomingRequest), Object(CodeIgniter\HTTP\Response), Object(CodeIgniter\Log\Logger))
 3 SYSTEMPATH\CodeIgniter.php(904): App\Controllers\CartController->initController(Object(CodeIgniter\HTTP\IncomingRequest), Object(CodeIgniter\HTTP\Response), Object(CodeIgniter\Log\Logger))
 4 SYSTEMPATH\CodeIgniter.php(498): CodeIgniter\CodeIgniter->createController()
 5 SYSTEMPATH\CodeIgniter.php(354): CodeIgniter\CodeIgniter->handleRequest(null, Object(Config\Cache), false)
 6 SYSTEMPATH\Boot.php(363): CodeIgniter\CodeIgniter->run()
 7 SYSTEMPATH\Boot.php(68): CodeIgniter\Boot::runCodeIgniter(Object(CodeIgniter\CodeIgniter))
 8 FCPATH\index.php(67): CodeIgniter\Boot::bootWeb(Object(Config\Paths))
WARNING - 2026-02-18 03:07:56 --> [DEPRECATED] Creation of dynamic property App\Models\CartModel::$builderPaymentMethods is deprecated in APPPATH\Models\CartModel.php on line 17.
 1 APPPATH\Controllers\BaseController.php(147): App\Models\CartModel->__construct()
 2 APPPATH\Controllers\CartController.php(25): App\Controllers\BaseController->initController(Object(CodeIgniter\HTTP\IncomingRequest), Object(CodeIgniter\HTTP\Response), Object(CodeIgniter\Log\Logger))
 3 SYSTEMPATH\CodeIgniter.php(904): App\Controllers\CartController->initController(Object(CodeIgniter\HTTP\IncomingRequest), Object(CodeIgniter\HTTP\Response), Object(CodeIgniter\Log\Logger))
 4 SYSTEMPATH\CodeIgniter.php(498): CodeIgniter\CodeIgniter->createController()
 5 SYSTEMPATH\CodeIgniter.php(354): CodeIgniter\CodeIgniter->handleRequest(null, Object(Config\Cache), false)
 6 SYSTEMPATH\Boot.php(363): CodeIgniter\CodeIgniter->run()
 7 SYSTEMPATH\Boot.php(68): CodeIgniter\Boot::runCodeIgniter(Object(CodeIgniter\CodeIgniter))
 8 FCPATH\index.php(67): CodeIgniter\Boot::bootWeb(Object(Config\Paths))
WARNING - 2026-02-18 03:07:56 --> [DEPRECATED] Creation of dynamic property App\Models\CartModel::$builderCheckouts is deprecated in APPPATH\Models\CartModel.php on line 15.
 1 APPPATH\Controllers\CartController.php(26): App\Models\CartModel->__construct()
 2 SYSTEMPATH\CodeIgniter.php(904): App\Controllers\CartController->initController(Object(CodeIgniter\HTTP\IncomingRequest), Object(CodeIgniter\HTTP\Response), Object(CodeIgniter\Log\Logger))
 3 SYSTEMPATH\CodeIgniter.php(498): CodeIgniter\CodeIgniter->createController()
 4 SYSTEMPATH\CodeIgniter.php(354): CodeIgniter\CodeIgniter->handleRequest(null, Object(Config\Cache), false)
 5 SYSTEMPATH\Boot.php(363): CodeIgniter\CodeIgniter->run()
 6 SYSTEMPATH\Boot.php(68): CodeIgniter\Boot::runCodeIgniter(Object(CodeIgniter\CodeIgniter))
 7 FCPATH\index.php(67): CodeIgniter\Boot::bootWeb(Object(Config\Paths))
WARNING - 2026-02-18 03:07:56 --> [DEPRECATED] Creation of dynamic property App\Models\CartModel::$builderCheckoutItems is deprecated in APPPATH\Models\CartModel.php on line 16.
 1 APPPATH\Controllers\CartController.php(26): App\Models\CartModel->__construct()
 2 SYSTEMPATH\CodeIgniter.php(904): App\Controllers\CartController->initController(Object(CodeIgniter\HTTP\IncomingRequest), Object(CodeIgniter\HTTP\Response), Object(CodeIgniter\Log\Logger))
 3 SYSTEMPATH\CodeIgniter.php(498): CodeIgniter\CodeIgniter->createController()
 4 SYSTEMPATH\CodeIgniter.php(354): CodeIgniter\CodeIgniter->handleRequest(null, Object(Config\Cache), false)
 5 SYSTEMPATH\Boot.php(363): CodeIgniter\CodeIgniter->run()
 6 SYSTEMPATH\Boot.php(68): CodeIgniter\Boot::runCodeIgniter(Object(CodeIgniter\CodeIgniter))
 7 FCPATH\index.php(67): CodeIgniter\Boot::bootWeb(Object(Config\Paths))
WARNING - 2026-02-18 03:07:56 --> [DEPRECATED] Creation of dynamic property App\Models\CartModel::$builderPaymentMethods is deprecated in APPPATH\Models\CartModel.php on line 17.
 1 APPPATH\Controllers\CartController.php(26): App\Models\CartModel->__construct()
 2 SYSTEMPATH\CodeIgniter.php(904): App\Controllers\CartController->initController(Object(CodeIgniter\HTTP\IncomingRequest), Object(CodeIgniter\HTTP\Response), Object(CodeIgniter\Log\Logger))
 3 SYSTEMPATH\CodeIgniter.php(498): CodeIgniter\CodeIgniter->createController()
 4 SYSTEMPATH\CodeIgniter.php(354): CodeIgniter\CodeIgniter->handleRequest(null, Object(Config\Cache), false)
 5 SYSTEMPATH\Boot.php(363): CodeIgniter\CodeIgniter->run()
 6 SYSTEMPATH\Boot.php(68): CodeIgniter\Boot::runCodeIgniter(Object(CodeIgniter\CodeIgniter))
 7 FCPATH\index.php(67): CodeIgniter\Boot::bootWeb(Object(Config\Paths))
WARNING - 2026-02-18 03:07:56 --> [DEPRECATED] Creation of dynamic property App\Controllers\CartController::$apiKey is deprecated in APPPATH\Controllers\CartController.php on line 34.
 1 SYSTEMPATH\CodeIgniter.php(904): App\Controllers\CartController->initController(Object(CodeIgniter\HTTP\IncomingRequest), Object(CodeIgniter\HTTP\Response), Object(CodeIgniter\Log\Logger))
 2 SYSTEMPATH\CodeIgniter.php(498): CodeIgniter\CodeIgniter->createController()
 3 SYSTEMPATH\CodeIgniter.php(354): CodeIgniter\CodeIgniter->handleRequest(null, Object(Config\Cache), false)
 4 SYSTEMPATH\Boot.php(363): CodeIgniter\CodeIgniter->run()
 5 SYSTEMPATH\Boot.php(68): CodeIgniter\Boot::runCodeIgniter(Object(CodeIgniter\CodeIgniter))
 6 FCPATH\index.php(67): CodeIgniter\Boot::bootWeb(Object(Config\Paths))
WARNING - 2026-02-18 03:07:56 --> [DEPRECATED] Creation of dynamic property App\Services\OngkirService::$baseUrl is deprecated in APPPATH\Services\OngkirService.php on line 11.
 1 APPPATH\Controllers\CartController.php(186): App\Services\OngkirService->__construct()
 2 SYSTEMPATH\CodeIgniter.php(933): App\Controllers\CartController->shipping()
 3 SYSTEMPATH\CodeIgniter.php(507): CodeIgniter\CodeIgniter->runController(Object(App\Controllers\CartController))
 4 SYSTEMPATH\CodeIgniter.php(354): CodeIgniter\CodeIgniter->handleRequest(null, Object(Config\Cache), false)
 5 SYSTEMPATH\Boot.php(363): CodeIgniter\CodeIgniter->run()
 6 SYSTEMPATH\Boot.php(68): CodeIgniter\Boot::runCodeIgniter(Object(CodeIgniter\CodeIgniter))
 7 FCPATH\index.php(67): CodeIgniter\Boot::bootWeb(Object(Config\Paths))
WARNING - 2026-02-18 03:07:56 --> [DEPRECATED] Creation of dynamic property App\Services\OngkirService::$CALCULATE_DELIVERY_COST is deprecated in APPPATH\Services\OngkirService.php on line 12.
 1 APPPATH\Controllers\CartController.php(186): App\Services\OngkirService->__construct()
 2 SYSTEMPATH\CodeIgniter.php(933): App\Controllers\CartController->shipping()
 3 SYSTEMPATH\CodeIgniter.php(507): CodeIgniter\CodeIgniter->runController(Object(App\Controllers\CartController))
 4 SYSTEMPATH\CodeIgniter.php(354): CodeIgniter\CodeIgniter->handleRequest(null, Object(Config\Cache), false)
 5 SYSTEMPATH\Boot.php(363): CodeIgniter\CodeIgniter->run()
 6 SYSTEMPATH\Boot.php(68): CodeIgniter\Boot::runCodeIgniter(Object(CodeIgniter\CodeIgniter))
 7 FCPATH\index.php(67): CodeIgniter\Boot::bootWeb(Object(Config\Paths))
WARNING - 2026-02-18 03:07:56 --> [DEPRECATED] Creation of dynamic property App\Services\OngkirService::$apiKey is deprecated in APPPATH\Services\OngkirService.php on line 13.
 1 APPPATH\Controllers\CartController.php(186): App\Services\OngkirService->__construct()
 2 SYSTEMPATH\CodeIgniter.php(933): App\Controllers\CartController->shipping()
 3 SYSTEMPATH\CodeIgniter.php(507): CodeIgniter\CodeIgniter->runController(Object(App\Controllers\CartController))
 4 SYSTEMPATH\CodeIgniter.php(354): CodeIgniter\CodeIgniter->handleRequest(null, Object(Config\Cache), false)
 5 SYSTEMPATH\Boot.php(363): CodeIgniter\CodeIgniter->run()
 6 SYSTEMPATH\Boot.php(68): CodeIgniter\Boot::runCodeIgniter(Object(CodeIgniter\CodeIgniter))
 7 FCPATH\index.php(67): CodeIgniter\Boot::bootWeb(Object(Config\Paths))
WARNING - 2026-02-18 03:07:56 --> [DEPRECATED] Creation of dynamic property App\Services\OngkirService::$listCourier is deprecated in APPPATH\Services\OngkirService.php on line 14.
 1 APPPATH\Controllers\CartController.php(186): App\Services\OngkirService->__construct()
 2 SYSTEMPATH\CodeIgniter.php(933): App\Controllers\CartController->shipping()
 3 SYSTEMPATH\CodeIgniter.php(507): CodeIgniter\CodeIgniter->runController(Object(App\Controllers\CartController))
 4 SYSTEMPATH\CodeIgniter.php(354): CodeIgniter\CodeIgniter->handleRequest(null, Object(Config\Cache), false)
 5 SYSTEMPATH\Boot.php(363): CodeIgniter\CodeIgniter->run()
 6 SYSTEMPATH\Boot.php(68): CodeIgniter\Boot::runCodeIgniter(Object(CodeIgniter\CodeIgniter))
 7 FCPATH\index.php(67): CodeIgniter\Boot::bootWeb(Object(Config\Paths))
WARNING - 2026-02-18 03:07:57 --> [DEPRECATED] Creation of dynamic property App\Models\CartModel::$builderCheckouts is deprecated in APPPATH\Models\CartModel.php on line 15.
 1 APPPATH\Controllers\BaseController.php(147): App\Models\CartModel->__construct()
 2 APPPATH\Controllers\AjaxController.php(20): App\Controllers\BaseController->initController(Object(CodeIgniter\HTTP\IncomingRequest), Object(CodeIgniter\HTTP\Response), Object(CodeIgniter\Log\Logger))
 3 SYSTEMPATH\CodeIgniter.php(904): App\Controllers\AjaxController->initController(Object(CodeIgniter\HTTP\IncomingRequest), Object(CodeIgniter\HTTP\Response), Object(CodeIgniter\Log\Logger))
 4 SYSTEMPATH\CodeIgniter.php(498): CodeIgniter\CodeIgniter->createController()
 5 SYSTEMPATH\CodeIgniter.php(354): CodeIgniter\CodeIgniter->handleRequest(null, Object(Config\Cache), false)
 6 SYSTEMPATH\Boot.php(363): CodeIgniter\CodeIgniter->run()
 7 SYSTEMPATH\Boot.php(68): CodeIgniter\Boot::runCodeIgniter(Object(CodeIgniter\CodeIgniter))
 8 FCPATH\index.php(67): CodeIgniter\Boot::bootWeb(Object(Config\Paths))
WARNING - 2026-02-18 03:07:57 --> [DEPRECATED] Creation of dynamic property App\Models\CartModel::$builderCheckoutItems is deprecated in APPPATH\Models\CartModel.php on line 16.
 1 APPPATH\Controllers\BaseController.php(147): App\Models\CartModel->__construct()
 2 APPPATH\Controllers\AjaxController.php(20): App\Controllers\BaseController->initController(Object(CodeIgniter\HTTP\IncomingRequest), Object(CodeIgniter\HTTP\Response), Object(CodeIgniter\Log\Logger))
 3 SYSTEMPATH\CodeIgniter.php(904): App\Controllers\AjaxController->initController(Object(CodeIgniter\HTTP\IncomingRequest), Object(CodeIgniter\HTTP\Response), Object(CodeIgniter\Log\Logger))
 4 SYSTEMPATH\CodeIgniter.php(498): CodeIgniter\CodeIgniter->createController()
 5 SYSTEMPATH\CodeIgniter.php(354): CodeIgniter\CodeIgniter->handleRequest(null, Object(Config\Cache), false)
 6 SYSTEMPATH\Boot.php(363): CodeIgniter\CodeIgniter->run()
 7 SYSTEMPATH\Boot.php(68): CodeIgniter\Boot::runCodeIgniter(Object(CodeIgniter\CodeIgniter))
 8 FCPATH\index.php(67): CodeIgniter\Boot::bootWeb(Object(Config\Paths))
WARNING - 2026-02-18 03:07:57 --> [DEPRECATED] Creation of dynamic property App\Models\CartModel::$builderPaymentMethods is deprecated in APPPATH\Models\CartModel.php on line 17.
 1 APPPATH\Controllers\BaseController.php(147): App\Models\CartModel->__construct()
 2 APPPATH\Controllers\AjaxController.php(20): App\Controllers\BaseController->initController(Object(CodeIgniter\HTTP\IncomingRequest), Object(CodeIgniter\HTTP\Response), Object(CodeIgniter\Log\Logger))
 3 SYSTEMPATH\CodeIgniter.php(904): App\Controllers\AjaxController->initController(Object(CodeIgniter\HTTP\IncomingRequest), Object(CodeIgniter\HTTP\Response), Object(CodeIgniter\Log\Logger))
 4 SYSTEMPATH\CodeIgniter.php(498): CodeIgniter\CodeIgniter->createController()
 5 SYSTEMPATH\CodeIgniter.php(354): CodeIgniter\CodeIgniter->handleRequest(null, Object(Config\Cache), false)
 6 SYSTEMPATH\Boot.php(363): CodeIgniter\CodeIgniter->run()
 7 SYSTEMPATH\Boot.php(68): CodeIgniter\Boot::runCodeIgniter(Object(CodeIgniter\CodeIgniter))
 8 FCPATH\index.php(67): CodeIgniter\Boot::bootWeb(Object(Config\Paths))
WARNING - 2026-02-18 03:07:58 --> [DEPRECATED] Creation of dynamic property App\Models\CartModel::$builderCheckouts is deprecated in APPPATH\Models\CartModel.php on line 15.
 1 APPPATH\Controllers\BaseController.php(147): App\Models\CartModel->__construct()
 2 APPPATH\Controllers\CartController.php(25): App\Controllers\BaseController->initController(Object(CodeIgniter\HTTP\IncomingRequest), Object(CodeIgniter\HTTP\Response), Object(CodeIgniter\Log\Logger))
 3 SYSTEMPATH\CodeIgniter.php(904): App\Controllers\CartController->initController(Object(CodeIgniter\HTTP\IncomingRequest), Object(CodeIgniter\HTTP\Response), Object(CodeIgniter\Log\Logger))
 4 SYSTEMPATH\CodeIgniter.php(498): CodeIgniter\CodeIgniter->createController()
 5 SYSTEMPATH\CodeIgniter.php(354): CodeIgniter\CodeIgniter->handleRequest(null, Object(Config\Cache), false)
 6 SYSTEMPATH\Boot.php(363): CodeIgniter\CodeIgniter->run()
 7 SYSTEMPATH\Boot.php(68): CodeIgniter\Boot::runCodeIgniter(Object(CodeIgniter\CodeIgniter))
 8 FCPATH\index.php(67): CodeIgniter\Boot::bootWeb(Object(Config\Paths))
WARNING - 2026-02-18 03:07:58 --> [DEPRECATED] Creation of dynamic property App\Models\CartModel::$builderCheckoutItems is deprecated in APPPATH\Models\CartModel.php on line 16.
 1 APPPATH\Controllers\BaseController.php(147): App\Models\CartModel->__construct()
 2 APPPATH\Controllers\CartController.php(25): App\Controllers\BaseController->initController(Object(CodeIgniter\HTTP\IncomingRequest), Object(CodeIgniter\HTTP\Response), Object(CodeIgniter\Log\Logger))
 3 SYSTEMPATH\CodeIgniter.php(904): App\Controllers\CartController->initController(Object(CodeIgniter\HTTP\IncomingRequest), Object(CodeIgniter\HTTP\Response), Object(CodeIgniter\Log\Logger))
 4 SYSTEMPATH\CodeIgniter.php(498): CodeIgniter\CodeIgniter->createController()
 5 SYSTEMPATH\CodeIgniter.php(354): CodeIgniter\CodeIgniter->handleRequest(null, Object(Config\Cache), false)
 6 SYSTEMPATH\Boot.php(363): CodeIgniter\CodeIgniter->run()
 7 SYSTEMPATH\Boot.php(68): CodeIgniter\Boot::runCodeIgniter(Object(CodeIgniter\CodeIgniter))
 8 FCPATH\index.php(67): CodeIgniter\Boot::bootWeb(Object(Config\Paths))
WARNING - 2026-02-18 03:07:58 --> [DEPRECATED] Creation of dynamic property App\Models\CartModel::$builderPaymentMethods is deprecated in APPPATH\Models\CartModel.php on line 17.
 1 APPPATH\Controllers\BaseController.php(147): App\Models\CartModel->__construct()
 2 APPPATH\Controllers\CartController.php(25): App\Controllers\BaseController->initController(Object(CodeIgniter\HTTP\IncomingRequest), Object(CodeIgniter\HTTP\Response), Object(CodeIgniter\Log\Logger))
 3 SYSTEMPATH\CodeIgniter.php(904): App\Controllers\CartController->initController(Object(CodeIgniter\HTTP\IncomingRequest), Object(CodeIgniter\HTTP\Response), Object(CodeIgniter\Log\Logger))
 4 SYSTEMPATH\CodeIgniter.php(498): CodeIgniter\CodeIgniter->createController()
 5 SYSTEMPATH\CodeIgniter.php(354): CodeIgniter\CodeIgniter->handleRequest(null, Object(Config\Cache), false)
 6 SYSTEMPATH\Boot.php(363): CodeIgniter\CodeIgniter->run()
 7 SYSTEMPATH\Boot.php(68): CodeIgniter\Boot::runCodeIgniter(Object(CodeIgniter\CodeIgniter))
 8 FCPATH\index.php(67): CodeIgniter\Boot::bootWeb(Object(Config\Paths))
WARNING - 2026-02-18 03:07:58 --> [DEPRECATED] Creation of dynamic property App\Models\CartModel::$builderCheckouts is deprecated in APPPATH\Models\CartModel.php on line 15.
 1 APPPATH\Controllers\CartController.php(26): App\Models\CartModel->__construct()
 2 SYSTEMPATH\CodeIgniter.php(904): App\Controllers\CartController->initController(Object(CodeIgniter\HTTP\IncomingRequest), Object(CodeIgniter\HTTP\Response), Object(CodeIgniter\Log\Logger))
 3 SYSTEMPATH\CodeIgniter.php(498): CodeIgniter\CodeIgniter->createController()
 4 SYSTEMPATH\CodeIgniter.php(354): CodeIgniter\CodeIgniter->handleRequest(null, Object(Config\Cache), false)
 5 SYSTEMPATH\Boot.php(363): CodeIgniter\CodeIgniter->run()
 6 SYSTEMPATH\Boot.php(68): CodeIgniter\Boot::runCodeIgniter(Object(CodeIgniter\CodeIgniter))
 7 FCPATH\index.php(67): CodeIgniter\Boot::bootWeb(Object(Config\Paths))
WARNING - 2026-02-18 03:07:58 --> [DEPRECATED] Creation of dynamic property App\Models\CartModel::$builderCheckoutItems is deprecated in APPPATH\Models\CartModel.php on line 16.
 1 APPPATH\Controllers\CartController.php(26): App\Models\CartModel->__construct()
 2 SYSTEMPATH\CodeIgniter.php(904): App\Controllers\CartController->initController(Object(CodeIgniter\HTTP\IncomingRequest), Object(CodeIgniter\HTTP\Response), Object(CodeIgniter\Log\Logger))
 3 SYSTEMPATH\CodeIgniter.php(498): CodeIgniter\CodeIgniter->createController()
 4 SYSTEMPATH\CodeIgniter.php(354): CodeIgniter\CodeIgniter->handleRequest(null, Object(Config\Cache), false)
 5 SYSTEMPATH\Boot.php(363): CodeIgniter\CodeIgniter->run()
 6 SYSTEMPATH\Boot.php(68): CodeIgniter\Boot::runCodeIgniter(Object(CodeIgniter\CodeIgniter))
 7 FCPATH\index.php(67): CodeIgniter\Boot::bootWeb(Object(Config\Paths))
WARNING - 2026-02-18 03:07:58 --> [DEPRECATED] Creation of dynamic property App\Models\CartModel::$builderPaymentMethods is deprecated in APPPATH\Models\CartModel.php on line 17.
 1 APPPATH\Controllers\CartController.php(26): App\Models\CartModel->__construct()
 2 SYSTEMPATH\CodeIgniter.php(904): App\Controllers\CartController->initController(Object(CodeIgniter\HTTP\IncomingRequest), Object(CodeIgniter\HTTP\Response), Object(CodeIgniter\Log\Logger))
 3 SYSTEMPATH\CodeIgniter.php(498): CodeIgniter\CodeIgniter->createController()
 4 SYSTEMPATH\CodeIgniter.php(354): CodeIgniter\CodeIgniter->handleRequest(null, Object(Config\Cache), false)
 5 SYSTEMPATH\Boot.php(363): CodeIgniter\CodeIgniter->run()
 6 SYSTEMPATH\Boot.php(68): CodeIgniter\Boot::runCodeIgniter(Object(CodeIgniter\CodeIgniter))
 7 FCPATH\index.php(67): CodeIgniter\Boot::bootWeb(Object(Config\Paths))
WARNING - 2026-02-18 03:07:58 --> [DEPRECATED] Creation of dynamic property App\Controllers\CartController::$apiKey is deprecated in APPPATH\Controllers\CartController.php on line 34.
 1 SYSTEMPATH\CodeIgniter.php(904): App\Controllers\CartController->initController(Object(CodeIgniter\HTTP\IncomingRequest), Object(CodeIgniter\HTTP\Response), Object(CodeIgniter\Log\Logger))
 2 SYSTEMPATH\CodeIgniter.php(498): CodeIgniter\CodeIgniter->createController()
 3 SYSTEMPATH\CodeIgniter.php(354): CodeIgniter\CodeIgniter->handleRequest(null, Object(Config\Cache), false)
 4 SYSTEMPATH\Boot.php(363): CodeIgniter\CodeIgniter->run()
 5 SYSTEMPATH\Boot.php(68): CodeIgniter\Boot::runCodeIgniter(Object(CodeIgniter\CodeIgniter))
 6 FCPATH\index.php(67): CodeIgniter\Boot::bootWeb(Object(Config\Paths))
WARNING - 2026-02-18 03:08:01 --> [DEPRECATED] Creation of dynamic property App\Models\CartModel::$builderCheckouts is deprecated in APPPATH\Models\CartModel.php on line 15.
 1 APPPATH\Controllers\BaseController.php(147): App\Models\CartModel->__construct()
 2 APPPATH\Controllers\AuthController.php(14): App\Controllers\BaseController->initController(Object(CodeIgniter\HTTP\IncomingRequest), Object(CodeIgniter\HTTP\Response), Object(CodeIgniter\Log\Logger))
 3 SYSTEMPATH\CodeIgniter.php(904): App\Controllers\AuthController->initController(Object(CodeIgniter\HTTP\IncomingRequest), Object(CodeIgniter\HTTP\Response), Object(CodeIgniter\Log\Logger))
 4 SYSTEMPATH\CodeIgniter.php(498): CodeIgniter\CodeIgniter->createController()
 5 SYSTEMPATH\CodeIgniter.php(354): CodeIgniter\CodeIgniter->handleRequest(null, Object(Config\Cache), false)
 6 SYSTEMPATH\Boot.php(363): CodeIgniter\CodeIgniter->run()
 7 SYSTEMPATH\Boot.php(68): CodeIgniter\Boot::runCodeIgniter(Object(CodeIgniter\CodeIgniter))
 8 FCPATH\index.php(67): CodeIgniter\Boot::bootWeb(Object(Config\Paths))
WARNING - 2026-02-18 03:08:01 --> [DEPRECATED] Creation of dynamic property App\Models\CartModel::$builderCheckoutItems is deprecated in APPPATH\Models\CartModel.php on line 16.
 1 APPPATH\Controllers\BaseController.php(147): App\Models\CartModel->__construct()
 2 APPPATH\Controllers\AuthController.php(14): App\Controllers\BaseController->initController(Object(CodeIgniter\HTTP\IncomingRequest), Object(CodeIgniter\HTTP\Response), Object(CodeIgniter\Log\Logger))
 3 SYSTEMPATH\CodeIgniter.php(904): App\Controllers\AuthController->initController(Object(CodeIgniter\HTTP\IncomingRequest), Object(CodeIgniter\HTTP\Response), Object(CodeIgniter\Log\Logger))
 4 SYSTEMPATH\CodeIgniter.php(498): CodeIgniter\CodeIgniter->createController()
 5 SYSTEMPATH\CodeIgniter.php(354): CodeIgniter\CodeIgniter->handleRequest(null, Object(Config\Cache), false)
 6 SYSTEMPATH\Boot.php(363): CodeIgniter\CodeIgniter->run()
 7 SYSTEMPATH\Boot.php(68): CodeIgniter\Boot::runCodeIgniter(Object(CodeIgniter\CodeIgniter))
 8 FCPATH\index.php(67): CodeIgniter\Boot::bootWeb(Object(Config\Paths))
WARNING - 2026-02-18 03:08:01 --> [DEPRECATED] Creation of dynamic property App\Models\CartModel::$builderPaymentMethods is deprecated in APPPATH\Models\CartModel.php on line 17.
 1 APPPATH\Controllers\BaseController.php(147): App\Models\CartModel->__construct()
 2 APPPATH\Controllers\AuthController.php(14): App\Controllers\BaseController->initController(Object(CodeIgniter\HTTP\IncomingRequest), Object(CodeIgniter\HTTP\Response), Object(CodeIgniter\Log\Logger))
 3 SYSTEMPATH\CodeIgniter.php(904): App\Controllers\AuthController->initController(Object(CodeIgniter\HTTP\IncomingRequest), Object(CodeIgniter\HTTP\Response), Object(CodeIgniter\Log\Logger))
 4 SYSTEMPATH\CodeIgniter.php(498): CodeIgniter\CodeIgniter->createController()
 5 SYSTEMPATH\CodeIgniter.php(354): CodeIgniter\CodeIgniter->handleRequest(null, Object(Config\Cache), false)
 6 SYSTEMPATH\Boot.php(363): CodeIgniter\CodeIgniter->run()
 7 SYSTEMPATH\Boot.php(68): CodeIgniter\Boot::runCodeIgniter(Object(CodeIgniter\CodeIgniter))
 8 FCPATH\index.php(67): CodeIgniter\Boot::bootWeb(Object(Config\Paths))
WARNING - 2026-02-18 03:08:01 --> [DEPRECATED] Creation of dynamic property App\Models\CartModel::$builderCheckouts is deprecated in APPPATH\Models\CartModel.php on line 15.
 1 APPPATH\Controllers\BaseController.php(147): App\Models\CartModel->__construct()
 2 APPPATH\Controllers\CartController.php(25): App\Controllers\BaseController->initController(Object(CodeIgniter\HTTP\IncomingRequest), Object(CodeIgniter\HTTP\Response), Object(CodeIgniter\Log\Logger))
 3 SYSTEMPATH\CodeIgniter.php(904): App\Controllers\CartController->initController(Object(CodeIgniter\HTTP\IncomingRequest), Object(CodeIgniter\HTTP\Response), Object(CodeIgniter\Log\Logger))
 4 SYSTEMPATH\CodeIgniter.php(498): CodeIgniter\CodeIgniter->createController()
 5 SYSTEMPATH\CodeIgniter.php(354): CodeIgniter\CodeIgniter->handleRequest(null, Object(Config\Cache), false)
 6 SYSTEMPATH\Boot.php(363): CodeIgniter\CodeIgniter->run()
 7 SYSTEMPATH\Boot.php(68): CodeIgniter\Boot::runCodeIgniter(Object(CodeIgniter\CodeIgniter))
 8 FCPATH\index.php(67): CodeIgniter\Boot::bootWeb(Object(Config\Paths))
WARNING - 2026-02-18 03:08:01 --> [DEPRECATED] Creation of dynamic property App\Models\CartModel::$builderCheckoutItems is deprecated in APPPATH\Models\CartModel.php on line 16.
 1 APPPATH\Controllers\BaseController.php(147): App\Models\CartModel->__construct()
 2 APPPATH\Controllers\CartController.php(25): App\Controllers\BaseController->initController(Object(CodeIgniter\HTTP\IncomingRequest), Object(CodeIgniter\HTTP\Response), Object(CodeIgniter\Log\Logger))
 3 SYSTEMPATH\CodeIgniter.php(904): App\Controllers\CartController->initController(Object(CodeIgniter\HTTP\IncomingRequest), Object(CodeIgniter\HTTP\Response), Object(CodeIgniter\Log\Logger))
 4 SYSTEMPATH\CodeIgniter.php(498): CodeIgniter\CodeIgniter->createController()
 5 SYSTEMPATH\CodeIgniter.php(354): CodeIgniter\CodeIgniter->handleRequest(null, Object(Config\Cache), false)
 6 SYSTEMPATH\Boot.php(363): CodeIgniter\CodeIgniter->run()
 7 SYSTEMPATH\Boot.php(68): CodeIgniter\Boot::runCodeIgniter(Object(CodeIgniter\CodeIgniter))
 8 FCPATH\index.php(67): CodeIgniter\Boot::bootWeb(Object(Config\Paths))
WARNING - 2026-02-18 03:08:01 --> [DEPRECATED] Creation of dynamic property App\Models\CartModel::$builderPaymentMethods is deprecated in APPPATH\Models\CartModel.php on line 17.
 1 APPPATH\Controllers\BaseController.php(147): App\Models\CartModel->__construct()
 2 APPPATH\Controllers\CartController.php(25): App\Controllers\BaseController->initController(Object(CodeIgniter\HTTP\IncomingRequest), Object(CodeIgniter\HTTP\Response), Object(CodeIgniter\Log\Logger))
 3 SYSTEMPATH\CodeIgniter.php(904): App\Controllers\CartController->initController(Object(CodeIgniter\HTTP\IncomingRequest), Object(CodeIgniter\HTTP\Response), Object(CodeIgniter\Log\Logger))
 4 SYSTEMPATH\CodeIgniter.php(498): CodeIgniter\CodeIgniter->createController()
 5 SYSTEMPATH\CodeIgniter.php(354): CodeIgniter\CodeIgniter->handleRequest(null, Object(Config\Cache), false)
 6 SYSTEMPATH\Boot.php(363): CodeIgniter\CodeIgniter->run()
 7 SYSTEMPATH\Boot.php(68): CodeIgniter\Boot::runCodeIgniter(Object(CodeIgniter\CodeIgniter))
 8 FCPATH\index.php(67): CodeIgniter\Boot::bootWeb(Object(Config\Paths))
WARNING - 2026-02-18 03:08:01 --> [DEPRECATED] Creation of dynamic property App\Models\CartModel::$builderCheckouts is deprecated in APPPATH\Models\CartModel.php on line 15.
 1 APPPATH\Controllers\CartController.php(26): App\Models\CartModel->__construct()
 2 SYSTEMPATH\CodeIgniter.php(904): App\Controllers\CartController->initController(Object(CodeIgniter\HTTP\IncomingRequest), Object(CodeIgniter\HTTP\Response), Object(CodeIgniter\Log\Logger))
 3 SYSTEMPATH\CodeIgniter.php(498): CodeIgniter\CodeIgniter->createController()
 4 SYSTEMPATH\CodeIgniter.php(354): CodeIgniter\CodeIgniter->handleRequest(null, Object(Config\Cache), false)
 5 SYSTEMPATH\Boot.php(363): CodeIgniter\CodeIgniter->run()
 6 SYSTEMPATH\Boot.php(68): CodeIgniter\Boot::runCodeIgniter(Object(CodeIgniter\CodeIgniter))
 7 FCPATH\index.php(67): CodeIgniter\Boot::bootWeb(Object(Config\Paths))
WARNING - 2026-02-18 03:08:01 --> [DEPRECATED] Creation of dynamic property App\Models\CartModel::$builderCheckoutItems is deprecated in APPPATH\Models\CartModel.php on line 16.
 1 APPPATH\Controllers\CartController.php(26): App\Models\CartModel->__construct()
 2 SYSTEMPATH\CodeIgniter.php(904): App\Controllers\CartController->initController(Object(CodeIgniter\HTTP\IncomingRequest), Object(CodeIgniter\HTTP\Response), Object(CodeIgniter\Log\Logger))
 3 SYSTEMPATH\CodeIgniter.php(498): CodeIgniter\CodeIgniter->createController()
 4 SYSTEMPATH\CodeIgniter.php(354): CodeIgniter\CodeIgniter->handleRequest(null, Object(Config\Cache), false)
 5 SYSTEMPATH\Boot.php(363): CodeIgniter\CodeIgniter->run()
 6 SYSTEMPATH\Boot.php(68): CodeIgniter\Boot::runCodeIgniter(Object(CodeIgniter\CodeIgniter))
 7 FCPATH\index.php(67): CodeIgniter\Boot::bootWeb(Object(Config\Paths))
WARNING - 2026-02-18 03:08:01 --> [DEPRECATED] Creation of dynamic property App\Models\CartModel::$builderPaymentMethods is deprecated in APPPATH\Models\CartModel.php on line 17.
 1 APPPATH\Controllers\CartController.php(26): App\Models\CartModel->__construct()
 2 SYSTEMPATH\CodeIgniter.php(904): App\Controllers\CartController->initController(Object(CodeIgniter\HTTP\IncomingRequest), Object(CodeIgniter\HTTP\Response), Object(CodeIgniter\Log\Logger))
 3 SYSTEMPATH\CodeIgniter.php(498): CodeIgniter\CodeIgniter->createController()
 4 SYSTEMPATH\CodeIgniter.php(354): CodeIgniter\CodeIgniter->handleRequest(null, Object(Config\Cache), false)
 5 SYSTEMPATH\Boot.php(363): CodeIgniter\CodeIgniter->run()
 6 SYSTEMPATH\Boot.php(68): CodeIgniter\Boot::runCodeIgniter(Object(CodeIgniter\CodeIgniter))
 7 FCPATH\index.php(67): CodeIgniter\Boot::bootWeb(Object(Config\Paths))
WARNING - 2026-02-18 03:08:01 --> [DEPRECATED] Creation of dynamic property App\Controllers\CartController::$apiKey is deprecated in APPPATH\Controllers\CartController.php on line 34.
 1 SYSTEMPATH\CodeIgniter.php(904): App\Controllers\CartController->initController(Object(CodeIgniter\HTTP\IncomingRequest), Object(CodeIgniter\HTTP\Response), Object(CodeIgniter\Log\Logger))
 2 SYSTEMPATH\CodeIgniter.php(498): CodeIgniter\CodeIgniter->createController()
 3 SYSTEMPATH\CodeIgniter.php(354): CodeIgniter\CodeIgniter->handleRequest(null, Object(Config\Cache), false)
 4 SYSTEMPATH\Boot.php(363): CodeIgniter\CodeIgniter->run()
 5 SYSTEMPATH\Boot.php(68): CodeIgniter\Boot::runCodeIgniter(Object(CodeIgniter\CodeIgniter))
 6 FCPATH\index.php(67): CodeIgniter\Boot::bootWeb(Object(Config\Paths))
WARNING - 2026-02-18 03:08:01 --> [DEPRECATED] Creation of dynamic property App\Services\OngkirService::$baseUrl is deprecated in APPPATH\Services\OngkirService.php on line 11.
 1 APPPATH\Controllers\CartController.php(186): App\Services\OngkirService->__construct()
 2 SYSTEMPATH\CodeIgniter.php(933): App\Controllers\CartController->shipping()
 3 SYSTEMPATH\CodeIgniter.php(507): CodeIgniter\CodeIgniter->runController(Object(App\Controllers\CartController))
 4 SYSTEMPATH\CodeIgniter.php(354): CodeIgniter\CodeIgniter->handleRequest(null, Object(Config\Cache), false)
 5 SYSTEMPATH\Boot.php(363): CodeIgniter\CodeIgniter->run()
 6 SYSTEMPATH\Boot.php(68): CodeIgniter\Boot::runCodeIgniter(Object(CodeIgniter\CodeIgniter))
 7 FCPATH\index.php(67): CodeIgniter\Boot::bootWeb(Object(Config\Paths))
WARNING - 2026-02-18 03:08:01 --> [DEPRECATED] Creation of dynamic property App\Services\OngkirService::$CALCULATE_DELIVERY_COST is deprecated in APPPATH\Services\OngkirService.php on line 12.
 1 APPPATH\Controllers\CartController.php(186): App\Services\OngkirService->__construct()
 2 SYSTEMPATH\CodeIgniter.php(933): App\Controllers\CartController->shipping()
 3 SYSTEMPATH\CodeIgniter.php(507): CodeIgniter\CodeIgniter->runController(Object(App\Controllers\CartController))
 4 SYSTEMPATH\CodeIgniter.php(354): CodeIgniter\CodeIgniter->handleRequest(null, Object(Config\Cache), false)
 5 SYSTEMPATH\Boot.php(363): CodeIgniter\CodeIgniter->run()
 6 SYSTEMPATH\Boot.php(68): CodeIgniter\Boot::runCodeIgniter(Object(CodeIgniter\CodeIgniter))
 7 FCPATH\index.php(67): CodeIgniter\Boot::bootWeb(Object(Config\Paths))
WARNING - 2026-02-18 03:08:01 --> [DEPRECATED] Creation of dynamic property App\Services\OngkirService::$apiKey is deprecated in APPPATH\Services\OngkirService.php on line 13.
 1 APPPATH\Controllers\CartController.php(186): App\Services\OngkirService->__construct()
 2 SYSTEMPATH\CodeIgniter.php(933): App\Controllers\CartController->shipping()
 3 SYSTEMPATH\CodeIgniter.php(507): CodeIgniter\CodeIgniter->runController(Object(App\Controllers\CartController))
 4 SYSTEMPATH\CodeIgniter.php(354): CodeIgniter\CodeIgniter->handleRequest(null, Object(Config\Cache), false)
 5 SYSTEMPATH\Boot.php(363): CodeIgniter\CodeIgniter->run()
 6 SYSTEMPATH\Boot.php(68): CodeIgniter\Boot::runCodeIgniter(Object(CodeIgniter\CodeIgniter))
 7 FCPATH\index.php(67): CodeIgniter\Boot::bootWeb(Object(Config\Paths))
WARNING - 2026-02-18 03:08:01 --> [DEPRECATED] Creation of dynamic property App\Services\OngkirService::$listCourier is deprecated in APPPATH\Services\OngkirService.php on line 14.
 1 APPPATH\Controllers\CartController.php(186): App\Services\OngkirService->__construct()
 2 SYSTEMPATH\CodeIgniter.php(933): App\Controllers\CartController->shipping()
 3 SYSTEMPATH\CodeIgniter.php(507): CodeIgniter\CodeIgniter->runController(Object(App\Controllers\CartController))
 4 SYSTEMPATH\CodeIgniter.php(354): CodeIgniter\CodeIgniter->handleRequest(null, Object(Config\Cache), false)
 5 SYSTEMPATH\Boot.php(363): CodeIgniter\CodeIgniter->run()
 6 SYSTEMPATH\Boot.php(68): CodeIgniter\Boot::runCodeIgniter(Object(CodeIgniter\CodeIgniter))
 7 FCPATH\index.php(67): CodeIgniter\Boot::bootWeb(Object(Config\Paths))
WARNING - 2026-02-18 03:08:01 --> [DEPRECATED] Creation of dynamic property App\Models\CartModel::$builderCheckouts is deprecated in APPPATH\Models\CartModel.php on line 15.
 1 APPPATH\Controllers\BaseController.php(147): App\Models\CartModel->__construct()
 2 APPPATH\Controllers\CartController.php(25): App\Controllers\BaseController->initController(Object(CodeIgniter\HTTP\IncomingRequest), Object(CodeIgniter\HTTP\Response), Object(CodeIgniter\Log\Logger))
 3 SYSTEMPATH\CodeIgniter.php(904): App\Controllers\CartController->initController(Object(CodeIgniter\HTTP\IncomingRequest), Object(CodeIgniter\HTTP\Response), Object(CodeIgniter\Log\Logger))
 4 SYSTEMPATH\CodeIgniter.php(498): CodeIgniter\CodeIgniter->createController()
 5 SYSTEMPATH\CodeIgniter.php(354): CodeIgniter\CodeIgniter->handleRequest(null, Object(Config\Cache), false)
 6 SYSTEMPATH\Boot.php(363): CodeIgniter\CodeIgniter->run()
 7 SYSTEMPATH\Boot.php(68): CodeIgniter\Boot::runCodeIgniter(Object(CodeIgniter\CodeIgniter))
 8 FCPATH\index.php(67): CodeIgniter\Boot::bootWeb(Object(Config\Paths))
WARNING - 2026-02-18 03:08:01 --> [DEPRECATED] Creation of dynamic property App\Models\CartModel::$builderCheckoutItems is deprecated in APPPATH\Models\CartModel.php on line 16.
 1 APPPATH\Controllers\BaseController.php(147): App\Models\CartModel->__construct()
 2 APPPATH\Controllers\CartController.php(25): App\Controllers\BaseController->initController(Object(CodeIgniter\HTTP\IncomingRequest), Object(CodeIgniter\HTTP\Response), Object(CodeIgniter\Log\Logger))
 3 SYSTEMPATH\CodeIgniter.php(904): App\Controllers\CartController->initController(Object(CodeIgniter\HTTP\IncomingRequest), Object(CodeIgniter\HTTP\Response), Object(CodeIgniter\Log\Logger))
 4 SYSTEMPATH\CodeIgniter.php(498): CodeIgniter\CodeIgniter->createController()
 5 SYSTEMPATH\CodeIgniter.php(354): CodeIgniter\CodeIgniter->handleRequest(null, Object(Config\Cache), false)
 6 SYSTEMPATH\Boot.php(363): CodeIgniter\CodeIgniter->run()
 7 SYSTEMPATH\Boot.php(68): CodeIgniter\Boot::runCodeIgniter(Object(CodeIgniter\CodeIgniter))
 8 FCPATH\index.php(67): CodeIgniter\Boot::bootWeb(Object(Config\Paths))
WARNING - 2026-02-18 03:08:01 --> [DEPRECATED] Creation of dynamic property App\Models\CartModel::$builderPaymentMethods is deprecated in APPPATH\Models\CartModel.php on line 17.
 1 APPPATH\Controllers\BaseController.php(147): App\Models\CartModel->__construct()
 2 APPPATH\Controllers\CartController.php(25): App\Controllers\BaseController->initController(Object(CodeIgniter\HTTP\IncomingRequest), Object(CodeIgniter\HTTP\Response), Object(CodeIgniter\Log\Logger))
 3 SYSTEMPATH\CodeIgniter.php(904): App\Controllers\CartController->initController(Object(CodeIgniter\HTTP\IncomingRequest), Object(CodeIgniter\HTTP\Response), Object(CodeIgniter\Log\Logger))
 4 SYSTEMPATH\CodeIgniter.php(498): CodeIgniter\CodeIgniter->createController()
 5 SYSTEMPATH\CodeIgniter.php(354): CodeIgniter\CodeIgniter->handleRequest(null, Object(Config\Cache), false)
 6 SYSTEMPATH\Boot.php(363): CodeIgniter\CodeIgniter->run()
 7 SYSTEMPATH\Boot.php(68): CodeIgniter\Boot::runCodeIgniter(Object(CodeIgniter\CodeIgniter))
 8 FCPATH\index.php(67): CodeIgniter\Boot::bootWeb(Object(Config\Paths))
WARNING - 2026-02-18 03:08:01 --> [DEPRECATED] Creation of dynamic property App\Models\CartModel::$builderCheckouts is deprecated in APPPATH\Models\CartModel.php on line 15.
 1 APPPATH\Controllers\CartController.php(26): App\Models\CartModel->__construct()
 2 SYSTEMPATH\CodeIgniter.php(904): App\Controllers\CartController->initController(Object(CodeIgniter\HTTP\IncomingRequest), Object(CodeIgniter\HTTP\Response), Object(CodeIgniter\Log\Logger))
 3 SYSTEMPATH\CodeIgniter.php(498): CodeIgniter\CodeIgniter->createController()
 4 SYSTEMPATH\CodeIgniter.php(354): CodeIgniter\CodeIgniter->handleRequest(null, Object(Config\Cache), false)
 5 SYSTEMPATH\Boot.php(363): CodeIgniter\CodeIgniter->run()
 6 SYSTEMPATH\Boot.php(68): CodeIgniter\Boot::runCodeIgniter(Object(CodeIgniter\CodeIgniter))
 7 FCPATH\index.php(67): CodeIgniter\Boot::bootWeb(Object(Config\Paths))
WARNING - 2026-02-18 03:08:01 --> [DEPRECATED] Creation of dynamic property App\Models\CartModel::$builderCheckoutItems is deprecated in APPPATH\Models\CartModel.php on line 16.
 1 APPPATH\Controllers\CartController.php(26): App\Models\CartModel->__construct()
 2 SYSTEMPATH\CodeIgniter.php(904): App\Controllers\CartController->initController(Object(CodeIgniter\HTTP\IncomingRequest), Object(CodeIgniter\HTTP\Response), Object(CodeIgniter\Log\Logger))
 3 SYSTEMPATH\CodeIgniter.php(498): CodeIgniter\CodeIgniter->createController()
 4 SYSTEMPATH\CodeIgniter.php(354): CodeIgniter\CodeIgniter->handleRequest(null, Object(Config\Cache), false)
 5 SYSTEMPATH\Boot.php(363): CodeIgniter\CodeIgniter->run()
 6 SYSTEMPATH\Boot.php(68): CodeIgniter\Boot::runCodeIgniter(Object(CodeIgniter\CodeIgniter))
 7 FCPATH\index.php(67): CodeIgniter\Boot::bootWeb(Object(Config\Paths))
WARNING - 2026-02-18 03:08:01 --> [DEPRECATED] Creation of dynamic property App\Models\CartModel::$builderPaymentMethods is deprecated in APPPATH\Models\CartModel.php on line 17.
 1 APPPATH\Controllers\CartController.php(26): App\Models\CartModel->__construct()
 2 SYSTEMPATH\CodeIgniter.php(904): App\Controllers\CartController->initController(Object(CodeIgniter\HTTP\IncomingRequest), Object(CodeIgniter\HTTP\Response), Object(CodeIgniter\Log\Logger))
 3 SYSTEMPATH\CodeIgniter.php(498): CodeIgniter\CodeIgniter->createController()
 4 SYSTEMPATH\CodeIgniter.php(354): CodeIgniter\CodeIgniter->handleRequest(null, Object(Config\Cache), false)
 5 SYSTEMPATH\Boot.php(363): CodeIgniter\CodeIgniter->run()
 6 SYSTEMPATH\Boot.php(68): CodeIgniter\Boot::runCodeIgniter(Object(CodeIgniter\CodeIgniter))
 7 FCPATH\index.php(67): CodeIgniter\Boot::bootWeb(Object(Config\Paths))
WARNING - 2026-02-18 03:08:01 --> [DEPRECATED] Creation of dynamic property App\Controllers\CartController::$apiKey is deprecated in APPPATH\Controllers\CartController.php on line 34.
 1 SYSTEMPATH\CodeIgniter.php(904): App\Controllers\CartController->initController(Object(CodeIgniter\HTTP\IncomingRequest), Object(CodeIgniter\HTTP\Response), Object(CodeIgniter\Log\Logger))
 2 SYSTEMPATH\CodeIgniter.php(498): CodeIgniter\CodeIgniter->createController()
 3 SYSTEMPATH\CodeIgniter.php(354): CodeIgniter\CodeIgniter->handleRequest(null, Object(Config\Cache), false)
 4 SYSTEMPATH\Boot.php(363): CodeIgniter\CodeIgniter->run()
 5 SYSTEMPATH\Boot.php(68): CodeIgniter\Boot::runCodeIgniter(Object(CodeIgniter\CodeIgniter))
 6 FCPATH\index.php(67): CodeIgniter\Boot::bootWeb(Object(Config\Paths))
WARNING - 2026-02-18 03:08:02 --> [DEPRECATED] Creation of dynamic property App\Models\CartModel::$builderCheckouts is deprecated in APPPATH\Models\CartModel.php on line 15.
 1 APPPATH\Controllers\BaseController.php(147): App\Models\CartModel->__construct()
 2 APPPATH\Controllers\AjaxController.php(20): App\Controllers\BaseController->initController(Object(CodeIgniter\HTTP\IncomingRequest), Object(CodeIgniter\HTTP\Response), Object(CodeIgniter\Log\Logger))
 3 SYSTEMPATH\CodeIgniter.php(904): App\Controllers\AjaxController->initController(Object(CodeIgniter\HTTP\IncomingRequest), Object(CodeIgniter\HTTP\Response), Object(CodeIgniter\Log\Logger))
 4 SYSTEMPATH\CodeIgniter.php(498): CodeIgniter\CodeIgniter->createController()
 5 SYSTEMPATH\CodeIgniter.php(354): CodeIgniter\CodeIgniter->handleRequest(null, Object(Config\Cache), false)
 6 SYSTEMPATH\Boot.php(363): CodeIgniter\CodeIgniter->run()
 7 SYSTEMPATH\Boot.php(68): CodeIgniter\Boot::runCodeIgniter(Object(CodeIgniter\CodeIgniter))
 8 FCPATH\index.php(67): CodeIgniter\Boot::bootWeb(Object(Config\Paths))
WARNING - 2026-02-18 03:08:02 --> [DEPRECATED] Creation of dynamic property App\Models\CartModel::$builderCheckoutItems is deprecated in APPPATH\Models\CartModel.php on line 16.
 1 APPPATH\Controllers\BaseController.php(147): App\Models\CartModel->__construct()
 2 APPPATH\Controllers\AjaxController.php(20): App\Controllers\BaseController->initController(Object(CodeIgniter\HTTP\IncomingRequest), Object(CodeIgniter\HTTP\Response), Object(CodeIgniter\Log\Logger))
 3 SYSTEMPATH\CodeIgniter.php(904): App\Controllers\AjaxController->initController(Object(CodeIgniter\HTTP\IncomingRequest), Object(CodeIgniter\HTTP\Response), Object(CodeIgniter\Log\Logger))
 4 SYSTEMPATH\CodeIgniter.php(498): CodeIgniter\CodeIgniter->createController()
 5 SYSTEMPATH\CodeIgniter.php(354): CodeIgniter\CodeIgniter->handleRequest(null, Object(Config\Cache), false)
 6 SYSTEMPATH\Boot.php(363): CodeIgniter\CodeIgniter->run()
 7 SYSTEMPATH\Boot.php(68): CodeIgniter\Boot::runCodeIgniter(Object(CodeIgniter\CodeIgniter))
 8 FCPATH\index.php(67): CodeIgniter\Boot::bootWeb(Object(Config\Paths))
WARNING - 2026-02-18 03:08:02 --> [DEPRECATED] Creation of dynamic property App\Models\CartModel::$builderPaymentMethods is deprecated in APPPATH\Models\CartModel.php on line 17.
 1 APPPATH\Controllers\BaseController.php(147): App\Models\CartModel->__construct()
 2 APPPATH\Controllers\AjaxController.php(20): App\Controllers\BaseController->initController(Object(CodeIgniter\HTTP\IncomingRequest), Object(CodeIgniter\HTTP\Response), Object(CodeIgniter\Log\Logger))
 3 SYSTEMPATH\CodeIgniter.php(904): App\Controllers\AjaxController->initController(Object(CodeIgniter\HTTP\IncomingRequest), Object(CodeIgniter\HTTP\Response), Object(CodeIgniter\Log\Logger))
 4 SYSTEMPATH\CodeIgniter.php(498): CodeIgniter\CodeIgniter->createController()
 5 SYSTEMPATH\CodeIgniter.php(354): CodeIgniter\CodeIgniter->handleRequest(null, Object(Config\Cache), false)
 6 SYSTEMPATH\Boot.php(363): CodeIgniter\CodeIgniter->run()
 7 SYSTEMPATH\Boot.php(68): CodeIgniter\Boot::runCodeIgniter(Object(CodeIgniter\CodeIgniter))
 8 FCPATH\index.php(67): CodeIgniter\Boot::bootWeb(Object(Config\Paths))
WARNING - 2026-02-18 03:08:03 --> [DEPRECATED] Creation of dynamic property App\Models\CartModel::$builderCheckouts is deprecated in APPPATH\Models\CartModel.php on line 15.
 1 APPPATH\Controllers\BaseController.php(147): App\Models\CartModel->__construct()
 2 APPPATH\Controllers\CartController.php(25): App\Controllers\BaseController->initController(Object(CodeIgniter\HTTP\IncomingRequest), Object(CodeIgniter\HTTP\Response), Object(CodeIgniter\Log\Logger))
 3 SYSTEMPATH\CodeIgniter.php(904): App\Controllers\CartController->initController(Object(CodeIgniter\HTTP\IncomingRequest), Object(CodeIgniter\HTTP\Response), Object(CodeIgniter\Log\Logger))
 4 SYSTEMPATH\CodeIgniter.php(498): CodeIgniter\CodeIgniter->createController()
 5 SYSTEMPATH\CodeIgniter.php(354): CodeIgniter\CodeIgniter->handleRequest(null, Object(Config\Cache), false)
 6 SYSTEMPATH\Boot.php(363): CodeIgniter\CodeIgniter->run()
 7 SYSTEMPATH\Boot.php(68): CodeIgniter\Boot::runCodeIgniter(Object(CodeIgniter\CodeIgniter))
 8 FCPATH\index.php(67): CodeIgniter\Boot::bootWeb(Object(Config\Paths))
WARNING - 2026-02-18 03:08:03 --> [DEPRECATED] Creation of dynamic property App\Models\CartModel::$builderCheckoutItems is deprecated in APPPATH\Models\CartModel.php on line 16.
 1 APPPATH\Controllers\BaseController.php(147): App\Models\CartModel->__construct()
 2 APPPATH\Controllers\CartController.php(25): App\Controllers\BaseController->initController(Object(CodeIgniter\HTTP\IncomingRequest), Object(CodeIgniter\HTTP\Response), Object(CodeIgniter\Log\Logger))
 3 SYSTEMPATH\CodeIgniter.php(904): App\Controllers\CartController->initController(Object(CodeIgniter\HTTP\IncomingRequest), Object(CodeIgniter\HTTP\Response), Object(CodeIgniter\Log\Logger))
 4 SYSTEMPATH\CodeIgniter.php(498): CodeIgniter\CodeIgniter->createController()
 5 SYSTEMPATH\CodeIgniter.php(354): CodeIgniter\CodeIgniter->handleRequest(null, Object(Config\Cache), false)
 6 SYSTEMPATH\Boot.php(363): CodeIgniter\CodeIgniter->run()
 7 SYSTEMPATH\Boot.php(68): CodeIgniter\Boot::runCodeIgniter(Object(CodeIgniter\CodeIgniter))
 8 FCPATH\index.php(67): CodeIgniter\Boot::bootWeb(Object(Config\Paths))
WARNING - 2026-02-18 03:08:03 --> [DEPRECATED] Creation of dynamic property App\Models\CartModel::$builderPaymentMethods is deprecated in APPPATH\Models\CartModel.php on line 17.
 1 APPPATH\Controllers\BaseController.php(147): App\Models\CartModel->__construct()
 2 APPPATH\Controllers\CartController.php(25): App\Controllers\BaseController->initController(Object(CodeIgniter\HTTP\IncomingRequest), Object(CodeIgniter\HTTP\Response), Object(CodeIgniter\Log\Logger))
 3 SYSTEMPATH\CodeIgniter.php(904): App\Controllers\CartController->initController(Object(CodeIgniter\HTTP\IncomingRequest), Object(CodeIgniter\HTTP\Response), Object(CodeIgniter\Log\Logger))
 4 SYSTEMPATH\CodeIgniter.php(498): CodeIgniter\CodeIgniter->createController()
 5 SYSTEMPATH\CodeIgniter.php(354): CodeIgniter\CodeIgniter->handleRequest(null, Object(Config\Cache), false)
 6 SYSTEMPATH\Boot.php(363): CodeIgniter\CodeIgniter->run()
 7 SYSTEMPATH\Boot.php(68): CodeIgniter\Boot::runCodeIgniter(Object(CodeIgniter\CodeIgniter))
 8 FCPATH\index.php(67): CodeIgniter\Boot::bootWeb(Object(Config\Paths))
WARNING - 2026-02-18 03:08:03 --> [DEPRECATED] Creation of dynamic property App\Models\CartModel::$builderCheckouts is deprecated in APPPATH\Models\CartModel.php on line 15.
 1 APPPATH\Controllers\CartController.php(26): App\Models\CartModel->__construct()
 2 SYSTEMPATH\CodeIgniter.php(904): App\Controllers\CartController->initController(Object(CodeIgniter\HTTP\IncomingRequest), Object(CodeIgniter\HTTP\Response), Object(CodeIgniter\Log\Logger))
 3 SYSTEMPATH\CodeIgniter.php(498): CodeIgniter\CodeIgniter->createController()
 4 SYSTEMPATH\CodeIgniter.php(354): CodeIgniter\CodeIgniter->handleRequest(null, Object(Config\Cache), false)
 5 SYSTEMPATH\Boot.php(363): CodeIgniter\CodeIgniter->run()
 6 SYSTEMPATH\Boot.php(68): CodeIgniter\Boot::runCodeIgniter(Object(CodeIgniter\CodeIgniter))
 7 FCPATH\index.php(67): CodeIgniter\Boot::bootWeb(Object(Config\Paths))
WARNING - 2026-02-18 03:08:03 --> [DEPRECATED] Creation of dynamic property App\Models\CartModel::$builderCheckoutItems is deprecated in APPPATH\Models\CartModel.php on line 16.
 1 APPPATH\Controllers\CartController.php(26): App\Models\CartModel->__construct()
 2 SYSTEMPATH\CodeIgniter.php(904): App\Controllers\CartController->initController(Object(CodeIgniter\HTTP\IncomingRequest), Object(CodeIgniter\HTTP\Response), Object(CodeIgniter\Log\Logger))
 3 SYSTEMPATH\CodeIgniter.php(498): CodeIgniter\CodeIgniter->createController()
 4 SYSTEMPATH\CodeIgniter.php(354): CodeIgniter\CodeIgniter->handleRequest(null, Object(Config\Cache), false)
 5 SYSTEMPATH\Boot.php(363): CodeIgniter\CodeIgniter->run()
 6 SYSTEMPATH\Boot.php(68): CodeIgniter\Boot::runCodeIgniter(Object(CodeIgniter\CodeIgniter))
 7 FCPATH\index.php(67): CodeIgniter\Boot::bootWeb(Object(Config\Paths))
WARNING - 2026-02-18 03:08:03 --> [DEPRECATED] Creation of dynamic property App\Models\CartModel::$builderPaymentMethods is deprecated in APPPATH\Models\CartModel.php on line 17.
 1 APPPATH\Controllers\CartController.php(26): App\Models\CartModel->__construct()
 2 SYSTEMPATH\CodeIgniter.php(904): App\Controllers\CartController->initController(Object(CodeIgniter\HTTP\IncomingRequest), Object(CodeIgniter\HTTP\Response), Object(CodeIgniter\Log\Logger))
 3 SYSTEMPATH\CodeIgniter.php(498): CodeIgniter\CodeIgniter->createController()
 4 SYSTEMPATH\CodeIgniter.php(354): CodeIgniter\CodeIgniter->handleRequest(null, Object(Config\Cache), false)
 5 SYSTEMPATH\Boot.php(363): CodeIgniter\CodeIgniter->run()
 6 SYSTEMPATH\Boot.php(68): CodeIgniter\Boot::runCodeIgniter(Object(CodeIgniter\CodeIgniter))
 7 FCPATH\index.php(67): CodeIgniter\Boot::bootWeb(Object(Config\Paths))
WARNING - 2026-02-18 03:08:03 --> [DEPRECATED] Creation of dynamic property App\Controllers\CartController::$apiKey is deprecated in APPPATH\Controllers\CartController.php on line 34.
 1 SYSTEMPATH\CodeIgniter.php(904): App\Controllers\CartController->initController(Object(CodeIgniter\HTTP\IncomingRequest), Object(CodeIgniter\HTTP\Response), Object(CodeIgniter\Log\Logger))
 2 SYSTEMPATH\CodeIgniter.php(498): CodeIgniter\CodeIgniter->createController()
 3 SYSTEMPATH\CodeIgniter.php(354): CodeIgniter\CodeIgniter->handleRequest(null, Object(Config\Cache), false)
 4 SYSTEMPATH\Boot.php(363): CodeIgniter\CodeIgniter->run()
 5 SYSTEMPATH\Boot.php(68): CodeIgniter\Boot::runCodeIgniter(Object(CodeIgniter\CodeIgniter))
 6 FCPATH\index.php(67): CodeIgniter\Boot::bootWeb(Object(Config\Paths))
WARNING - 2026-02-18 03:08:04 --> [DEPRECATED] Creation of dynamic property App\Models\CartModel::$builderCheckouts is deprecated in APPPATH\Models\CartModel.php on line 15.
 1 APPPATH\Controllers\BaseController.php(147): App\Models\CartModel->__construct()
 2 APPPATH\Controllers\AjaxController.php(20): App\Controllers\BaseController->initController(Object(CodeIgniter\HTTP\IncomingRequest), Object(CodeIgniter\HTTP\Response), Object(CodeIgniter\Log\Logger))
 3 SYSTEMPATH\CodeIgniter.php(904): App\Controllers\AjaxController->initController(Object(CodeIgniter\HTTP\IncomingRequest), Object(CodeIgniter\HTTP\Response), Object(CodeIgniter\Log\Logger))
 4 SYSTEMPATH\CodeIgniter.php(498): CodeIgniter\CodeIgniter->createController()
 5 SYSTEMPATH\CodeIgniter.php(354): CodeIgniter\CodeIgniter->handleRequest(null, Object(Config\Cache), false)
 6 SYSTEMPATH\Boot.php(363): CodeIgniter\CodeIgniter->run()
 7 SYSTEMPATH\Boot.php(68): CodeIgniter\Boot::runCodeIgniter(Object(CodeIgniter\CodeIgniter))
 8 FCPATH\index.php(67): CodeIgniter\Boot::bootWeb(Object(Config\Paths))
WARNING - 2026-02-18 03:08:04 --> [DEPRECATED] Creation of dynamic property App\Models\CartModel::$builderCheckoutItems is deprecated in APPPATH\Models\CartModel.php on line 16.
 1 APPPATH\Controllers\BaseController.php(147): App\Models\CartModel->__construct()
 2 APPPATH\Controllers\AjaxController.php(20): App\Controllers\BaseController->initController(Object(CodeIgniter\HTTP\IncomingRequest), Object(CodeIgniter\HTTP\Response), Object(CodeIgniter\Log\Logger))
 3 SYSTEMPATH\CodeIgniter.php(904): App\Controllers\AjaxController->initController(Object(CodeIgniter\HTTP\IncomingRequest), Object(CodeIgniter\HTTP\Response), Object(CodeIgniter\Log\Logger))
 4 SYSTEMPATH\CodeIgniter.php(498): CodeIgniter\CodeIgniter->createController()
 5 SYSTEMPATH\CodeIgniter.php(354): CodeIgniter\CodeIgniter->handleRequest(null, Object(Config\Cache), false)
 6 SYSTEMPATH\Boot.php(363): CodeIgniter\CodeIgniter->run()
 7 SYSTEMPATH\Boot.php(68): CodeIgniter\Boot::runCodeIgniter(Object(CodeIgniter\CodeIgniter))
 8 FCPATH\index.php(67): CodeIgniter\Boot::bootWeb(Object(Config\Paths))
WARNING - 2026-02-18 03:08:04 --> [DEPRECATED] Creation of dynamic property App\Models\CartModel::$builderPaymentMethods is deprecated in APPPATH\Models\CartModel.php on line 17.
 1 APPPATH\Controllers\BaseController.php(147): App\Models\CartModel->__construct()
 2 APPPATH\Controllers\AjaxController.php(20): App\Controllers\BaseController->initController(Object(CodeIgniter\HTTP\IncomingRequest), Object(CodeIgniter\HTTP\Response), Object(CodeIgniter\Log\Logger))
 3 SYSTEMPATH\CodeIgniter.php(904): App\Controllers\AjaxController->initController(Object(CodeIgniter\HTTP\IncomingRequest), Object(CodeIgniter\HTTP\Response), Object(CodeIgniter\Log\Logger))
 4 SYSTEMPATH\CodeIgniter.php(498): CodeIgniter\CodeIgniter->createController()
 5 SYSTEMPATH\CodeIgniter.php(354): CodeIgniter\CodeIgniter->handleRequest(null, Object(Config\Cache), false)
 6 SYSTEMPATH\Boot.php(363): CodeIgniter\CodeIgniter->run()
 7 SYSTEMPATH\Boot.php(68): CodeIgniter\Boot::runCodeIgniter(Object(CodeIgniter\CodeIgniter))
 8 FCPATH\index.php(67): CodeIgniter\Boot::bootWeb(Object(Config\Paths))
WARNING - 2026-02-18 03:08:27 --> [DEPRECATED] Creation of dynamic property App\Models\CartModel::$builderCheckouts is deprecated in APPPATH\Models\CartModel.php on line 15.
 1 APPPATH\Controllers\BaseController.php(147): App\Models\CartModel->__construct()
 2 APPPATH\Controllers\AuthController.php(14): App\Controllers\BaseController->initController(Object(CodeIgniter\HTTP\IncomingRequest), Object(CodeIgniter\HTTP\Response), Object(CodeIgniter\Log\Logger))
 3 SYSTEMPATH\CodeIgniter.php(904): App\Controllers\AuthController->initController(Object(CodeIgniter\HTTP\IncomingRequest), Object(CodeIgniter\HTTP\Response), Object(CodeIgniter\Log\Logger))
 4 SYSTEMPATH\CodeIgniter.php(498): CodeIgniter\CodeIgniter->createController()
 5 SYSTEMPATH\CodeIgniter.php(354): CodeIgniter\CodeIgniter->handleRequest(null, Object(Config\Cache), false)
 6 SYSTEMPATH\Boot.php(363): CodeIgniter\CodeIgniter->run()
 7 SYSTEMPATH\Boot.php(68): CodeIgniter\Boot::runCodeIgniter(Object(CodeIgniter\CodeIgniter))
 8 FCPATH\index.php(67): CodeIgniter\Boot::bootWeb(Object(Config\Paths))
WARNING - 2026-02-18 03:08:27 --> [DEPRECATED] Creation of dynamic property App\Models\CartModel::$builderCheckoutItems is deprecated in APPPATH\Models\CartModel.php on line 16.
 1 APPPATH\Controllers\BaseController.php(147): App\Models\CartModel->__construct()
 2 APPPATH\Controllers\AuthController.php(14): App\Controllers\BaseController->initController(Object(CodeIgniter\HTTP\IncomingRequest), Object(CodeIgniter\HTTP\Response), Object(CodeIgniter\Log\Logger))
 3 SYSTEMPATH\CodeIgniter.php(904): App\Controllers\AuthController->initController(Object(CodeIgniter\HTTP\IncomingRequest), Object(CodeIgniter\HTTP\Response), Object(CodeIgniter\Log\Logger))
 4 SYSTEMPATH\CodeIgniter.php(498): CodeIgniter\CodeIgniter->createController()
 5 SYSTEMPATH\CodeIgniter.php(354): CodeIgniter\CodeIgniter->handleRequest(null, Object(Config\Cache), false)
 6 SYSTEMPATH\Boot.php(363): CodeIgniter\CodeIgniter->run()
 7 SYSTEMPATH\Boot.php(68): CodeIgniter\Boot::runCodeIgniter(Object(CodeIgniter\CodeIgniter))
 8 FCPATH\index.php(67): CodeIgniter\Boot::bootWeb(Object(Config\Paths))
WARNING - 2026-02-18 03:08:27 --> [DEPRECATED] Creation of dynamic property App\Models\CartModel::$builderPaymentMethods is deprecated in APPPATH\Models\CartModel.php on line 17.
 1 APPPATH\Controllers\BaseController.php(147): App\Models\CartModel->__construct()
 2 APPPATH\Controllers\AuthController.php(14): App\Controllers\BaseController->initController(Object(CodeIgniter\HTTP\IncomingRequest), Object(CodeIgniter\HTTP\Response), Object(CodeIgniter\Log\Logger))
 3 SYSTEMPATH\CodeIgniter.php(904): App\Controllers\AuthController->initController(Object(CodeIgniter\HTTP\IncomingRequest), Object(CodeIgniter\HTTP\Response), Object(CodeIgniter\Log\Logger))
 4 SYSTEMPATH\CodeIgniter.php(498): CodeIgniter\CodeIgniter->createController()
 5 SYSTEMPATH\CodeIgniter.php(354): CodeIgniter\CodeIgniter->handleRequest(null, Object(Config\Cache), false)
 6 SYSTEMPATH\Boot.php(363): CodeIgniter\CodeIgniter->run()
 7 SYSTEMPATH\Boot.php(68): CodeIgniter\Boot::runCodeIgniter(Object(CodeIgniter\CodeIgniter))
 8 FCPATH\index.php(67): CodeIgniter\Boot::bootWeb(Object(Config\Paths))
WARNING - 2026-02-18 03:08:28 --> [DEPRECATED] Creation of dynamic property App\Models\CartModel::$builderCheckouts is deprecated in APPPATH\Models\CartModel.php on line 15.
 1 APPPATH\Models\AuthModel.php(87): App\Models\CartModel->__construct()
 2 APPPATH\Models\AuthModel.php(63): App\Models\AuthModel->loginUser(Object(stdClass))
 3 APPPATH\Controllers\AuthController.php(41): App\Models\AuthModel->login()
 4 SYSTEMPATH\CodeIgniter.php(933): App\Controllers\AuthController->loginPost()
 5 SYSTEMPATH\CodeIgniter.php(507): CodeIgniter\CodeIgniter->runController(Object(App\Controllers\AuthController))
 6 SYSTEMPATH\CodeIgniter.php(354): CodeIgniter\CodeIgniter->handleRequest(null, Object(Config\Cache), false)
 7 SYSTEMPATH\Boot.php(363): CodeIgniter\CodeIgniter->run()
 8 SYSTEMPATH\Boot.php(68): CodeIgniter\Boot::runCodeIgniter(Object(CodeIgniter\CodeIgniter))
 9 FCPATH\index.php(67): CodeIgniter\Boot::bootWeb(Object(Config\Paths))
WARNING - 2026-02-18 03:08:28 --> [DEPRECATED] Creation of dynamic property App\Models\CartModel::$builderCheckoutItems is deprecated in APPPATH\Models\CartModel.php on line 16.
 1 APPPATH\Models\AuthModel.php(87): App\Models\CartModel->__construct()
 2 APPPATH\Models\AuthModel.php(63): App\Models\AuthModel->loginUser(Object(stdClass))
 3 APPPATH\Controllers\AuthController.php(41): App\Models\AuthModel->login()
 4 SYSTEMPATH\CodeIgniter.php(933): App\Controllers\AuthController->loginPost()
 5 SYSTEMPATH\CodeIgniter.php(507): CodeIgniter\CodeIgniter->runController(Object(App\Controllers\AuthController))
 6 SYSTEMPATH\CodeIgniter.php(354): CodeIgniter\CodeIgniter->handleRequest(null, Object(Config\Cache), false)
 7 SYSTEMPATH\Boot.php(363): CodeIgniter\CodeIgniter->run()
 8 SYSTEMPATH\Boot.php(68): CodeIgniter\Boot::runCodeIgniter(Object(CodeIgniter\CodeIgniter))
 9 FCPATH\index.php(67): CodeIgniter\Boot::bootWeb(Object(Config\Paths))
WARNING - 2026-02-18 03:08:28 --> [DEPRECATED] Creation of dynamic property App\Models\CartModel::$builderPaymentMethods is deprecated in APPPATH\Models\CartModel.php on line 17.
 1 APPPATH\Models\AuthModel.php(87): App\Models\CartModel->__construct()
 2 APPPATH\Models\AuthModel.php(63): App\Models\AuthModel->loginUser(Object(stdClass))
 3 APPPATH\Controllers\AuthController.php(41): App\Models\AuthModel->login()
 4 SYSTEMPATH\CodeIgniter.php(933): App\Controllers\AuthController->loginPost()
 5 SYSTEMPATH\CodeIgniter.php(507): CodeIgniter\CodeIgniter->runController(Object(App\Controllers\AuthController))
 6 SYSTEMPATH\CodeIgniter.php(354): CodeIgniter\CodeIgniter->handleRequest(null, Object(Config\Cache), false)
 7 SYSTEMPATH\Boot.php(363): CodeIgniter\CodeIgniter->run()
 8 SYSTEMPATH\Boot.php(68): CodeIgniter\Boot::runCodeIgniter(Object(CodeIgniter\CodeIgniter))
 9 FCPATH\index.php(67): CodeIgniter\Boot::bootWeb(Object(Config\Paths))
WARNING - 2026-02-18 03:08:28 --> [DEPRECATED] Creation of dynamic property App\Models\CartModel::$builderCheckouts is deprecated in APPPATH\Models\CartModel.php on line 15.
 1 APPPATH\Controllers\BaseController.php(147): App\Models\CartModel->__construct()
 2 APPPATH\Controllers\CartController.php(25): App\Controllers\BaseController->initController(Object(CodeIgniter\HTTP\IncomingRequest), Object(CodeIgniter\HTTP\Response), Object(CodeIgniter\Log\Logger))
 3 SYSTEMPATH\CodeIgniter.php(904): App\Controllers\CartController->initController(Object(CodeIgniter\HTTP\IncomingRequest), Object(CodeIgniter\HTTP\Response), Object(CodeIgniter\Log\Logger))
 4 SYSTEMPATH\CodeIgniter.php(498): CodeIgniter\CodeIgniter->createController()
 5 SYSTEMPATH\CodeIgniter.php(354): CodeIgniter\CodeIgniter->handleRequest(null, Object(Config\Cache), false)
 6 SYSTEMPATH\Boot.php(363): CodeIgniter\CodeIgniter->run()
 7 SYSTEMPATH\Boot.php(68): CodeIgniter\Boot::runCodeIgniter(Object(CodeIgniter\CodeIgniter))
 8 FCPATH\index.php(67): CodeIgniter\Boot::bootWeb(Object(Config\Paths))
WARNING - 2026-02-18 03:08:28 --> [DEPRECATED] Creation of dynamic property App\Models\CartModel::$builderCheckoutItems is deprecated in APPPATH\Models\CartModel.php on line 16.
 1 APPPATH\Controllers\BaseController.php(147): App\Models\CartModel->__construct()
 2 APPPATH\Controllers\CartController.php(25): App\Controllers\BaseController->initController(Object(CodeIgniter\HTTP\IncomingRequest), Object(CodeIgniter\HTTP\Response), Object(CodeIgniter\Log\Logger))
 3 SYSTEMPATH\CodeIgniter.php(904): App\Controllers\CartController->initController(Object(CodeIgniter\HTTP\IncomingRequest), Object(CodeIgniter\HTTP\Response), Object(CodeIgniter\Log\Logger))
 4 SYSTEMPATH\CodeIgniter.php(498): CodeIgniter\CodeIgniter->createController()
 5 SYSTEMPATH\CodeIgniter.php(354): CodeIgniter\CodeIgniter->handleRequest(null, Object(Config\Cache), false)
 6 SYSTEMPATH\Boot.php(363): CodeIgniter\CodeIgniter->run()
 7 SYSTEMPATH\Boot.php(68): CodeIgniter\Boot::runCodeIgniter(Object(CodeIgniter\CodeIgniter))
 8 FCPATH\index.php(67): CodeIgniter\Boot::bootWeb(Object(Config\Paths))
WARNING - 2026-02-18 03:08:28 --> [DEPRECATED] Creation of dynamic property App\Models\CartModel::$builderPaymentMethods is deprecated in APPPATH\Models\CartModel.php on line 17.
 1 APPPATH\Controllers\BaseController.php(147): App\Models\CartModel->__construct()
 2 APPPATH\Controllers\CartController.php(25): App\Controllers\BaseController->initController(Object(CodeIgniter\HTTP\IncomingRequest), Object(CodeIgniter\HTTP\Response), Object(CodeIgniter\Log\Logger))
 3 SYSTEMPATH\CodeIgniter.php(904): App\Controllers\CartController->initController(Object(CodeIgniter\HTTP\IncomingRequest), Object(CodeIgniter\HTTP\Response), Object(CodeIgniter\Log\Logger))
 4 SYSTEMPATH\CodeIgniter.php(498): CodeIgniter\CodeIgniter->createController()
 5 SYSTEMPATH\CodeIgniter.php(354): CodeIgniter\CodeIgniter->handleRequest(null, Object(Config\Cache), false)
 6 SYSTEMPATH\Boot.php(363): CodeIgniter\CodeIgniter->run()
 7 SYSTEMPATH\Boot.php(68): CodeIgniter\Boot::runCodeIgniter(Object(CodeIgniter\CodeIgniter))
 8 FCPATH\index.php(67): CodeIgniter\Boot::bootWeb(Object(Config\Paths))
WARNING - 2026-02-18 03:08:28 --> [DEPRECATED] Creation of dynamic property App\Models\CartModel::$builderCheckouts is deprecated in APPPATH\Models\CartModel.php on line 15.
 1 APPPATH\Controllers\CartController.php(26): App\Models\CartModel->__construct()
 2 SYSTEMPATH\CodeIgniter.php(904): App\Controllers\CartController->initController(Object(CodeIgniter\HTTP\IncomingRequest), Object(CodeIgniter\HTTP\Response), Object(CodeIgniter\Log\Logger))
 3 SYSTEMPATH\CodeIgniter.php(498): CodeIgniter\CodeIgniter->createController()
 4 SYSTEMPATH\CodeIgniter.php(354): CodeIgniter\CodeIgniter->handleRequest(null, Object(Config\Cache), false)
 5 SYSTEMPATH\Boot.php(363): CodeIgniter\CodeIgniter->run()
 6 SYSTEMPATH\Boot.php(68): CodeIgniter\Boot::runCodeIgniter(Object(CodeIgniter\CodeIgniter))
 7 FCPATH\index.php(67): CodeIgniter\Boot::bootWeb(Object(Config\Paths))
WARNING - 2026-02-18 03:08:28 --> [DEPRECATED] Creation of dynamic property App\Models\CartModel::$builderCheckoutItems is deprecated in APPPATH\Models\CartModel.php on line 16.
 1 APPPATH\Controllers\CartController.php(26): App\Models\CartModel->__construct()
 2 SYSTEMPATH\CodeIgniter.php(904): App\Controllers\CartController->initController(Object(CodeIgniter\HTTP\IncomingRequest), Object(CodeIgniter\HTTP\Response), Object(CodeIgniter\Log\Logger))
 3 SYSTEMPATH\CodeIgniter.php(498): CodeIgniter\CodeIgniter->createController()
 4 SYSTEMPATH\CodeIgniter.php(354): CodeIgniter\CodeIgniter->handleRequest(null, Object(Config\Cache), false)
 5 SYSTEMPATH\Boot.php(363): CodeIgniter\CodeIgniter->run()
 6 SYSTEMPATH\Boot.php(68): CodeIgniter\Boot::runCodeIgniter(Object(CodeIgniter\CodeIgniter))
 7 FCPATH\index.php(67): CodeIgniter\Boot::bootWeb(Object(Config\Paths))
WARNING - 2026-02-18 03:08:28 --> [DEPRECATED] Creation of dynamic property App\Models\CartModel::$builderPaymentMethods is deprecated in APPPATH\Models\CartModel.php on line 17.
 1 APPPATH\Controllers\CartController.php(26): App\Models\CartModel->__construct()
 2 SYSTEMPATH\CodeIgniter.php(904): App\Controllers\CartController->initController(Object(CodeIgniter\HTTP\IncomingRequest), Object(CodeIgniter\HTTP\Response), Object(CodeIgniter\Log\Logger))
 3 SYSTEMPATH\CodeIgniter.php(498): CodeIgniter\CodeIgniter->createController()
 4 SYSTEMPATH\CodeIgniter.php(354): CodeIgniter\CodeIgniter->handleRequest(null, Object(Config\Cache), false)
 5 SYSTEMPATH\Boot.php(363): CodeIgniter\CodeIgniter->run()
 6 SYSTEMPATH\Boot.php(68): CodeIgniter\Boot::runCodeIgniter(Object(CodeIgniter\CodeIgniter))
 7 FCPATH\index.php(67): CodeIgniter\Boot::bootWeb(Object(Config\Paths))
WARNING - 2026-02-18 03:08:28 --> [DEPRECATED] Creation of dynamic property App\Controllers\CartController::$apiKey is deprecated in APPPATH\Controllers\CartController.php on line 34.
 1 SYSTEMPATH\CodeIgniter.php(904): App\Controllers\CartController->initController(Object(CodeIgniter\HTTP\IncomingRequest), Object(CodeIgniter\HTTP\Response), Object(CodeIgniter\Log\Logger))
 2 SYSTEMPATH\CodeIgniter.php(498): CodeIgniter\CodeIgniter->createController()
 3 SYSTEMPATH\CodeIgniter.php(354): CodeIgniter\CodeIgniter->handleRequest(null, Object(Config\Cache), false)
 4 SYSTEMPATH\Boot.php(363): CodeIgniter\CodeIgniter->run()
 5 SYSTEMPATH\Boot.php(68): CodeIgniter\Boot::runCodeIgniter(Object(CodeIgniter\CodeIgniter))
 6 FCPATH\index.php(67): CodeIgniter\Boot::bootWeb(Object(Config\Paths))
WARNING - 2026-02-18 03:08:28 --> [DEPRECATED] Creation of dynamic property App\Models\CartModel::$builderCheckouts is deprecated in APPPATH\Models\CartModel.php on line 15.
 1 APPPATH\Controllers\BaseController.php(147): App\Models\CartModel->__construct()
 2 APPPATH\Controllers\AjaxController.php(20): App\Controllers\BaseController->initController(Object(CodeIgniter\HTTP\IncomingRequest), Object(CodeIgniter\HTTP\Response), Object(CodeIgniter\Log\Logger))
 3 SYSTEMPATH\CodeIgniter.php(904): App\Controllers\AjaxController->initController(Object(CodeIgniter\HTTP\IncomingRequest), Object(CodeIgniter\HTTP\Response), Object(CodeIgniter\Log\Logger))
 4 SYSTEMPATH\CodeIgniter.php(498): CodeIgniter\CodeIgniter->createController()
 5 SYSTEMPATH\CodeIgniter.php(354): CodeIgniter\CodeIgniter->handleRequest(null, Object(Config\Cache), false)
 6 SYSTEMPATH\Boot.php(363): CodeIgniter\CodeIgniter->run()
 7 SYSTEMPATH\Boot.php(68): CodeIgniter\Boot::runCodeIgniter(Object(CodeIgniter\CodeIgniter))
 8 FCPATH\index.php(67): CodeIgniter\Boot::bootWeb(Object(Config\Paths))
WARNING - 2026-02-18 03:08:28 --> [DEPRECATED] Creation of dynamic property App\Models\CartModel::$builderCheckoutItems is deprecated in APPPATH\Models\CartModel.php on line 16.
 1 APPPATH\Controllers\BaseController.php(147): App\Models\CartModel->__construct()
 2 APPPATH\Controllers\AjaxController.php(20): App\Controllers\BaseController->initController(Object(CodeIgniter\HTTP\IncomingRequest), Object(CodeIgniter\HTTP\Response), Object(CodeIgniter\Log\Logger))
 3 SYSTEMPATH\CodeIgniter.php(904): App\Controllers\AjaxController->initController(Object(CodeIgniter\HTTP\IncomingRequest), Object(CodeIgniter\HTTP\Response), Object(CodeIgniter\Log\Logger))
 4 SYSTEMPATH\CodeIgniter.php(498): CodeIgniter\CodeIgniter->createController()
 5 SYSTEMPATH\CodeIgniter.php(354): CodeIgniter\CodeIgniter->handleRequest(null, Object(Config\Cache), false)
 6 SYSTEMPATH\Boot.php(363): CodeIgniter\CodeIgniter->run()
 7 SYSTEMPATH\Boot.php(68): CodeIgniter\Boot::runCodeIgniter(Object(CodeIgniter\CodeIgniter))
 8 FCPATH\index.php(67): CodeIgniter\Boot::bootWeb(Object(Config\Paths))
WARNING - 2026-02-18 03:08:28 --> [DEPRECATED] Creation of dynamic property App\Models\CartModel::$builderPaymentMethods is deprecated in APPPATH\Models\CartModel.php on line 17.
 1 APPPATH\Controllers\BaseController.php(147): App\Models\CartModel->__construct()
 2 APPPATH\Controllers\AjaxController.php(20): App\Controllers\BaseController->initController(Object(CodeIgniter\HTTP\IncomingRequest), Object(CodeIgniter\HTTP\Response), Object(CodeIgniter\Log\Logger))
 3 SYSTEMPATH\CodeIgniter.php(904): App\Controllers\AjaxController->initController(Object(CodeIgniter\HTTP\IncomingRequest), Object(CodeIgniter\HTTP\Response), Object(CodeIgniter\Log\Logger))
 4 SYSTEMPATH\CodeIgniter.php(498): CodeIgniter\CodeIgniter->createController()
 5 SYSTEMPATH\CodeIgniter.php(354): CodeIgniter\CodeIgniter->handleRequest(null, Object(Config\Cache), false)
 6 SYSTEMPATH\Boot.php(363): CodeIgniter\CodeIgniter->run()
 7 SYSTEMPATH\Boot.php(68): CodeIgniter\Boot::runCodeIgniter(Object(CodeIgniter\CodeIgniter))
 8 FCPATH\index.php(67): CodeIgniter\Boot::bootWeb(Object(Config\Paths))
WARNING - 2026-02-18 03:08:30 --> [DEPRECATED] Creation of dynamic property App\Models\CartModel::$builderCheckouts is deprecated in APPPATH\Models\CartModel.php on line 15.
 1 APPPATH\Controllers\BaseController.php(147): App\Models\CartModel->__construct()
 2 APPPATH\Controllers\CartController.php(25): App\Controllers\BaseController->initController(Object(CodeIgniter\HTTP\IncomingRequest), Object(CodeIgniter\HTTP\Response), Object(CodeIgniter\Log\Logger))
 3 SYSTEMPATH\CodeIgniter.php(904): App\Controllers\CartController->initController(Object(CodeIgniter\HTTP\IncomingRequest), Object(CodeIgniter\HTTP\Response), Object(CodeIgniter\Log\Logger))
 4 SYSTEMPATH\CodeIgniter.php(498): CodeIgniter\CodeIgniter->createController()
 5 SYSTEMPATH\CodeIgniter.php(354): CodeIgniter\CodeIgniter->handleRequest(null, Object(Config\Cache), false)
 6 SYSTEMPATH\Boot.php(363): CodeIgniter\CodeIgniter->run()
 7 SYSTEMPATH\Boot.php(68): CodeIgniter\Boot::runCodeIgniter(Object(CodeIgniter\CodeIgniter))
 8 FCPATH\index.php(67): CodeIgniter\Boot::bootWeb(Object(Config\Paths))
WARNING - 2026-02-18 03:08:30 --> [DEPRECATED] Creation of dynamic property App\Models\CartModel::$builderCheckoutItems is deprecated in APPPATH\Models\CartModel.php on line 16.
 1 APPPATH\Controllers\BaseController.php(147): App\Models\CartModel->__construct()
 2 APPPATH\Controllers\CartController.php(25): App\Controllers\BaseController->initController(Object(CodeIgniter\HTTP\IncomingRequest), Object(CodeIgniter\HTTP\Response), Object(CodeIgniter\Log\Logger))
 3 SYSTEMPATH\CodeIgniter.php(904): App\Controllers\CartController->initController(Object(CodeIgniter\HTTP\IncomingRequest), Object(CodeIgniter\HTTP\Response), Object(CodeIgniter\Log\Logger))
 4 SYSTEMPATH\CodeIgniter.php(498): CodeIgniter\CodeIgniter->createController()
 5 SYSTEMPATH\CodeIgniter.php(354): CodeIgniter\CodeIgniter->handleRequest(null, Object(Config\Cache), false)
 6 SYSTEMPATH\Boot.php(363): CodeIgniter\CodeIgniter->run()
 7 SYSTEMPATH\Boot.php(68): CodeIgniter\Boot::runCodeIgniter(Object(CodeIgniter\CodeIgniter))
 8 FCPATH\index.php(67): CodeIgniter\Boot::bootWeb(Object(Config\Paths))
WARNING - 2026-02-18 03:08:30 --> [DEPRECATED] Creation of dynamic property App\Models\CartModel::$builderPaymentMethods is deprecated in APPPATH\Models\CartModel.php on line 17.
 1 APPPATH\Controllers\BaseController.php(147): App\Models\CartModel->__construct()
 2 APPPATH\Controllers\CartController.php(25): App\Controllers\BaseController->initController(Object(CodeIgniter\HTTP\IncomingRequest), Object(CodeIgniter\HTTP\Response), Object(CodeIgniter\Log\Logger))
 3 SYSTEMPATH\CodeIgniter.php(904): App\Controllers\CartController->initController(Object(CodeIgniter\HTTP\IncomingRequest), Object(CodeIgniter\HTTP\Response), Object(CodeIgniter\Log\Logger))
 4 SYSTEMPATH\CodeIgniter.php(498): CodeIgniter\CodeIgniter->createController()
 5 SYSTEMPATH\CodeIgniter.php(354): CodeIgniter\CodeIgniter->handleRequest(null, Object(Config\Cache), false)
 6 SYSTEMPATH\Boot.php(363): CodeIgniter\CodeIgniter->run()
 7 SYSTEMPATH\Boot.php(68): CodeIgniter\Boot::runCodeIgniter(Object(CodeIgniter\CodeIgniter))
 8 FCPATH\index.php(67): CodeIgniter\Boot::bootWeb(Object(Config\Paths))
WARNING - 2026-02-18 03:08:30 --> [DEPRECATED] Creation of dynamic property App\Models\CartModel::$builderCheckouts is deprecated in APPPATH\Models\CartModel.php on line 15.
 1 APPPATH\Controllers\CartController.php(26): App\Models\CartModel->__construct()
 2 SYSTEMPATH\CodeIgniter.php(904): App\Controllers\CartController->initController(Object(CodeIgniter\HTTP\IncomingRequest), Object(CodeIgniter\HTTP\Response), Object(CodeIgniter\Log\Logger))
 3 SYSTEMPATH\CodeIgniter.php(498): CodeIgniter\CodeIgniter->createController()
 4 SYSTEMPATH\CodeIgniter.php(354): CodeIgniter\CodeIgniter->handleRequest(null, Object(Config\Cache), false)
 5 SYSTEMPATH\Boot.php(363): CodeIgniter\CodeIgniter->run()
 6 SYSTEMPATH\Boot.php(68): CodeIgniter\Boot::runCodeIgniter(Object(CodeIgniter\CodeIgniter))
 7 FCPATH\index.php(67): CodeIgniter\Boot::bootWeb(Object(Config\Paths))
WARNING - 2026-02-18 03:08:30 --> [DEPRECATED] Creation of dynamic property App\Models\CartModel::$builderCheckoutItems is deprecated in APPPATH\Models\CartModel.php on line 16.
 1 APPPATH\Controllers\CartController.php(26): App\Models\CartModel->__construct()
 2 SYSTEMPATH\CodeIgniter.php(904): App\Controllers\CartController->initController(Object(CodeIgniter\HTTP\IncomingRequest), Object(CodeIgniter\HTTP\Response), Object(CodeIgniter\Log\Logger))
 3 SYSTEMPATH\CodeIgniter.php(498): CodeIgniter\CodeIgniter->createController()
 4 SYSTEMPATH\CodeIgniter.php(354): CodeIgniter\CodeIgniter->handleRequest(null, Object(Config\Cache), false)
 5 SYSTEMPATH\Boot.php(363): CodeIgniter\CodeIgniter->run()
 6 SYSTEMPATH\Boot.php(68): CodeIgniter\Boot::runCodeIgniter(Object(CodeIgniter\CodeIgniter))
 7 FCPATH\index.php(67): CodeIgniter\Boot::bootWeb(Object(Config\Paths))
WARNING - 2026-02-18 03:08:30 --> [DEPRECATED] Creation of dynamic property App\Models\CartModel::$builderPaymentMethods is deprecated in APPPATH\Models\CartModel.php on line 17.
 1 APPPATH\Controllers\CartController.php(26): App\Models\CartModel->__construct()
 2 SYSTEMPATH\CodeIgniter.php(904): App\Controllers\CartController->initController(Object(CodeIgniter\HTTP\IncomingRequest), Object(CodeIgniter\HTTP\Response), Object(CodeIgniter\Log\Logger))
 3 SYSTEMPATH\CodeIgniter.php(498): CodeIgniter\CodeIgniter->createController()
 4 SYSTEMPATH\CodeIgniter.php(354): CodeIgniter\CodeIgniter->handleRequest(null, Object(Config\Cache), false)
 5 SYSTEMPATH\Boot.php(363): CodeIgniter\CodeIgniter->run()
 6 SYSTEMPATH\Boot.php(68): CodeIgniter\Boot::runCodeIgniter(Object(CodeIgniter\CodeIgniter))
 7 FCPATH\index.php(67): CodeIgniter\Boot::bootWeb(Object(Config\Paths))
WARNING - 2026-02-18 03:08:30 --> [DEPRECATED] Creation of dynamic property App\Controllers\CartController::$apiKey is deprecated in APPPATH\Controllers\CartController.php on line 34.
 1 SYSTEMPATH\CodeIgniter.php(904): App\Controllers\CartController->initController(Object(CodeIgniter\HTTP\IncomingRequest), Object(CodeIgniter\HTTP\Response), Object(CodeIgniter\Log\Logger))
 2 SYSTEMPATH\CodeIgniter.php(498): CodeIgniter\CodeIgniter->createController()
 3 SYSTEMPATH\CodeIgniter.php(354): CodeIgniter\CodeIgniter->handleRequest(null, Object(Config\Cache), false)
 4 SYSTEMPATH\Boot.php(363): CodeIgniter\CodeIgniter->run()
 5 SYSTEMPATH\Boot.php(68): CodeIgniter\Boot::runCodeIgniter(Object(CodeIgniter\CodeIgniter))
 6 FCPATH\index.php(67): CodeIgniter\Boot::bootWeb(Object(Config\Paths))
WARNING - 2026-02-18 03:08:30 --> [DEPRECATED] Creation of dynamic property App\Services\OngkirService::$baseUrl is deprecated in APPPATH\Services\OngkirService.php on line 11.
 1 APPPATH\Controllers\CartController.php(186): App\Services\OngkirService->__construct()
 2 SYSTEMPATH\CodeIgniter.php(933): App\Controllers\CartController->shipping()
 3 SYSTEMPATH\CodeIgniter.php(507): CodeIgniter\CodeIgniter->runController(Object(App\Controllers\CartController))
 4 SYSTEMPATH\CodeIgniter.php(354): CodeIgniter\CodeIgniter->handleRequest(null, Object(Config\Cache), false)
 5 SYSTEMPATH\Boot.php(363): CodeIgniter\CodeIgniter->run()
 6 SYSTEMPATH\Boot.php(68): CodeIgniter\Boot::runCodeIgniter(Object(CodeIgniter\CodeIgniter))
 7 FCPATH\index.php(67): CodeIgniter\Boot::bootWeb(Object(Config\Paths))
WARNING - 2026-02-18 03:08:30 --> [DEPRECATED] Creation of dynamic property App\Services\OngkirService::$CALCULATE_DELIVERY_COST is deprecated in APPPATH\Services\OngkirService.php on line 12.
 1 APPPATH\Controllers\CartController.php(186): App\Services\OngkirService->__construct()
 2 SYSTEMPATH\CodeIgniter.php(933): App\Controllers\CartController->shipping()
 3 SYSTEMPATH\CodeIgniter.php(507): CodeIgniter\CodeIgniter->runController(Object(App\Controllers\CartController))
 4 SYSTEMPATH\CodeIgniter.php(354): CodeIgniter\CodeIgniter->handleRequest(null, Object(Config\Cache), false)
 5 SYSTEMPATH\Boot.php(363): CodeIgniter\CodeIgniter->run()
 6 SYSTEMPATH\Boot.php(68): CodeIgniter\Boot::runCodeIgniter(Object(CodeIgniter\CodeIgniter))
 7 FCPATH\index.php(67): CodeIgniter\Boot::bootWeb(Object(Config\Paths))
WARNING - 2026-02-18 03:08:30 --> [DEPRECATED] Creation of dynamic property App\Services\OngkirService::$apiKey is deprecated in APPPATH\Services\OngkirService.php on line 13.
 1 APPPATH\Controllers\CartController.php(186): App\Services\OngkirService->__construct()
 2 SYSTEMPATH\CodeIgniter.php(933): App\Controllers\CartController->shipping()
 3 SYSTEMPATH\CodeIgniter.php(507): CodeIgniter\CodeIgniter->runController(Object(App\Controllers\CartController))
 4 SYSTEMPATH\CodeIgniter.php(354): CodeIgniter\CodeIgniter->handleRequest(null, Object(Config\Cache), false)
 5 SYSTEMPATH\Boot.php(363): CodeIgniter\CodeIgniter->run()
 6 SYSTEMPATH\Boot.php(68): CodeIgniter\Boot::runCodeIgniter(Object(CodeIgniter\CodeIgniter))
 7 FCPATH\index.php(67): CodeIgniter\Boot::bootWeb(Object(Config\Paths))
WARNING - 2026-02-18 03:08:30 --> [DEPRECATED] Creation of dynamic property App\Services\OngkirService::$listCourier is deprecated in APPPATH\Services\OngkirService.php on line 14.
 1 APPPATH\Controllers\CartController.php(186): App\Services\OngkirService->__construct()
 2 SYSTEMPATH\CodeIgniter.php(933): App\Controllers\CartController->shipping()
 3 SYSTEMPATH\CodeIgniter.php(507): CodeIgniter\CodeIgniter->runController(Object(App\Controllers\CartController))
 4 SYSTEMPATH\CodeIgniter.php(354): CodeIgniter\CodeIgniter->handleRequest(null, Object(Config\Cache), false)
 5 SYSTEMPATH\Boot.php(363): CodeIgniter\CodeIgniter->run()
 6 SYSTEMPATH\Boot.php(68): CodeIgniter\Boot::runCodeIgniter(Object(CodeIgniter\CodeIgniter))
 7 FCPATH\index.php(67): CodeIgniter\Boot::bootWeb(Object(Config\Paths))
WARNING - 2026-02-18 03:08:30 --> [DEPRECATED] Creation of dynamic property App\Models\CartModel::$builderCheckouts is deprecated in APPPATH\Models\CartModel.php on line 15.
 1 APPPATH\Controllers\BaseController.php(147): App\Models\CartModel->__construct()
 2 APPPATH\Controllers\AjaxController.php(20): App\Controllers\BaseController->initController(Object(CodeIgniter\HTTP\IncomingRequest), Object(CodeIgniter\HTTP\Response), Object(CodeIgniter\Log\Logger))
 3 SYSTEMPATH\CodeIgniter.php(904): App\Controllers\AjaxController->initController(Object(CodeIgniter\HTTP\IncomingRequest), Object(CodeIgniter\HTTP\Response), Object(CodeIgniter\Log\Logger))
 4 SYSTEMPATH\CodeIgniter.php(498): CodeIgniter\CodeIgniter->createController()
 5 SYSTEMPATH\CodeIgniter.php(354): CodeIgniter\CodeIgniter->handleRequest(null, Object(Config\Cache), false)
 6 SYSTEMPATH\Boot.php(363): CodeIgniter\CodeIgniter->run()
 7 SYSTEMPATH\Boot.php(68): CodeIgniter\Boot::runCodeIgniter(Object(CodeIgniter\CodeIgniter))
 8 FCPATH\index.php(67): CodeIgniter\Boot::bootWeb(Object(Config\Paths))
WARNING - 2026-02-18 03:08:30 --> [DEPRECATED] Creation of dynamic property App\Models\CartModel::$builderCheckoutItems is deprecated in APPPATH\Models\CartModel.php on line 16.
 1 APPPATH\Controllers\BaseController.php(147): App\Models\CartModel->__construct()
 2 APPPATH\Controllers\AjaxController.php(20): App\Controllers\BaseController->initController(Object(CodeIgniter\HTTP\IncomingRequest), Object(CodeIgniter\HTTP\Response), Object(CodeIgniter\Log\Logger))
 3 SYSTEMPATH\CodeIgniter.php(904): App\Controllers\AjaxController->initController(Object(CodeIgniter\HTTP\IncomingRequest), Object(CodeIgniter\HTTP\Response), Object(CodeIgniter\Log\Logger))
 4 SYSTEMPATH\CodeIgniter.php(498): CodeIgniter\CodeIgniter->createController()
 5 SYSTEMPATH\CodeIgniter.php(354): CodeIgniter\CodeIgniter->handleRequest(null, Object(Config\Cache), false)
 6 SYSTEMPATH\Boot.php(363): CodeIgniter\CodeIgniter->run()
 7 SYSTEMPATH\Boot.php(68): CodeIgniter\Boot::runCodeIgniter(Object(CodeIgniter\CodeIgniter))
 8 FCPATH\index.php(67): CodeIgniter\Boot::bootWeb(Object(Config\Paths))
WARNING - 2026-02-18 03:08:30 --> [DEPRECATED] Creation of dynamic property App\Models\CartModel::$builderPaymentMethods is deprecated in APPPATH\Models\CartModel.php on line 17.
 1 APPPATH\Controllers\BaseController.php(147): App\Models\CartModel->__construct()
 2 APPPATH\Controllers\AjaxController.php(20): App\Controllers\BaseController->initController(Object(CodeIgniter\HTTP\IncomingRequest), Object(CodeIgniter\HTTP\Response), Object(CodeIgniter\Log\Logger))
 3 SYSTEMPATH\CodeIgniter.php(904): App\Controllers\AjaxController->initController(Object(CodeIgniter\HTTP\IncomingRequest), Object(CodeIgniter\HTTP\Response), Object(CodeIgniter\Log\Logger))
 4 SYSTEMPATH\CodeIgniter.php(498): CodeIgniter\CodeIgniter->createController()
 5 SYSTEMPATH\CodeIgniter.php(354): CodeIgniter\CodeIgniter->handleRequest(null, Object(Config\Cache), false)
 6 SYSTEMPATH\Boot.php(363): CodeIgniter\CodeIgniter->run()
 7 SYSTEMPATH\Boot.php(68): CodeIgniter\Boot::runCodeIgniter(Object(CodeIgniter\CodeIgniter))
 8 FCPATH\index.php(67): CodeIgniter\Boot::bootWeb(Object(Config\Paths))
WARNING - 2026-02-18 03:08:38 --> [DEPRECATED] Creation of dynamic property App\Models\CartModel::$builderCheckouts is deprecated in APPPATH\Models\CartModel.php on line 15.
 1 APPPATH\Controllers\BaseController.php(147): App\Models\CartModel->__construct()
 2 APPPATH\Controllers\CartController.php(25): App\Controllers\BaseController->initController(Object(CodeIgniter\HTTP\IncomingRequest), Object(CodeIgniter\HTTP\Response), Object(CodeIgniter\Log\Logger))
 3 SYSTEMPATH\CodeIgniter.php(904): App\Controllers\CartController->initController(Object(CodeIgniter\HTTP\IncomingRequest), Object(CodeIgniter\HTTP\Response), Object(CodeIgniter\Log\Logger))
 4 SYSTEMPATH\CodeIgniter.php(498): CodeIgniter\CodeIgniter->createController()
 5 SYSTEMPATH\CodeIgniter.php(354): CodeIgniter\CodeIgniter->handleRequest(null, Object(Config\Cache), false)
 6 SYSTEMPATH\Boot.php(363): CodeIgniter\CodeIgniter->run()
 7 SYSTEMPATH\Boot.php(68): CodeIgniter\Boot::runCodeIgniter(Object(CodeIgniter\CodeIgniter))
 8 FCPATH\index.php(67): CodeIgniter\Boot::bootWeb(Object(Config\Paths))
WARNING - 2026-02-18 03:08:38 --> [DEPRECATED] Creation of dynamic property App\Models\CartModel::$builderCheckoutItems is deprecated in APPPATH\Models\CartModel.php on line 16.
 1 APPPATH\Controllers\BaseController.php(147): App\Models\CartModel->__construct()
 2 APPPATH\Controllers\CartController.php(25): App\Controllers\BaseController->initController(Object(CodeIgniter\HTTP\IncomingRequest), Object(CodeIgniter\HTTP\Response), Object(CodeIgniter\Log\Logger))
 3 SYSTEMPATH\CodeIgniter.php(904): App\Controllers\CartController->initController(Object(CodeIgniter\HTTP\IncomingRequest), Object(CodeIgniter\HTTP\Response), Object(CodeIgniter\Log\Logger))
 4 SYSTEMPATH\CodeIgniter.php(498): CodeIgniter\CodeIgniter->createController()
 5 SYSTEMPATH\CodeIgniter.php(354): CodeIgniter\CodeIgniter->handleRequest(null, Object(Config\Cache), false)
 6 SYSTEMPATH\Boot.php(363): CodeIgniter\CodeIgniter->run()
 7 SYSTEMPATH\Boot.php(68): CodeIgniter\Boot::runCodeIgniter(Object(CodeIgniter\CodeIgniter))
 8 FCPATH\index.php(67): CodeIgniter\Boot::bootWeb(Object(Config\Paths))
WARNING - 2026-02-18 03:08:38 --> [DEPRECATED] Creation of dynamic property App\Models\CartModel::$builderPaymentMethods is deprecated in APPPATH\Models\CartModel.php on line 17.
 1 APPPATH\Controllers\BaseController.php(147): App\Models\CartModel->__construct()
 2 APPPATH\Controllers\CartController.php(25): App\Controllers\BaseController->initController(Object(CodeIgniter\HTTP\IncomingRequest), Object(CodeIgniter\HTTP\Response), Object(CodeIgniter\Log\Logger))
 3 SYSTEMPATH\CodeIgniter.php(904): App\Controllers\CartController->initController(Object(CodeIgniter\HTTP\IncomingRequest), Object(CodeIgniter\HTTP\Response), Object(CodeIgniter\Log\Logger))
 4 SYSTEMPATH\CodeIgniter.php(498): CodeIgniter\CodeIgniter->createController()
 5 SYSTEMPATH\CodeIgniter.php(354): CodeIgniter\CodeIgniter->handleRequest(null, Object(Config\Cache), false)
 6 SYSTEMPATH\Boot.php(363): CodeIgniter\CodeIgniter->run()
 7 SYSTEMPATH\Boot.php(68): CodeIgniter\Boot::runCodeIgniter(Object(CodeIgniter\CodeIgniter))
 8 FCPATH\index.php(67): CodeIgniter\Boot::bootWeb(Object(Config\Paths))
WARNING - 2026-02-18 03:08:38 --> [DEPRECATED] Creation of dynamic property App\Models\CartModel::$builderCheckouts is deprecated in APPPATH\Models\CartModel.php on line 15.
 1 APPPATH\Controllers\CartController.php(26): App\Models\CartModel->__construct()
 2 SYSTEMPATH\CodeIgniter.php(904): App\Controllers\CartController->initController(Object(CodeIgniter\HTTP\IncomingRequest), Object(CodeIgniter\HTTP\Response), Object(CodeIgniter\Log\Logger))
 3 SYSTEMPATH\CodeIgniter.php(498): CodeIgniter\CodeIgniter->createController()
 4 SYSTEMPATH\CodeIgniter.php(354): CodeIgniter\CodeIgniter->handleRequest(null, Object(Config\Cache), false)
 5 SYSTEMPATH\Boot.php(363): CodeIgniter\CodeIgniter->run()
 6 SYSTEMPATH\Boot.php(68): CodeIgniter\Boot::runCodeIgniter(Object(CodeIgniter\CodeIgniter))
 7 FCPATH\index.php(67): CodeIgniter\Boot::bootWeb(Object(Config\Paths))
WARNING - 2026-02-18 03:08:38 --> [DEPRECATED] Creation of dynamic property App\Models\CartModel::$builderCheckoutItems is deprecated in APPPATH\Models\CartModel.php on line 16.
 1 APPPATH\Controllers\CartController.php(26): App\Models\CartModel->__construct()
 2 SYSTEMPATH\CodeIgniter.php(904): App\Controllers\CartController->initController(Object(CodeIgniter\HTTP\IncomingRequest), Object(CodeIgniter\HTTP\Response), Object(CodeIgniter\Log\Logger))
 3 SYSTEMPATH\CodeIgniter.php(498): CodeIgniter\CodeIgniter->createController()
 4 SYSTEMPATH\CodeIgniter.php(354): CodeIgniter\CodeIgniter->handleRequest(null, Object(Config\Cache), false)
 5 SYSTEMPATH\Boot.php(363): CodeIgniter\CodeIgniter->run()
 6 SYSTEMPATH\Boot.php(68): CodeIgniter\Boot::runCodeIgniter(Object(CodeIgniter\CodeIgniter))
 7 FCPATH\index.php(67): CodeIgniter\Boot::bootWeb(Object(Config\Paths))
WARNING - 2026-02-18 03:08:38 --> [DEPRECATED] Creation of dynamic property App\Models\CartModel::$builderPaymentMethods is deprecated in APPPATH\Models\CartModel.php on line 17.
 1 APPPATH\Controllers\CartController.php(26): App\Models\CartModel->__construct()
 2 SYSTEMPATH\CodeIgniter.php(904): App\Controllers\CartController->initController(Object(CodeIgniter\HTTP\IncomingRequest), Object(CodeIgniter\HTTP\Response), Object(CodeIgniter\Log\Logger))
 3 SYSTEMPATH\CodeIgniter.php(498): CodeIgniter\CodeIgniter->createController()
 4 SYSTEMPATH\CodeIgniter.php(354): CodeIgniter\CodeIgniter->handleRequest(null, Object(Config\Cache), false)
 5 SYSTEMPATH\Boot.php(363): CodeIgniter\CodeIgniter->run()
 6 SYSTEMPATH\Boot.php(68): CodeIgniter\Boot::runCodeIgniter(Object(CodeIgniter\CodeIgniter))
 7 FCPATH\index.php(67): CodeIgniter\Boot::bootWeb(Object(Config\Paths))
WARNING - 2026-02-18 03:08:38 --> [DEPRECATED] Creation of dynamic property App\Controllers\CartController::$apiKey is deprecated in APPPATH\Controllers\CartController.php on line 34.
 1 SYSTEMPATH\CodeIgniter.php(904): App\Controllers\CartController->initController(Object(CodeIgniter\HTTP\IncomingRequest), Object(CodeIgniter\HTTP\Response), Object(CodeIgniter\Log\Logger))
 2 SYSTEMPATH\CodeIgniter.php(498): CodeIgniter\CodeIgniter->createController()
 3 SYSTEMPATH\CodeIgniter.php(354): CodeIgniter\CodeIgniter->handleRequest(null, Object(Config\Cache), false)
 4 SYSTEMPATH\Boot.php(363): CodeIgniter\CodeIgniter->run()
 5 SYSTEMPATH\Boot.php(68): CodeIgniter\Boot::runCodeIgniter(Object(CodeIgniter\CodeIgniter))
 6 FCPATH\index.php(67): CodeIgniter\Boot::bootWeb(Object(Config\Paths))
WARNING - 2026-02-18 03:08:38 --> [DEPRECATED] Creation of dynamic property App\Services\OngkirService::$baseUrl is deprecated in APPPATH\Services\OngkirService.php on line 11.
 1 APPPATH\Controllers\CartController.php(186): App\Services\OngkirService->__construct()
 2 SYSTEMPATH\CodeIgniter.php(933): App\Controllers\CartController->shipping()
 3 SYSTEMPATH\CodeIgniter.php(507): CodeIgniter\CodeIgniter->runController(Object(App\Controllers\CartController))
 4 SYSTEMPATH\CodeIgniter.php(354): CodeIgniter\CodeIgniter->handleRequest(null, Object(Config\Cache), false)
 5 SYSTEMPATH\Boot.php(363): CodeIgniter\CodeIgniter->run()
 6 SYSTEMPATH\Boot.php(68): CodeIgniter\Boot::runCodeIgniter(Object(CodeIgniter\CodeIgniter))
 7 FCPATH\index.php(67): CodeIgniter\Boot::bootWeb(Object(Config\Paths))
WARNING - 2026-02-18 03:08:38 --> [DEPRECATED] Creation of dynamic property App\Services\OngkirService::$CALCULATE_DELIVERY_COST is deprecated in APPPATH\Services\OngkirService.php on line 12.
 1 APPPATH\Controllers\CartController.php(186): App\Services\OngkirService->__construct()
 2 SYSTEMPATH\CodeIgniter.php(933): App\Controllers\CartController->shipping()
 3 SYSTEMPATH\CodeIgniter.php(507): CodeIgniter\CodeIgniter->runController(Object(App\Controllers\CartController))
 4 SYSTEMPATH\CodeIgniter.php(354): CodeIgniter\CodeIgniter->handleRequest(null, Object(Config\Cache), false)
 5 SYSTEMPATH\Boot.php(363): CodeIgniter\CodeIgniter->run()
 6 SYSTEMPATH\Boot.php(68): CodeIgniter\Boot::runCodeIgniter(Object(CodeIgniter\CodeIgniter))
 7 FCPATH\index.php(67): CodeIgniter\Boot::bootWeb(Object(Config\Paths))
WARNING - 2026-02-18 03:08:38 --> [DEPRECATED] Creation of dynamic property App\Services\OngkirService::$apiKey is deprecated in APPPATH\Services\OngkirService.php on line 13.
 1 APPPATH\Controllers\CartController.php(186): App\Services\OngkirService->__construct()
 2 SYSTEMPATH\CodeIgniter.php(933): App\Controllers\CartController->shipping()
 3 SYSTEMPATH\CodeIgniter.php(507): CodeIgniter\CodeIgniter->runController(Object(App\Controllers\CartController))
 4 SYSTEMPATH\CodeIgniter.php(354): CodeIgniter\CodeIgniter->handleRequest(null, Object(Config\Cache), false)
 5 SYSTEMPATH\Boot.php(363): CodeIgniter\CodeIgniter->run()
 6 SYSTEMPATH\Boot.php(68): CodeIgniter\Boot::runCodeIgniter(Object(CodeIgniter\CodeIgniter))
 7 FCPATH\index.php(67): CodeIgniter\Boot::bootWeb(Object(Config\Paths))
WARNING - 2026-02-18 03:08:38 --> [DEPRECATED] Creation of dynamic property App\Services\OngkirService::$listCourier is deprecated in APPPATH\Services\OngkirService.php on line 14.
 1 APPPATH\Controllers\CartController.php(186): App\Services\OngkirService->__construct()
 2 SYSTEMPATH\CodeIgniter.php(933): App\Controllers\CartController->shipping()
 3 SYSTEMPATH\CodeIgniter.php(507): CodeIgniter\CodeIgniter->runController(Object(App\Controllers\CartController))
 4 SYSTEMPATH\CodeIgniter.php(354): CodeIgniter\CodeIgniter->handleRequest(null, Object(Config\Cache), false)
 5 SYSTEMPATH\Boot.php(363): CodeIgniter\CodeIgniter->run()
 6 SYSTEMPATH\Boot.php(68): CodeIgniter\Boot::runCodeIgniter(Object(CodeIgniter\CodeIgniter))
 7 FCPATH\index.php(67): CodeIgniter\Boot::bootWeb(Object(Config\Paths))
WARNING - 2026-02-18 03:08:39 --> [DEPRECATED] Creation of dynamic property App\Models\CartModel::$builderCheckouts is deprecated in APPPATH\Models\CartModel.php on line 15.
 1 APPPATH\Controllers\BaseController.php(147): App\Models\CartModel->__construct()
 2 APPPATH\Controllers\CartController.php(25): App\Controllers\BaseController->initController(Object(CodeIgniter\HTTP\IncomingRequest), Object(CodeIgniter\HTTP\Response), Object(CodeIgniter\Log\Logger))
 3 SYSTEMPATH\CodeIgniter.php(904): App\Controllers\CartController->initController(Object(CodeIgniter\HTTP\IncomingRequest), Object(CodeIgniter\HTTP\Response), Object(CodeIgniter\Log\Logger))
 4 SYSTEMPATH\CodeIgniter.php(498): CodeIgniter\CodeIgniter->createController()
 5 SYSTEMPATH\CodeIgniter.php(354): CodeIgniter\CodeIgniter->handleRequest(null, Object(Config\Cache), false)
 6 SYSTEMPATH\Boot.php(363): CodeIgniter\CodeIgniter->run()
 7 SYSTEMPATH\Boot.php(68): CodeIgniter\Boot::runCodeIgniter(Object(CodeIgniter\CodeIgniter))
 8 FCPATH\index.php(67): CodeIgniter\Boot::bootWeb(Object(Config\Paths))
WARNING - 2026-02-18 03:08:39 --> [DEPRECATED] Creation of dynamic property App\Models\CartModel::$builderCheckoutItems is deprecated in APPPATH\Models\CartModel.php on line 16.
 1 APPPATH\Controllers\BaseController.php(147): App\Models\CartModel->__construct()
 2 APPPATH\Controllers\CartController.php(25): App\Controllers\BaseController->initController(Object(CodeIgniter\HTTP\IncomingRequest), Object(CodeIgniter\HTTP\Response), Object(CodeIgniter\Log\Logger))
 3 SYSTEMPATH\CodeIgniter.php(904): App\Controllers\CartController->initController(Object(CodeIgniter\HTTP\IncomingRequest), Object(CodeIgniter\HTTP\Response), Object(CodeIgniter\Log\Logger))
 4 SYSTEMPATH\CodeIgniter.php(498): CodeIgniter\CodeIgniter->createController()
 5 SYSTEMPATH\CodeIgniter.php(354): CodeIgniter\CodeIgniter->handleRequest(null, Object(Config\Cache), false)
 6 SYSTEMPATH\Boot.php(363): CodeIgniter\CodeIgniter->run()
 7 SYSTEMPATH\Boot.php(68): CodeIgniter\Boot::runCodeIgniter(Object(CodeIgniter\CodeIgniter))
 8 FCPATH\index.php(67): CodeIgniter\Boot::bootWeb(Object(Config\Paths))
WARNING - 2026-02-18 03:08:39 --> [DEPRECATED] Creation of dynamic property App\Models\CartModel::$builderPaymentMethods is deprecated in APPPATH\Models\CartModel.php on line 17.
 1 APPPATH\Controllers\BaseController.php(147): App\Models\CartModel->__construct()
 2 APPPATH\Controllers\CartController.php(25): App\Controllers\BaseController->initController(Object(CodeIgniter\HTTP\IncomingRequest), Object(CodeIgniter\HTTP\Response), Object(CodeIgniter\Log\Logger))
 3 SYSTEMPATH\CodeIgniter.php(904): App\Controllers\CartController->initController(Object(CodeIgniter\HTTP\IncomingRequest), Object(CodeIgniter\HTTP\Response), Object(CodeIgniter\Log\Logger))
 4 SYSTEMPATH\CodeIgniter.php(498): CodeIgniter\CodeIgniter->createController()
 5 SYSTEMPATH\CodeIgniter.php(354): CodeIgniter\CodeIgniter->handleRequest(null, Object(Config\Cache), false)
 6 SYSTEMPATH\Boot.php(363): CodeIgniter\CodeIgniter->run()
 7 SYSTEMPATH\Boot.php(68): CodeIgniter\Boot::runCodeIgniter(Object(CodeIgniter\CodeIgniter))
 8 FCPATH\index.php(67): CodeIgniter\Boot::bootWeb(Object(Config\Paths))
WARNING - 2026-02-18 03:08:39 --> [DEPRECATED] Creation of dynamic property App\Models\CartModel::$builderCheckouts is deprecated in APPPATH\Models\CartModel.php on line 15.
 1 APPPATH\Controllers\CartController.php(26): App\Models\CartModel->__construct()
 2 SYSTEMPATH\CodeIgniter.php(904): App\Controllers\CartController->initController(Object(CodeIgniter\HTTP\IncomingRequest), Object(CodeIgniter\HTTP\Response), Object(CodeIgniter\Log\Logger))
 3 SYSTEMPATH\CodeIgniter.php(498): CodeIgniter\CodeIgniter->createController()
 4 SYSTEMPATH\CodeIgniter.php(354): CodeIgniter\CodeIgniter->handleRequest(null, Object(Config\Cache), false)
 5 SYSTEMPATH\Boot.php(363): CodeIgniter\CodeIgniter->run()
 6 SYSTEMPATH\Boot.php(68): CodeIgniter\Boot::runCodeIgniter(Object(CodeIgniter\CodeIgniter))
 7 FCPATH\index.php(67): CodeIgniter\Boot::bootWeb(Object(Config\Paths))
WARNING - 2026-02-18 03:08:39 --> [DEPRECATED] Creation of dynamic property App\Models\CartModel::$builderCheckoutItems is deprecated in APPPATH\Models\CartModel.php on line 16.
 1 APPPATH\Controllers\CartController.php(26): App\Models\CartModel->__construct()
 2 SYSTEMPATH\CodeIgniter.php(904): App\Controllers\CartController->initController(Object(CodeIgniter\HTTP\IncomingRequest), Object(CodeIgniter\HTTP\Response), Object(CodeIgniter\Log\Logger))
 3 SYSTEMPATH\CodeIgniter.php(498): CodeIgniter\CodeIgniter->createController()
 4 SYSTEMPATH\CodeIgniter.php(354): CodeIgniter\CodeIgniter->handleRequest(null, Object(Config\Cache), false)
 5 SYSTEMPATH\Boot.php(363): CodeIgniter\CodeIgniter->run()
 6 SYSTEMPATH\Boot.php(68): CodeIgniter\Boot::runCodeIgniter(Object(CodeIgniter\CodeIgniter))
 7 FCPATH\index.php(67): CodeIgniter\Boot::bootWeb(Object(Config\Paths))
WARNING - 2026-02-18 03:08:39 --> [DEPRECATED] Creation of dynamic property App\Models\CartModel::$builderPaymentMethods is deprecated in APPPATH\Models\CartModel.php on line 17.
 1 APPPATH\Controllers\CartController.php(26): App\Models\CartModel->__construct()
 2 SYSTEMPATH\CodeIgniter.php(904): App\Controllers\CartController->initController(Object(CodeIgniter\HTTP\IncomingRequest), Object(CodeIgniter\HTTP\Response), Object(CodeIgniter\Log\Logger))
 3 SYSTEMPATH\CodeIgniter.php(498): CodeIgniter\CodeIgniter->createController()
 4 SYSTEMPATH\CodeIgniter.php(354): CodeIgniter\CodeIgniter->handleRequest(null, Object(Config\Cache), false)
 5 SYSTEMPATH\Boot.php(363): CodeIgniter\CodeIgniter->run()
 6 SYSTEMPATH\Boot.php(68): CodeIgniter\Boot::runCodeIgniter(Object(CodeIgniter\CodeIgniter))
 7 FCPATH\index.php(67): CodeIgniter\Boot::bootWeb(Object(Config\Paths))
WARNING - 2026-02-18 03:08:39 --> [DEPRECATED] Creation of dynamic property App\Controllers\CartController::$apiKey is deprecated in APPPATH\Controllers\CartController.php on line 34.
 1 SYSTEMPATH\CodeIgniter.php(904): App\Controllers\CartController->initController(Object(CodeIgniter\HTTP\IncomingRequest), Object(CodeIgniter\HTTP\Response), Object(CodeIgniter\Log\Logger))
 2 SYSTEMPATH\CodeIgniter.php(498): CodeIgniter\CodeIgniter->createController()
 3 SYSTEMPATH\CodeIgniter.php(354): CodeIgniter\CodeIgniter->handleRequest(null, Object(Config\Cache), false)
 4 SYSTEMPATH\Boot.php(363): CodeIgniter\CodeIgniter->run()
 5 SYSTEMPATH\Boot.php(68): CodeIgniter\Boot::runCodeIgniter(Object(CodeIgniter\CodeIgniter))
 6 FCPATH\index.php(67): CodeIgniter\Boot::bootWeb(Object(Config\Paths))
WARNING - 2026-02-18 03:10:25 --> [DEPRECATED] Creation of dynamic property App\Models\CartModel::$builderCheckouts is deprecated in APPPATH\Models\CartModel.php on line 15.
 1 APPPATH\Controllers\BaseController.php(147): App\Models\CartModel->__construct()
 2 APPPATH\Controllers\CartController.php(25): App\Controllers\BaseController->initController(Object(CodeIgniter\HTTP\IncomingRequest), Object(CodeIgniter\HTTP\Response), Object(CodeIgniter\Log\Logger))
 3 SYSTEMPATH\CodeIgniter.php(904): App\Controllers\CartController->initController(Object(CodeIgniter\HTTP\IncomingRequest), Object(CodeIgniter\HTTP\Response), Object(CodeIgniter\Log\Logger))
 4 SYSTEMPATH\CodeIgniter.php(498): CodeIgniter\CodeIgniter->createController()
 5 SYSTEMPATH\CodeIgniter.php(354): CodeIgniter\CodeIgniter->handleRequest(null, Object(Config\Cache), false)
 6 SYSTEMPATH\Boot.php(363): CodeIgniter\CodeIgniter->run()
 7 SYSTEMPATH\Boot.php(68): CodeIgniter\Boot::runCodeIgniter(Object(CodeIgniter\CodeIgniter))
 8 FCPATH\index.php(67): CodeIgniter\Boot::bootWeb(Object(Config\Paths))
WARNING - 2026-02-18 03:10:25 --> [DEPRECATED] Creation of dynamic property App\Models\CartModel::$builderCheckoutItems is deprecated in APPPATH\Models\CartModel.php on line 16.
 1 APPPATH\Controllers\BaseController.php(147): App\Models\CartModel->__construct()
 2 APPPATH\Controllers\CartController.php(25): App\Controllers\BaseController->initController(Object(CodeIgniter\HTTP\IncomingRequest), Object(CodeIgniter\HTTP\Response), Object(CodeIgniter\Log\Logger))
 3 SYSTEMPATH\CodeIgniter.php(904): App\Controllers\CartController->initController(Object(CodeIgniter\HTTP\IncomingRequest), Object(CodeIgniter\HTTP\Response), Object(CodeIgniter\Log\Logger))
 4 SYSTEMPATH\CodeIgniter.php(498): CodeIgniter\CodeIgniter->createController()
 5 SYSTEMPATH\CodeIgniter.php(354): CodeIgniter\CodeIgniter->handleRequest(null, Object(Config\Cache), false)
 6 SYSTEMPATH\Boot.php(363): CodeIgniter\CodeIgniter->run()
 7 SYSTEMPATH\Boot.php(68): CodeIgniter\Boot::runCodeIgniter(Object(CodeIgniter\CodeIgniter))
 8 FCPATH\index.php(67): CodeIgniter\Boot::bootWeb(Object(Config\Paths))
WARNING - 2026-02-18 03:10:25 --> [DEPRECATED] Creation of dynamic property App\Models\CartModel::$builderPaymentMethods is deprecated in APPPATH\Models\CartModel.php on line 17.
 1 APPPATH\Controllers\BaseController.php(147): App\Models\CartModel->__construct()
 2 APPPATH\Controllers\CartController.php(25): App\Controllers\BaseController->initController(Object(CodeIgniter\HTTP\IncomingRequest), Object(CodeIgniter\HTTP\Response), Object(CodeIgniter\Log\Logger))
 3 SYSTEMPATH\CodeIgniter.php(904): App\Controllers\CartController->initController(Object(CodeIgniter\HTTP\IncomingRequest), Object(CodeIgniter\HTTP\Response), Object(CodeIgniter\Log\Logger))
 4 SYSTEMPATH\CodeIgniter.php(498): CodeIgniter\CodeIgniter->createController()
 5 SYSTEMPATH\CodeIgniter.php(354): CodeIgniter\CodeIgniter->handleRequest(null, Object(Config\Cache), false)
 6 SYSTEMPATH\Boot.php(363): CodeIgniter\CodeIgniter->run()
 7 SYSTEMPATH\Boot.php(68): CodeIgniter\Boot::runCodeIgniter(Object(CodeIgniter\CodeIgniter))
 8 FCPATH\index.php(67): CodeIgniter\Boot::bootWeb(Object(Config\Paths))
WARNING - 2026-02-18 03:10:25 --> [DEPRECATED] Creation of dynamic property App\Models\CartModel::$builderCheckouts is deprecated in APPPATH\Models\CartModel.php on line 15.
 1 APPPATH\Controllers\CartController.php(26): App\Models\CartModel->__construct()
 2 SYSTEMPATH\CodeIgniter.php(904): App\Controllers\CartController->initController(Object(CodeIgniter\HTTP\IncomingRequest), Object(CodeIgniter\HTTP\Response), Object(CodeIgniter\Log\Logger))
 3 SYSTEMPATH\CodeIgniter.php(498): CodeIgniter\CodeIgniter->createController()
 4 SYSTEMPATH\CodeIgniter.php(354): CodeIgniter\CodeIgniter->handleRequest(null, Object(Config\Cache), false)
 5 SYSTEMPATH\Boot.php(363): CodeIgniter\CodeIgniter->run()
 6 SYSTEMPATH\Boot.php(68): CodeIgniter\Boot::runCodeIgniter(Object(CodeIgniter\CodeIgniter))
 7 FCPATH\index.php(67): CodeIgniter\Boot::bootWeb(Object(Config\Paths))
WARNING - 2026-02-18 03:10:25 --> [DEPRECATED] Creation of dynamic property App\Models\CartModel::$builderCheckoutItems is deprecated in APPPATH\Models\CartModel.php on line 16.
 1 APPPATH\Controllers\CartController.php(26): App\Models\CartModel->__construct()
 2 SYSTEMPATH\CodeIgniter.php(904): App\Controllers\CartController->initController(Object(CodeIgniter\HTTP\IncomingRequest), Object(CodeIgniter\HTTP\Response), Object(CodeIgniter\Log\Logger))
 3 SYSTEMPATH\CodeIgniter.php(498): CodeIgniter\CodeIgniter->createController()
 4 SYSTEMPATH\CodeIgniter.php(354): CodeIgniter\CodeIgniter->handleRequest(null, Object(Config\Cache), false)
 5 SYSTEMPATH\Boot.php(363): CodeIgniter\CodeIgniter->run()
 6 SYSTEMPATH\Boot.php(68): CodeIgniter\Boot::runCodeIgniter(Object(CodeIgniter\CodeIgniter))
 7 FCPATH\index.php(67): CodeIgniter\Boot::bootWeb(Object(Config\Paths))
WARNING - 2026-02-18 03:10:25 --> [DEPRECATED] Creation of dynamic property App\Models\CartModel::$builderPaymentMethods is deprecated in APPPATH\Models\CartModel.php on line 17.
 1 APPPATH\Controllers\CartController.php(26): App\Models\CartModel->__construct()
 2 SYSTEMPATH\CodeIgniter.php(904): App\Controllers\CartController->initController(Object(CodeIgniter\HTTP\IncomingRequest), Object(CodeIgniter\HTTP\Response), Object(CodeIgniter\Log\Logger))
 3 SYSTEMPATH\CodeIgniter.php(498): CodeIgniter\CodeIgniter->createController()
 4 SYSTEMPATH\CodeIgniter.php(354): CodeIgniter\CodeIgniter->handleRequest(null, Object(Config\Cache), false)
 5 SYSTEMPATH\Boot.php(363): CodeIgniter\CodeIgniter->run()
 6 SYSTEMPATH\Boot.php(68): CodeIgniter\Boot::runCodeIgniter(Object(CodeIgniter\CodeIgniter))
 7 FCPATH\index.php(67): CodeIgniter\Boot::bootWeb(Object(Config\Paths))
WARNING - 2026-02-18 03:10:25 --> [DEPRECATED] Creation of dynamic property App\Controllers\CartController::$apiKey is deprecated in APPPATH\Controllers\CartController.php on line 34.
 1 SYSTEMPATH\CodeIgniter.php(904): App\Controllers\CartController->initController(Object(CodeIgniter\HTTP\IncomingRequest), Object(CodeIgniter\HTTP\Response), Object(CodeIgniter\Log\Logger))
 2 SYSTEMPATH\CodeIgniter.php(498): CodeIgniter\CodeIgniter->createController()
 3 SYSTEMPATH\CodeIgniter.php(354): CodeIgniter\CodeIgniter->handleRequest(null, Object(Config\Cache), false)
 4 SYSTEMPATH\Boot.php(363): CodeIgniter\CodeIgniter->run()
 5 SYSTEMPATH\Boot.php(68): CodeIgniter\Boot::runCodeIgniter(Object(CodeIgniter\CodeIgniter))
 6 FCPATH\index.php(67): CodeIgniter\Boot::bootWeb(Object(Config\Paths))
WARNING - 2026-02-18 03:10:25 --> [DEPRECATED] Creation of dynamic property App\Services\OngkirService::$baseUrl is deprecated in APPPATH\Services\OngkirService.php on line 11.
 1 APPPATH\Controllers\CartController.php(186): App\Services\OngkirService->__construct()
 2 SYSTEMPATH\CodeIgniter.php(933): App\Controllers\CartController->shipping()
 3 SYSTEMPATH\CodeIgniter.php(507): CodeIgniter\CodeIgniter->runController(Object(App\Controllers\CartController))
 4 SYSTEMPATH\CodeIgniter.php(354): CodeIgniter\CodeIgniter->handleRequest(null, Object(Config\Cache), false)
 5 SYSTEMPATH\Boot.php(363): CodeIgniter\CodeIgniter->run()
 6 SYSTEMPATH\Boot.php(68): CodeIgniter\Boot::runCodeIgniter(Object(CodeIgniter\CodeIgniter))
 7 FCPATH\index.php(67): CodeIgniter\Boot::bootWeb(Object(Config\Paths))
WARNING - 2026-02-18 03:10:25 --> [DEPRECATED] Creation of dynamic property App\Services\OngkirService::$CALCULATE_DELIVERY_COST is deprecated in APPPATH\Services\OngkirService.php on line 12.
 1 APPPATH\Controllers\CartController.php(186): App\Services\OngkirService->__construct()
 2 SYSTEMPATH\CodeIgniter.php(933): App\Controllers\CartController->shipping()
 3 SYSTEMPATH\CodeIgniter.php(507): CodeIgniter\CodeIgniter->runController(Object(App\Controllers\CartController))
 4 SYSTEMPATH\CodeIgniter.php(354): CodeIgniter\CodeIgniter->handleRequest(null, Object(Config\Cache), false)
 5 SYSTEMPATH\Boot.php(363): CodeIgniter\CodeIgniter->run()
 6 SYSTEMPATH\Boot.php(68): CodeIgniter\Boot::runCodeIgniter(Object(CodeIgniter\CodeIgniter))
 7 FCPATH\index.php(67): CodeIgniter\Boot::bootWeb(Object(Config\Paths))
WARNING - 2026-02-18 03:10:25 --> [DEPRECATED] Creation of dynamic property App\Services\OngkirService::$apiKey is deprecated in APPPATH\Services\OngkirService.php on line 13.
 1 APPPATH\Controllers\CartController.php(186): App\Services\OngkirService->__construct()
 2 SYSTEMPATH\CodeIgniter.php(933): App\Controllers\CartController->shipping()
 3 SYSTEMPATH\CodeIgniter.php(507): CodeIgniter\CodeIgniter->runController(Object(App\Controllers\CartController))
 4 SYSTEMPATH\CodeIgniter.php(354): CodeIgniter\CodeIgniter->handleRequest(null, Object(Config\Cache), false)
 5 SYSTEMPATH\Boot.php(363): CodeIgniter\CodeIgniter->run()
 6 SYSTEMPATH\Boot.php(68): CodeIgniter\Boot::runCodeIgniter(Object(CodeIgniter\CodeIgniter))
 7 FCPATH\index.php(67): CodeIgniter\Boot::bootWeb(Object(Config\Paths))
WARNING - 2026-02-18 03:10:25 --> [DEPRECATED] Creation of dynamic property App\Services\OngkirService::$listCourier is deprecated in APPPATH\Services\OngkirService.php on line 14.
 1 APPPATH\Controllers\CartController.php(186): App\Services\OngkirService->__construct()
 2 SYSTEMPATH\CodeIgniter.php(933): App\Controllers\CartController->shipping()
 3 SYSTEMPATH\CodeIgniter.php(507): CodeIgniter\CodeIgniter->runController(Object(App\Controllers\CartController))
 4 SYSTEMPATH\CodeIgniter.php(354): CodeIgniter\CodeIgniter->handleRequest(null, Object(Config\Cache), false)
 5 SYSTEMPATH\Boot.php(363): CodeIgniter\CodeIgniter->run()
 6 SYSTEMPATH\Boot.php(68): CodeIgniter\Boot::runCodeIgniter(Object(CodeIgniter\CodeIgniter))
 7 FCPATH\index.php(67): CodeIgniter\Boot::bootWeb(Object(Config\Paths))
WARNING - 2026-02-18 03:10:25 --> [DEPRECATED] Creation of dynamic property App\Models\CartModel::$builderCheckouts is deprecated in APPPATH\Models\CartModel.php on line 15.
 1 APPPATH\Controllers\BaseController.php(147): App\Models\CartModel->__construct()
 2 APPPATH\Controllers\AjaxController.php(20): App\Controllers\BaseController->initController(Object(CodeIgniter\HTTP\IncomingRequest), Object(CodeIgniter\HTTP\Response), Object(CodeIgniter\Log\Logger))
 3 SYSTEMPATH\CodeIgniter.php(904): App\Controllers\AjaxController->initController(Object(CodeIgniter\HTTP\IncomingRequest), Object(CodeIgniter\HTTP\Response), Object(CodeIgniter\Log\Logger))
 4 SYSTEMPATH\CodeIgniter.php(498): CodeIgniter\CodeIgniter->createController()
 5 SYSTEMPATH\CodeIgniter.php(354): CodeIgniter\CodeIgniter->handleRequest(null, Object(Config\Cache), false)
 6 SYSTEMPATH\Boot.php(363): CodeIgniter\CodeIgniter->run()
 7 SYSTEMPATH\Boot.php(68): CodeIgniter\Boot::runCodeIgniter(Object(CodeIgniter\CodeIgniter))
 8 FCPATH\index.php(67): CodeIgniter\Boot::bootWeb(Object(Config\Paths))
WARNING - 2026-02-18 03:10:25 --> [DEPRECATED] Creation of dynamic property App\Models\CartModel::$builderCheckoutItems is deprecated in APPPATH\Models\CartModel.php on line 16.
 1 APPPATH\Controllers\BaseController.php(147): App\Models\CartModel->__construct()
 2 APPPATH\Controllers\AjaxController.php(20): App\Controllers\BaseController->initController(Object(CodeIgniter\HTTP\IncomingRequest), Object(CodeIgniter\HTTP\Response), Object(CodeIgniter\Log\Logger))
 3 SYSTEMPATH\CodeIgniter.php(904): App\Controllers\AjaxController->initController(Object(CodeIgniter\HTTP\IncomingRequest), Object(CodeIgniter\HTTP\Response), Object(CodeIgniter\Log\Logger))
 4 SYSTEMPATH\CodeIgniter.php(498): CodeIgniter\CodeIgniter->createController()
 5 SYSTEMPATH\CodeIgniter.php(354): CodeIgniter\CodeIgniter->handleRequest(null, Object(Config\Cache), false)
 6 SYSTEMPATH\Boot.php(363): CodeIgniter\CodeIgniter->run()
 7 SYSTEMPATH\Boot.php(68): CodeIgniter\Boot::runCodeIgniter(Object(CodeIgniter\CodeIgniter))
 8 FCPATH\index.php(67): CodeIgniter\Boot::bootWeb(Object(Config\Paths))
WARNING - 2026-02-18 03:10:25 --> [DEPRECATED] Creation of dynamic property App\Models\CartModel::$builderPaymentMethods is deprecated in APPPATH\Models\CartModel.php on line 17.
 1 APPPATH\Controllers\BaseController.php(147): App\Models\CartModel->__construct()
 2 APPPATH\Controllers\AjaxController.php(20): App\Controllers\BaseController->initController(Object(CodeIgniter\HTTP\IncomingRequest), Object(CodeIgniter\HTTP\Response), Object(CodeIgniter\Log\Logger))
 3 SYSTEMPATH\CodeIgniter.php(904): App\Controllers\AjaxController->initController(Object(CodeIgniter\HTTP\IncomingRequest), Object(CodeIgniter\HTTP\Response), Object(CodeIgniter\Log\Logger))
 4 SYSTEMPATH\CodeIgniter.php(498): CodeIgniter\CodeIgniter->createController()
 5 SYSTEMPATH\CodeIgniter.php(354): CodeIgniter\CodeIgniter->handleRequest(null, Object(Config\Cache), false)
 6 SYSTEMPATH\Boot.php(363): CodeIgniter\CodeIgniter->run()
 7 SYSTEMPATH\Boot.php(68): CodeIgniter\Boot::runCodeIgniter(Object(CodeIgniter\CodeIgniter))
 8 FCPATH\index.php(67): CodeIgniter\Boot::bootWeb(Object(Config\Paths))
WARNING - 2026-02-18 03:10:33 --> [DEPRECATED] Creation of dynamic property App\Models\CartModel::$builderCheckouts is deprecated in APPPATH\Models\CartModel.php on line 15.
 1 APPPATH\Controllers\BaseController.php(147): App\Models\CartModel->__construct()
 2 APPPATH\Controllers\CartController.php(25): App\Controllers\BaseController->initController(Object(CodeIgniter\HTTP\IncomingRequest), Object(CodeIgniter\HTTP\Response), Object(CodeIgniter\Log\Logger))
 3 SYSTEMPATH\CodeIgniter.php(904): App\Controllers\CartController->initController(Object(CodeIgniter\HTTP\IncomingRequest), Object(CodeIgniter\HTTP\Response), Object(CodeIgniter\Log\Logger))
 4 SYSTEMPATH\CodeIgniter.php(498): CodeIgniter\CodeIgniter->createController()
 5 SYSTEMPATH\CodeIgniter.php(354): CodeIgniter\CodeIgniter->handleRequest(null, Object(Config\Cache), false)
 6 SYSTEMPATH\Boot.php(363): CodeIgniter\CodeIgniter->run()
 7 SYSTEMPATH\Boot.php(68): CodeIgniter\Boot::runCodeIgniter(Object(CodeIgniter\CodeIgniter))
 8 FCPATH\index.php(67): CodeIgniter\Boot::bootWeb(Object(Config\Paths))
WARNING - 2026-02-18 03:10:33 --> [DEPRECATED] Creation of dynamic property App\Models\CartModel::$builderCheckoutItems is deprecated in APPPATH\Models\CartModel.php on line 16.
 1 APPPATH\Controllers\BaseController.php(147): App\Models\CartModel->__construct()
 2 APPPATH\Controllers\CartController.php(25): App\Controllers\BaseController->initController(Object(CodeIgniter\HTTP\IncomingRequest), Object(CodeIgniter\HTTP\Response), Object(CodeIgniter\Log\Logger))
 3 SYSTEMPATH\CodeIgniter.php(904): App\Controllers\CartController->initController(Object(CodeIgniter\HTTP\IncomingRequest), Object(CodeIgniter\HTTP\Response), Object(CodeIgniter\Log\Logger))
 4 SYSTEMPATH\CodeIgniter.php(498): CodeIgniter\CodeIgniter->createController()
 5 SYSTEMPATH\CodeIgniter.php(354): CodeIgniter\CodeIgniter->handleRequest(null, Object(Config\Cache), false)
 6 SYSTEMPATH\Boot.php(363): CodeIgniter\CodeIgniter->run()
 7 SYSTEMPATH\Boot.php(68): CodeIgniter\Boot::runCodeIgniter(Object(CodeIgniter\CodeIgniter))
 8 FCPATH\index.php(67): CodeIgniter\Boot::bootWeb(Object(Config\Paths))
WARNING - 2026-02-18 03:10:33 --> [DEPRECATED] Creation of dynamic property App\Models\CartModel::$builderPaymentMethods is deprecated in APPPATH\Models\CartModel.php on line 17.
 1 APPPATH\Controllers\BaseController.php(147): App\Models\CartModel->__construct()
 2 APPPATH\Controllers\CartController.php(25): App\Controllers\BaseController->initController(Object(CodeIgniter\HTTP\IncomingRequest), Object(CodeIgniter\HTTP\Response), Object(CodeIgniter\Log\Logger))
 3 SYSTEMPATH\CodeIgniter.php(904): App\Controllers\CartController->initController(Object(CodeIgniter\HTTP\IncomingRequest), Object(CodeIgniter\HTTP\Response), Object(CodeIgniter\Log\Logger))
 4 SYSTEMPATH\CodeIgniter.php(498): CodeIgniter\CodeIgniter->createController()
 5 SYSTEMPATH\CodeIgniter.php(354): CodeIgniter\CodeIgniter->handleRequest(null, Object(Config\Cache), false)
 6 SYSTEMPATH\Boot.php(363): CodeIgniter\CodeIgniter->run()
 7 SYSTEMPATH\Boot.php(68): CodeIgniter\Boot::runCodeIgniter(Object(CodeIgniter\CodeIgniter))
 8 FCPATH\index.php(67): CodeIgniter\Boot::bootWeb(Object(Config\Paths))
WARNING - 2026-02-18 03:10:33 --> [DEPRECATED] Creation of dynamic property App\Models\CartModel::$builderCheckouts is deprecated in APPPATH\Models\CartModel.php on line 15.
 1 APPPATH\Controllers\CartController.php(26): App\Models\CartModel->__construct()
 2 SYSTEMPATH\CodeIgniter.php(904): App\Controllers\CartController->initController(Object(CodeIgniter\HTTP\IncomingRequest), Object(CodeIgniter\HTTP\Response), Object(CodeIgniter\Log\Logger))
 3 SYSTEMPATH\CodeIgniter.php(498): CodeIgniter\CodeIgniter->createController()
 4 SYSTEMPATH\CodeIgniter.php(354): CodeIgniter\CodeIgniter->handleRequest(null, Object(Config\Cache), false)
 5 SYSTEMPATH\Boot.php(363): CodeIgniter\CodeIgniter->run()
 6 SYSTEMPATH\Boot.php(68): CodeIgniter\Boot::runCodeIgniter(Object(CodeIgniter\CodeIgniter))
 7 FCPATH\index.php(67): CodeIgniter\Boot::bootWeb(Object(Config\Paths))
WARNING - 2026-02-18 03:10:33 --> [DEPRECATED] Creation of dynamic property App\Models\CartModel::$builderCheckoutItems is deprecated in APPPATH\Models\CartModel.php on line 16.
 1 APPPATH\Controllers\CartController.php(26): App\Models\CartModel->__construct()
 2 SYSTEMPATH\CodeIgniter.php(904): App\Controllers\CartController->initController(Object(CodeIgniter\HTTP\IncomingRequest), Object(CodeIgniter\HTTP\Response), Object(CodeIgniter\Log\Logger))
 3 SYSTEMPATH\CodeIgniter.php(498): CodeIgniter\CodeIgniter->createController()
 4 SYSTEMPATH\CodeIgniter.php(354): CodeIgniter\CodeIgniter->handleRequest(null, Object(Config\Cache), false)
 5 SYSTEMPATH\Boot.php(363): CodeIgniter\CodeIgniter->run()
 6 SYSTEMPATH\Boot.php(68): CodeIgniter\Boot::runCodeIgniter(Object(CodeIgniter\CodeIgniter))
 7 FCPATH\index.php(67): CodeIgniter\Boot::bootWeb(Object(Config\Paths))
WARNING - 2026-02-18 03:10:33 --> [DEPRECATED] Creation of dynamic property App\Models\CartModel::$builderPaymentMethods is deprecated in APPPATH\Models\CartModel.php on line 17.
 1 APPPATH\Controllers\CartController.php(26): App\Models\CartModel->__construct()
 2 SYSTEMPATH\CodeIgniter.php(904): App\Controllers\CartController->initController(Object(CodeIgniter\HTTP\IncomingRequest), Object(CodeIgniter\HTTP\Response), Object(CodeIgniter\Log\Logger))
 3 SYSTEMPATH\CodeIgniter.php(498): CodeIgniter\CodeIgniter->createController()
 4 SYSTEMPATH\CodeIgniter.php(354): CodeIgniter\CodeIgniter->handleRequest(null, Object(Config\Cache), false)
 5 SYSTEMPATH\Boot.php(363): CodeIgniter\CodeIgniter->run()
 6 SYSTEMPATH\Boot.php(68): CodeIgniter\Boot::runCodeIgniter(Object(CodeIgniter\CodeIgniter))
 7 FCPATH\index.php(67): CodeIgniter\Boot::bootWeb(Object(Config\Paths))
WARNING - 2026-02-18 03:10:33 --> [DEPRECATED] Creation of dynamic property App\Controllers\CartController::$apiKey is deprecated in APPPATH\Controllers\CartController.php on line 34.
 1 SYSTEMPATH\CodeIgniter.php(904): App\Controllers\CartController->initController(Object(CodeIgniter\HTTP\IncomingRequest), Object(CodeIgniter\HTTP\Response), Object(CodeIgniter\Log\Logger))
 2 SYSTEMPATH\CodeIgniter.php(498): CodeIgniter\CodeIgniter->createController()
 3 SYSTEMPATH\CodeIgniter.php(354): CodeIgniter\CodeIgniter->handleRequest(null, Object(Config\Cache), false)
 4 SYSTEMPATH\Boot.php(363): CodeIgniter\CodeIgniter->run()
 5 SYSTEMPATH\Boot.php(68): CodeIgniter\Boot::runCodeIgniter(Object(CodeIgniter\CodeIgniter))
 6 FCPATH\index.php(67): CodeIgniter\Boot::bootWeb(Object(Config\Paths))
WARNING - 2026-02-18 03:10:33 --> [DEPRECATED] Creation of dynamic property App\Services\OngkirService::$baseUrl is deprecated in APPPATH\Services\OngkirService.php on line 11.
 1 APPPATH\Controllers\CartController.php(186): App\Services\OngkirService->__construct()
 2 SYSTEMPATH\CodeIgniter.php(933): App\Controllers\CartController->shipping()
 3 SYSTEMPATH\CodeIgniter.php(507): CodeIgniter\CodeIgniter->runController(Object(App\Controllers\CartController))
 4 SYSTEMPATH\CodeIgniter.php(354): CodeIgniter\CodeIgniter->handleRequest(null, Object(Config\Cache), false)
 5 SYSTEMPATH\Boot.php(363): CodeIgniter\CodeIgniter->run()
 6 SYSTEMPATH\Boot.php(68): CodeIgniter\Boot::runCodeIgniter(Object(CodeIgniter\CodeIgniter))
 7 FCPATH\index.php(67): CodeIgniter\Boot::bootWeb(Object(Config\Paths))
WARNING - 2026-02-18 03:10:33 --> [DEPRECATED] Creation of dynamic property App\Services\OngkirService::$CALCULATE_DELIVERY_COST is deprecated in APPPATH\Services\OngkirService.php on line 12.
 1 APPPATH\Controllers\CartController.php(186): App\Services\OngkirService->__construct()
 2 SYSTEMPATH\CodeIgniter.php(933): App\Controllers\CartController->shipping()
 3 SYSTEMPATH\CodeIgniter.php(507): CodeIgniter\CodeIgniter->runController(Object(App\Controllers\CartController))
 4 SYSTEMPATH\CodeIgniter.php(354): CodeIgniter\CodeIgniter->handleRequest(null, Object(Config\Cache), false)
 5 SYSTEMPATH\Boot.php(363): CodeIgniter\CodeIgniter->run()
 6 SYSTEMPATH\Boot.php(68): CodeIgniter\Boot::runCodeIgniter(Object(CodeIgniter\CodeIgniter))
 7 FCPATH\index.php(67): CodeIgniter\Boot::bootWeb(Object(Config\Paths))
WARNING - 2026-02-18 03:10:33 --> [DEPRECATED] Creation of dynamic property App\Services\OngkirService::$apiKey is deprecated in APPPATH\Services\OngkirService.php on line 13.
 1 APPPATH\Controllers\CartController.php(186): App\Services\OngkirService->__construct()
 2 SYSTEMPATH\CodeIgniter.php(933): App\Controllers\CartController->shipping()
 3 SYSTEMPATH\CodeIgniter.php(507): CodeIgniter\CodeIgniter->runController(Object(App\Controllers\CartController))
 4 SYSTEMPATH\CodeIgniter.php(354): CodeIgniter\CodeIgniter->handleRequest(null, Object(Config\Cache), false)
 5 SYSTEMPATH\Boot.php(363): CodeIgniter\CodeIgniter->run()
 6 SYSTEMPATH\Boot.php(68): CodeIgniter\Boot::runCodeIgniter(Object(CodeIgniter\CodeIgniter))
 7 FCPATH\index.php(67): CodeIgniter\Boot::bootWeb(Object(Config\Paths))
WARNING - 2026-02-18 03:10:33 --> [DEPRECATED] Creation of dynamic property App\Services\OngkirService::$listCourier is deprecated in APPPATH\Services\OngkirService.php on line 14.
 1 APPPATH\Controllers\CartController.php(186): App\Services\OngkirService->__construct()
 2 SYSTEMPATH\CodeIgniter.php(933): App\Controllers\CartController->shipping()
 3 SYSTEMPATH\CodeIgniter.php(507): CodeIgniter\CodeIgniter->runController(Object(App\Controllers\CartController))
 4 SYSTEMPATH\CodeIgniter.php(354): CodeIgniter\CodeIgniter->handleRequest(null, Object(Config\Cache), false)
 5 SYSTEMPATH\Boot.php(363): CodeIgniter\CodeIgniter->run()
 6 SYSTEMPATH\Boot.php(68): CodeIgniter\Boot::runCodeIgniter(Object(CodeIgniter\CodeIgniter))
 7 FCPATH\index.php(67): CodeIgniter\Boot::bootWeb(Object(Config\Paths))
WARNING - 2026-02-18 03:10:33 --> [DEPRECATED] Creation of dynamic property App\Models\CartModel::$builderCheckouts is deprecated in APPPATH\Models\CartModel.php on line 15.
 1 APPPATH\Controllers\BaseController.php(147): App\Models\CartModel->__construct()
 2 APPPATH\Controllers\AjaxController.php(20): App\Controllers\BaseController->initController(Object(CodeIgniter\HTTP\IncomingRequest), Object(CodeIgniter\HTTP\Response), Object(CodeIgniter\Log\Logger))
 3 SYSTEMPATH\CodeIgniter.php(904): App\Controllers\AjaxController->initController(Object(CodeIgniter\HTTP\IncomingRequest), Object(CodeIgniter\HTTP\Response), Object(CodeIgniter\Log\Logger))
 4 SYSTEMPATH\CodeIgniter.php(498): CodeIgniter\CodeIgniter->createController()
 5 SYSTEMPATH\CodeIgniter.php(354): CodeIgniter\CodeIgniter->handleRequest(null, Object(Config\Cache), false)
 6 SYSTEMPATH\Boot.php(363): CodeIgniter\CodeIgniter->run()
 7 SYSTEMPATH\Boot.php(68): CodeIgniter\Boot::runCodeIgniter(Object(CodeIgniter\CodeIgniter))
 8 FCPATH\index.php(67): CodeIgniter\Boot::bootWeb(Object(Config\Paths))
WARNING - 2026-02-18 03:10:33 --> [DEPRECATED] Creation of dynamic property App\Models\CartModel::$builderCheckoutItems is deprecated in APPPATH\Models\CartModel.php on line 16.
 1 APPPATH\Controllers\BaseController.php(147): App\Models\CartModel->__construct()
 2 APPPATH\Controllers\AjaxController.php(20): App\Controllers\BaseController->initController(Object(CodeIgniter\HTTP\IncomingRequest), Object(CodeIgniter\HTTP\Response), Object(CodeIgniter\Log\Logger))
 3 SYSTEMPATH\CodeIgniter.php(904): App\Controllers\AjaxController->initController(Object(CodeIgniter\HTTP\IncomingRequest), Object(CodeIgniter\HTTP\Response), Object(CodeIgniter\Log\Logger))
 4 SYSTEMPATH\CodeIgniter.php(498): CodeIgniter\CodeIgniter->createController()
 5 SYSTEMPATH\CodeIgniter.php(354): CodeIgniter\CodeIgniter->handleRequest(null, Object(Config\Cache), false)
 6 SYSTEMPATH\Boot.php(363): CodeIgniter\CodeIgniter->run()
 7 SYSTEMPATH\Boot.php(68): CodeIgniter\Boot::runCodeIgniter(Object(CodeIgniter\CodeIgniter))
 8 FCPATH\index.php(67): CodeIgniter\Boot::bootWeb(Object(Config\Paths))
WARNING - 2026-02-18 03:10:33 --> [DEPRECATED] Creation of dynamic property App\Models\CartModel::$builderPaymentMethods is deprecated in APPPATH\Models\CartModel.php on line 17.
 1 APPPATH\Controllers\BaseController.php(147): App\Models\CartModel->__construct()
 2 APPPATH\Controllers\AjaxController.php(20): App\Controllers\BaseController->initController(Object(CodeIgniter\HTTP\IncomingRequest), Object(CodeIgniter\HTTP\Response), Object(CodeIgniter\Log\Logger))
 3 SYSTEMPATH\CodeIgniter.php(904): App\Controllers\AjaxController->initController(Object(CodeIgniter\HTTP\IncomingRequest), Object(CodeIgniter\HTTP\Response), Object(CodeIgniter\Log\Logger))
 4 SYSTEMPATH\CodeIgniter.php(498): CodeIgniter\CodeIgniter->createController()
 5 SYSTEMPATH\CodeIgniter.php(354): CodeIgniter\CodeIgniter->handleRequest(null, Object(Config\Cache), false)
 6 SYSTEMPATH\Boot.php(363): CodeIgniter\CodeIgniter->run()
 7 SYSTEMPATH\Boot.php(68): CodeIgniter\Boot::runCodeIgniter(Object(CodeIgniter\CodeIgniter))
 8 FCPATH\index.php(67): CodeIgniter\Boot::bootWeb(Object(Config\Paths))
WARNING - 2026-02-18 03:10:34 --> [DEPRECATED] Creation of dynamic property App\Models\CartModel::$builderCheckouts is deprecated in APPPATH\Models\CartModel.php on line 15.
 1 APPPATH\Controllers\BaseController.php(147): App\Models\CartModel->__construct()
 2 APPPATH\Controllers\CartController.php(25): App\Controllers\BaseController->initController(Object(CodeIgniter\HTTP\IncomingRequest), Object(CodeIgniter\HTTP\Response), Object(CodeIgniter\Log\Logger))
 3 SYSTEMPATH\CodeIgniter.php(904): App\Controllers\CartController->initController(Object(CodeIgniter\HTTP\IncomingRequest), Object(CodeIgniter\HTTP\Response), Object(CodeIgniter\Log\Logger))
 4 SYSTEMPATH\CodeIgniter.php(498): CodeIgniter\CodeIgniter->createController()
 5 SYSTEMPATH\CodeIgniter.php(354): CodeIgniter\CodeIgniter->handleRequest(null, Object(Config\Cache), false)
 6 SYSTEMPATH\Boot.php(363): CodeIgniter\CodeIgniter->run()
 7 SYSTEMPATH\Boot.php(68): CodeIgniter\Boot::runCodeIgniter(Object(CodeIgniter\CodeIgniter))
 8 FCPATH\index.php(67): CodeIgniter\Boot::bootWeb(Object(Config\Paths))
WARNING - 2026-02-18 03:10:34 --> [DEPRECATED] Creation of dynamic property App\Models\CartModel::$builderCheckoutItems is deprecated in APPPATH\Models\CartModel.php on line 16.
 1 APPPATH\Controllers\BaseController.php(147): App\Models\CartModel->__construct()
 2 APPPATH\Controllers\CartController.php(25): App\Controllers\BaseController->initController(Object(CodeIgniter\HTTP\IncomingRequest), Object(CodeIgniter\HTTP\Response), Object(CodeIgniter\Log\Logger))
 3 SYSTEMPATH\CodeIgniter.php(904): App\Controllers\CartController->initController(Object(CodeIgniter\HTTP\IncomingRequest), Object(CodeIgniter\HTTP\Response), Object(CodeIgniter\Log\Logger))
 4 SYSTEMPATH\CodeIgniter.php(498): CodeIgniter\CodeIgniter->createController()
 5 SYSTEMPATH\CodeIgniter.php(354): CodeIgniter\CodeIgniter->handleRequest(null, Object(Config\Cache), false)
 6 SYSTEMPATH\Boot.php(363): CodeIgniter\CodeIgniter->run()
 7 SYSTEMPATH\Boot.php(68): CodeIgniter\Boot::runCodeIgniter(Object(CodeIgniter\CodeIgniter))
 8 FCPATH\index.php(67): CodeIgniter\Boot::bootWeb(Object(Config\Paths))
WARNING - 2026-02-18 03:10:34 --> [DEPRECATED] Creation of dynamic property App\Models\CartModel::$builderPaymentMethods is deprecated in APPPATH\Models\CartModel.php on line 17.
 1 APPPATH\Controllers\BaseController.php(147): App\Models\CartModel->__construct()
 2 APPPATH\Controllers\CartController.php(25): App\Controllers\BaseController->initController(Object(CodeIgniter\HTTP\IncomingRequest), Object(CodeIgniter\HTTP\Response), Object(CodeIgniter\Log\Logger))
 3 SYSTEMPATH\CodeIgniter.php(904): App\Controllers\CartController->initController(Object(CodeIgniter\HTTP\IncomingRequest), Object(CodeIgniter\HTTP\Response), Object(CodeIgniter\Log\Logger))
 4 SYSTEMPATH\CodeIgniter.php(498): CodeIgniter\CodeIgniter->createController()
 5 SYSTEMPATH\CodeIgniter.php(354): CodeIgniter\CodeIgniter->handleRequest(null, Object(Config\Cache), false)
 6 SYSTEMPATH\Boot.php(363): CodeIgniter\CodeIgniter->run()
 7 SYSTEMPATH\Boot.php(68): CodeIgniter\Boot::runCodeIgniter(Object(CodeIgniter\CodeIgniter))
 8 FCPATH\index.php(67): CodeIgniter\Boot::bootWeb(Object(Config\Paths))
WARNING - 2026-02-18 03:10:34 --> [DEPRECATED] Creation of dynamic property App\Models\CartModel::$builderCheckouts is deprecated in APPPATH\Models\CartModel.php on line 15.
 1 APPPATH\Controllers\CartController.php(26): App\Models\CartModel->__construct()
 2 SYSTEMPATH\CodeIgniter.php(904): App\Controllers\CartController->initController(Object(CodeIgniter\HTTP\IncomingRequest), Object(CodeIgniter\HTTP\Response), Object(CodeIgniter\Log\Logger))
 3 SYSTEMPATH\CodeIgniter.php(498): CodeIgniter\CodeIgniter->createController()
 4 SYSTEMPATH\CodeIgniter.php(354): CodeIgniter\CodeIgniter->handleRequest(null, Object(Config\Cache), false)
 5 SYSTEMPATH\Boot.php(363): CodeIgniter\CodeIgniter->run()
 6 SYSTEMPATH\Boot.php(68): CodeIgniter\Boot::runCodeIgniter(Object(CodeIgniter\CodeIgniter))
 7 FCPATH\index.php(67): CodeIgniter\Boot::bootWeb(Object(Config\Paths))
WARNING - 2026-02-18 03:10:34 --> [DEPRECATED] Creation of dynamic property App\Models\CartModel::$builderCheckoutItems is deprecated in APPPATH\Models\CartModel.php on line 16.
 1 APPPATH\Controllers\CartController.php(26): App\Models\CartModel->__construct()
 2 SYSTEMPATH\CodeIgniter.php(904): App\Controllers\CartController->initController(Object(CodeIgniter\HTTP\IncomingRequest), Object(CodeIgniter\HTTP\Response), Object(CodeIgniter\Log\Logger))
 3 SYSTEMPATH\CodeIgniter.php(498): CodeIgniter\CodeIgniter->createController()
 4 SYSTEMPATH\CodeIgniter.php(354): CodeIgniter\CodeIgniter->handleRequest(null, Object(Config\Cache), false)
 5 SYSTEMPATH\Boot.php(363): CodeIgniter\CodeIgniter->run()
 6 SYSTEMPATH\Boot.php(68): CodeIgniter\Boot::runCodeIgniter(Object(CodeIgniter\CodeIgniter))
 7 FCPATH\index.php(67): CodeIgniter\Boot::bootWeb(Object(Config\Paths))
WARNING - 2026-02-18 03:10:34 --> [DEPRECATED] Creation of dynamic property App\Models\CartModel::$builderPaymentMethods is deprecated in APPPATH\Models\CartModel.php on line 17.
 1 APPPATH\Controllers\CartController.php(26): App\Models\CartModel->__construct()
 2 SYSTEMPATH\CodeIgniter.php(904): App\Controllers\CartController->initController(Object(CodeIgniter\HTTP\IncomingRequest), Object(CodeIgniter\HTTP\Response), Object(CodeIgniter\Log\Logger))
 3 SYSTEMPATH\CodeIgniter.php(498): CodeIgniter\CodeIgniter->createController()
 4 SYSTEMPATH\CodeIgniter.php(354): CodeIgniter\CodeIgniter->handleRequest(null, Object(Config\Cache), false)
 5 SYSTEMPATH\Boot.php(363): CodeIgniter\CodeIgniter->run()
 6 SYSTEMPATH\Boot.php(68): CodeIgniter\Boot::runCodeIgniter(Object(CodeIgniter\CodeIgniter))
 7 FCPATH\index.php(67): CodeIgniter\Boot::bootWeb(Object(Config\Paths))
WARNING - 2026-02-18 03:10:34 --> [DEPRECATED] Creation of dynamic property App\Controllers\CartController::$apiKey is deprecated in APPPATH\Controllers\CartController.php on line 34.
 1 SYSTEMPATH\CodeIgniter.php(904): App\Controllers\CartController->initController(Object(CodeIgniter\HTTP\IncomingRequest), Object(CodeIgniter\HTTP\Response), Object(CodeIgniter\Log\Logger))
 2 SYSTEMPATH\CodeIgniter.php(498): CodeIgniter\CodeIgniter->createController()
 3 SYSTEMPATH\CodeIgniter.php(354): CodeIgniter\CodeIgniter->handleRequest(null, Object(Config\Cache), false)
 4 SYSTEMPATH\Boot.php(363): CodeIgniter\CodeIgniter->run()
 5 SYSTEMPATH\Boot.php(68): CodeIgniter\Boot::runCodeIgniter(Object(CodeIgniter\CodeIgniter))
 6 FCPATH\index.php(67): CodeIgniter\Boot::bootWeb(Object(Config\Paths))
WARNING - 2026-02-18 03:11:02 --> [DEPRECATED] Creation of dynamic property App\Models\CartModel::$builderCheckouts is deprecated in APPPATH\Models\CartModel.php on line 15.
 1 APPPATH\Controllers\BaseController.php(147): App\Models\CartModel->__construct()
 2 APPPATH\Controllers\CartController.php(25): App\Controllers\BaseController->initController(Object(CodeIgniter\HTTP\IncomingRequest), Object(CodeIgniter\HTTP\Response), Object(CodeIgniter\Log\Logger))
 3 SYSTEMPATH\CodeIgniter.php(904): App\Controllers\CartController->initController(Object(CodeIgniter\HTTP\IncomingRequest), Object(CodeIgniter\HTTP\Response), Object(CodeIgniter\Log\Logger))
 4 SYSTEMPATH\CodeIgniter.php(498): CodeIgniter\CodeIgniter->createController()
 5 SYSTEMPATH\CodeIgniter.php(354): CodeIgniter\CodeIgniter->handleRequest(null, Object(Config\Cache), false)
 6 SYSTEMPATH\Boot.php(363): CodeIgniter\CodeIgniter->run()
 7 SYSTEMPATH\Boot.php(68): CodeIgniter\Boot::runCodeIgniter(Object(CodeIgniter\CodeIgniter))
 8 FCPATH\index.php(67): CodeIgniter\Boot::bootWeb(Object(Config\Paths))
WARNING - 2026-02-18 03:11:02 --> [DEPRECATED] Creation of dynamic property App\Models\CartModel::$builderCheckoutItems is deprecated in APPPATH\Models\CartModel.php on line 16.
 1 APPPATH\Controllers\BaseController.php(147): App\Models\CartModel->__construct()
 2 APPPATH\Controllers\CartController.php(25): App\Controllers\BaseController->initController(Object(CodeIgniter\HTTP\IncomingRequest), Object(CodeIgniter\HTTP\Response), Object(CodeIgniter\Log\Logger))
 3 SYSTEMPATH\CodeIgniter.php(904): App\Controllers\CartController->initController(Object(CodeIgniter\HTTP\IncomingRequest), Object(CodeIgniter\HTTP\Response), Object(CodeIgniter\Log\Logger))
 4 SYSTEMPATH\CodeIgniter.php(498): CodeIgniter\CodeIgniter->createController()
 5 SYSTEMPATH\CodeIgniter.php(354): CodeIgniter\CodeIgniter->handleRequest(null, Object(Config\Cache), false)
 6 SYSTEMPATH\Boot.php(363): CodeIgniter\CodeIgniter->run()
 7 SYSTEMPATH\Boot.php(68): CodeIgniter\Boot::runCodeIgniter(Object(CodeIgniter\CodeIgniter))
 8 FCPATH\index.php(67): CodeIgniter\Boot::bootWeb(Object(Config\Paths))
WARNING - 2026-02-18 03:11:02 --> [DEPRECATED] Creation of dynamic property App\Models\CartModel::$builderPaymentMethods is deprecated in APPPATH\Models\CartModel.php on line 17.
 1 APPPATH\Controllers\BaseController.php(147): App\Models\CartModel->__construct()
 2 APPPATH\Controllers\CartController.php(25): App\Controllers\BaseController->initController(Object(CodeIgniter\HTTP\IncomingRequest), Object(CodeIgniter\HTTP\Response), Object(CodeIgniter\Log\Logger))
 3 SYSTEMPATH\CodeIgniter.php(904): App\Controllers\CartController->initController(Object(CodeIgniter\HTTP\IncomingRequest), Object(CodeIgniter\HTTP\Response), Object(CodeIgniter\Log\Logger))
 4 SYSTEMPATH\CodeIgniter.php(498): CodeIgniter\CodeIgniter->createController()
 5 SYSTEMPATH\CodeIgniter.php(354): CodeIgniter\CodeIgniter->handleRequest(null, Object(Config\Cache), false)
 6 SYSTEMPATH\Boot.php(363): CodeIgniter\CodeIgniter->run()
 7 SYSTEMPATH\Boot.php(68): CodeIgniter\Boot::runCodeIgniter(Object(CodeIgniter\CodeIgniter))
 8 FCPATH\index.php(67): CodeIgniter\Boot::bootWeb(Object(Config\Paths))
WARNING - 2026-02-18 03:11:02 --> [DEPRECATED] Creation of dynamic property App\Models\CartModel::$builderCheckouts is deprecated in APPPATH\Models\CartModel.php on line 15.
 1 APPPATH\Controllers\CartController.php(26): App\Models\CartModel->__construct()
 2 SYSTEMPATH\CodeIgniter.php(904): App\Controllers\CartController->initController(Object(CodeIgniter\HTTP\IncomingRequest), Object(CodeIgniter\HTTP\Response), Object(CodeIgniter\Log\Logger))
 3 SYSTEMPATH\CodeIgniter.php(498): CodeIgniter\CodeIgniter->createController()
 4 SYSTEMPATH\CodeIgniter.php(354): CodeIgniter\CodeIgniter->handleRequest(null, Object(Config\Cache), false)
 5 SYSTEMPATH\Boot.php(363): CodeIgniter\CodeIgniter->run()
 6 SYSTEMPATH\Boot.php(68): CodeIgniter\Boot::runCodeIgniter(Object(CodeIgniter\CodeIgniter))
 7 FCPATH\index.php(67): CodeIgniter\Boot::bootWeb(Object(Config\Paths))
WARNING - 2026-02-18 03:11:02 --> [DEPRECATED] Creation of dynamic property App\Models\CartModel::$builderCheckoutItems is deprecated in APPPATH\Models\CartModel.php on line 16.
 1 APPPATH\Controllers\CartController.php(26): App\Models\CartModel->__construct()
 2 SYSTEMPATH\CodeIgniter.php(904): App\Controllers\CartController->initController(Object(CodeIgniter\HTTP\IncomingRequest), Object(CodeIgniter\HTTP\Response), Object(CodeIgniter\Log\Logger))
 3 SYSTEMPATH\CodeIgniter.php(498): CodeIgniter\CodeIgniter->createController()
 4 SYSTEMPATH\CodeIgniter.php(354): CodeIgniter\CodeIgniter->handleRequest(null, Object(Config\Cache), false)
 5 SYSTEMPATH\Boot.php(363): CodeIgniter\CodeIgniter->run()
 6 SYSTEMPATH\Boot.php(68): CodeIgniter\Boot::runCodeIgniter(Object(CodeIgniter\CodeIgniter))
 7 FCPATH\index.php(67): CodeIgniter\Boot::bootWeb(Object(Config\Paths))
WARNING - 2026-02-18 03:11:02 --> [DEPRECATED] Creation of dynamic property App\Models\CartModel::$builderPaymentMethods is deprecated in APPPATH\Models\CartModel.php on line 17.
 1 APPPATH\Controllers\CartController.php(26): App\Models\CartModel->__construct()
 2 SYSTEMPATH\CodeIgniter.php(904): App\Controllers\CartController->initController(Object(CodeIgniter\HTTP\IncomingRequest), Object(CodeIgniter\HTTP\Response), Object(CodeIgniter\Log\Logger))
 3 SYSTEMPATH\CodeIgniter.php(498): CodeIgniter\CodeIgniter->createController()
 4 SYSTEMPATH\CodeIgniter.php(354): CodeIgniter\CodeIgniter->handleRequest(null, Object(Config\Cache), false)
 5 SYSTEMPATH\Boot.php(363): CodeIgniter\CodeIgniter->run()
 6 SYSTEMPATH\Boot.php(68): CodeIgniter\Boot::runCodeIgniter(Object(CodeIgniter\CodeIgniter))
 7 FCPATH\index.php(67): CodeIgniter\Boot::bootWeb(Object(Config\Paths))
WARNING - 2026-02-18 03:11:02 --> [DEPRECATED] Creation of dynamic property App\Controllers\CartController::$apiKey is deprecated in APPPATH\Controllers\CartController.php on line 34.
 1 SYSTEMPATH\CodeIgniter.php(904): App\Controllers\CartController->initController(Object(CodeIgniter\HTTP\IncomingRequest), Object(CodeIgniter\HTTP\Response), Object(CodeIgniter\Log\Logger))
 2 SYSTEMPATH\CodeIgniter.php(498): CodeIgniter\CodeIgniter->createController()
 3 SYSTEMPATH\CodeIgniter.php(354): CodeIgniter\CodeIgniter->handleRequest(null, Object(Config\Cache), false)
 4 SYSTEMPATH\Boot.php(363): CodeIgniter\CodeIgniter->run()
 5 SYSTEMPATH\Boot.php(68): CodeIgniter\Boot::runCodeIgniter(Object(CodeIgniter\CodeIgniter))
 6 FCPATH\index.php(67): CodeIgniter\Boot::bootWeb(Object(Config\Paths))
WARNING - 2026-02-18 03:11:03 --> [DEPRECATED] Creation of dynamic property App\Models\CartModel::$builderCheckouts is deprecated in APPPATH\Models\CartModel.php on line 15.
 1 APPPATH\Controllers\BaseController.php(147): App\Models\CartModel->__construct()
 2 APPPATH\Controllers\HomeController.php(35): App\Controllers\BaseController->initController(Object(CodeIgniter\HTTP\IncomingRequest), Object(CodeIgniter\HTTP\Response), Object(CodeIgniter\Log\Logger))
 3 SYSTEMPATH\CodeIgniter.php(904): App\Controllers\HomeController->initController(Object(CodeIgniter\HTTP\IncomingRequest), Object(CodeIgniter\HTTP\Response), Object(CodeIgniter\Log\Logger))
 4 SYSTEMPATH\CodeIgniter.php(498): CodeIgniter\CodeIgniter->createController()
 5 SYSTEMPATH\CodeIgniter.php(354): CodeIgniter\CodeIgniter->handleRequest(null, Object(Config\Cache), false)
 6 SYSTEMPATH\Boot.php(363): CodeIgniter\CodeIgniter->run()
 7 SYSTEMPATH\Boot.php(68): CodeIgniter\Boot::runCodeIgniter(Object(CodeIgniter\CodeIgniter))
 8 FCPATH\index.php(67): CodeIgniter\Boot::bootWeb(Object(Config\Paths))
WARNING - 2026-02-18 03:11:03 --> [DEPRECATED] Creation of dynamic property App\Models\CartModel::$builderCheckoutItems is deprecated in APPPATH\Models\CartModel.php on line 16.
 1 APPPATH\Controllers\BaseController.php(147): App\Models\CartModel->__construct()
 2 APPPATH\Controllers\HomeController.php(35): App\Controllers\BaseController->initController(Object(CodeIgniter\HTTP\IncomingRequest), Object(CodeIgniter\HTTP\Response), Object(CodeIgniter\Log\Logger))
 3 SYSTEMPATH\CodeIgniter.php(904): App\Controllers\HomeController->initController(Object(CodeIgniter\HTTP\IncomingRequest), Object(CodeIgniter\HTTP\Response), Object(CodeIgniter\Log\Logger))
 4 SYSTEMPATH\CodeIgniter.php(498): CodeIgniter\CodeIgniter->createController()
 5 SYSTEMPATH\CodeIgniter.php(354): CodeIgniter\CodeIgniter->handleRequest(null, Object(Config\Cache), false)
 6 SYSTEMPATH\Boot.php(363): CodeIgniter\CodeIgniter->run()
 7 SYSTEMPATH\Boot.php(68): CodeIgniter\Boot::runCodeIgniter(Object(CodeIgniter\CodeIgniter))
 8 FCPATH\index.php(67): CodeIgniter\Boot::bootWeb(Object(Config\Paths))
WARNING - 2026-02-18 03:11:03 --> [DEPRECATED] Creation of dynamic property App\Models\CartModel::$builderPaymentMethods is deprecated in APPPATH\Models\CartModel.php on line 17.
 1 APPPATH\Controllers\BaseController.php(147): App\Models\CartModel->__construct()
 2 APPPATH\Controllers\HomeController.php(35): App\Controllers\BaseController->initController(Object(CodeIgniter\HTTP\IncomingRequest), Object(CodeIgniter\HTTP\Response), Object(CodeIgniter\Log\Logger))
 3 SYSTEMPATH\CodeIgniter.php(904): App\Controllers\HomeController->initController(Object(CodeIgniter\HTTP\IncomingRequest), Object(CodeIgniter\HTTP\Response), Object(CodeIgniter\Log\Logger))
 4 SYSTEMPATH\CodeIgniter.php(498): CodeIgniter\CodeIgniter->createController()
 5 SYSTEMPATH\CodeIgniter.php(354): CodeIgniter\CodeIgniter->handleRequest(null, Object(Config\Cache), false)
 6 SYSTEMPATH\Boot.php(363): CodeIgniter\CodeIgniter->run()
 7 SYSTEMPATH\Boot.php(68): CodeIgniter\Boot::runCodeIgniter(Object(CodeIgniter\CodeIgniter))
 8 FCPATH\index.php(67): CodeIgniter\Boot::bootWeb(Object(Config\Paths))
WARNING - 2026-02-18 03:11:03 --> [DEPRECATED] Creation of dynamic property App\Models\CartModel::$builderCheckouts is deprecated in APPPATH\Models\CartModel.php on line 15.
 1 APPPATH\Controllers\BaseController.php(147): App\Models\CartModel->__construct()
 2 APPPATH\Controllers\AjaxController.php(20): App\Controllers\BaseController->initController(Object(CodeIgniter\HTTP\IncomingRequest), Object(CodeIgniter\HTTP\Response), Object(CodeIgniter\Log\Logger))
 3 SYSTEMPATH\CodeIgniter.php(904): App\Controllers\AjaxController->initController(Object(CodeIgniter\HTTP\IncomingRequest), Object(CodeIgniter\HTTP\Response), Object(CodeIgniter\Log\Logger))
 4 SYSTEMPATH\CodeIgniter.php(498): CodeIgniter\CodeIgniter->createController()
 5 SYSTEMPATH\CodeIgniter.php(354): CodeIgniter\CodeIgniter->handleRequest(null, Object(Config\Cache), false)
 6 SYSTEMPATH\Boot.php(363): CodeIgniter\CodeIgniter->run()
 7 SYSTEMPATH\Boot.php(68): CodeIgniter\Boot::runCodeIgniter(Object(CodeIgniter\CodeIgniter))
 8 FCPATH\index.php(67): CodeIgniter\Boot::bootWeb(Object(Config\Paths))
WARNING - 2026-02-18 03:11:03 --> [DEPRECATED] Creation of dynamic property App\Models\CartModel::$builderCheckoutItems is deprecated in APPPATH\Models\CartModel.php on line 16.
 1 APPPATH\Controllers\BaseController.php(147): App\Models\CartModel->__construct()
 2 APPPATH\Controllers\AjaxController.php(20): App\Controllers\BaseController->initController(Object(CodeIgniter\HTTP\IncomingRequest), Object(CodeIgniter\HTTP\Response), Object(CodeIgniter\Log\Logger))
 3 SYSTEMPATH\CodeIgniter.php(904): App\Controllers\AjaxController->initController(Object(CodeIgniter\HTTP\IncomingRequest), Object(CodeIgniter\HTTP\Response), Object(CodeIgniter\Log\Logger))
 4 SYSTEMPATH\CodeIgniter.php(498): CodeIgniter\CodeIgniter->createController()
 5 SYSTEMPATH\CodeIgniter.php(354): CodeIgniter\CodeIgniter->handleRequest(null, Object(Config\Cache), false)
 6 SYSTEMPATH\Boot.php(363): CodeIgniter\CodeIgniter->run()
 7 SYSTEMPATH\Boot.php(68): CodeIgniter\Boot::runCodeIgniter(Object(CodeIgniter\CodeIgniter))
 8 FCPATH\index.php(67): CodeIgniter\Boot::bootWeb(Object(Config\Paths))
WARNING - 2026-02-18 03:11:03 --> [DEPRECATED] Creation of dynamic property App\Models\CartModel::$builderPaymentMethods is deprecated in APPPATH\Models\CartModel.php on line 17.
 1 APPPATH\Controllers\BaseController.php(147): App\Models\CartModel->__construct()
 2 APPPATH\Controllers\AjaxController.php(20): App\Controllers\BaseController->initController(Object(CodeIgniter\HTTP\IncomingRequest), Object(CodeIgniter\HTTP\Response), Object(CodeIgniter\Log\Logger))
 3 SYSTEMPATH\CodeIgniter.php(904): App\Controllers\AjaxController->initController(Object(CodeIgniter\HTTP\IncomingRequest), Object(CodeIgniter\HTTP\Response), Object(CodeIgniter\Log\Logger))
 4 SYSTEMPATH\CodeIgniter.php(498): CodeIgniter\CodeIgniter->createController()
 5 SYSTEMPATH\CodeIgniter.php(354): CodeIgniter\CodeIgniter->handleRequest(null, Object(Config\Cache), false)
 6 SYSTEMPATH\Boot.php(363): CodeIgniter\CodeIgniter->run()
 7 SYSTEMPATH\Boot.php(68): CodeIgniter\Boot::runCodeIgniter(Object(CodeIgniter\CodeIgniter))
 8 FCPATH\index.php(67): CodeIgniter\Boot::bootWeb(Object(Config\Paths))
WARNING - 2026-02-18 03:13:14 --> [DEPRECATED] Creation of dynamic property App\Models\CartModel::$builderCheckouts is deprecated in APPPATH\Models\CartModel.php on line 15.
 1 APPPATH\Controllers\BaseController.php(147): App\Models\CartModel->__construct()
 2 APPPATH\Controllers\HomeController.php(35): App\Controllers\BaseController->initController(Object(CodeIgniter\HTTP\IncomingRequest), Object(CodeIgniter\HTTP\Response), Object(CodeIgniter\Log\Logger))
 3 SYSTEMPATH\CodeIgniter.php(904): App\Controllers\HomeController->initController(Object(CodeIgniter\HTTP\IncomingRequest), Object(CodeIgniter\HTTP\Response), Object(CodeIgniter\Log\Logger))
 4 SYSTEMPATH\CodeIgniter.php(498): CodeIgniter\CodeIgniter->createController()
 5 SYSTEMPATH\CodeIgniter.php(354): CodeIgniter\CodeIgniter->handleRequest(null, Object(Config\Cache), false)
 6 SYSTEMPATH\Boot.php(363): CodeIgniter\CodeIgniter->run()
 7 SYSTEMPATH\Boot.php(68): CodeIgniter\Boot::runCodeIgniter(Object(CodeIgniter\CodeIgniter))
 8 FCPATH\index.php(67): CodeIgniter\Boot::bootWeb(Object(Config\Paths))
WARNING - 2026-02-18 03:13:14 --> [DEPRECATED] Creation of dynamic property App\Models\CartModel::$builderCheckoutItems is deprecated in APPPATH\Models\CartModel.php on line 16.
 1 APPPATH\Controllers\BaseController.php(147): App\Models\CartModel->__construct()
 2 APPPATH\Controllers\HomeController.php(35): App\Controllers\BaseController->initController(Object(CodeIgniter\HTTP\IncomingRequest), Object(CodeIgniter\HTTP\Response), Object(CodeIgniter\Log\Logger))
 3 SYSTEMPATH\CodeIgniter.php(904): App\Controllers\HomeController->initController(Object(CodeIgniter\HTTP\IncomingRequest), Object(CodeIgniter\HTTP\Response), Object(CodeIgniter\Log\Logger))
 4 SYSTEMPATH\CodeIgniter.php(498): CodeIgniter\CodeIgniter->createController()
 5 SYSTEMPATH\CodeIgniter.php(354): CodeIgniter\CodeIgniter->handleRequest(null, Object(Config\Cache), false)
 6 SYSTEMPATH\Boot.php(363): CodeIgniter\CodeIgniter->run()
 7 SYSTEMPATH\Boot.php(68): CodeIgniter\Boot::runCodeIgniter(Object(CodeIgniter\CodeIgniter))
 8 FCPATH\index.php(67): CodeIgniter\Boot::bootWeb(Object(Config\Paths))
WARNING - 2026-02-18 03:13:14 --> [DEPRECATED] Creation of dynamic property App\Models\CartModel::$builderPaymentMethods is deprecated in APPPATH\Models\CartModel.php on line 17.
 1 APPPATH\Controllers\BaseController.php(147): App\Models\CartModel->__construct()
 2 APPPATH\Controllers\HomeController.php(35): App\Controllers\BaseController->initController(Object(CodeIgniter\HTTP\IncomingRequest), Object(CodeIgniter\HTTP\Response), Object(CodeIgniter\Log\Logger))
 3 SYSTEMPATH\CodeIgniter.php(904): App\Controllers\HomeController->initController(Object(CodeIgniter\HTTP\IncomingRequest), Object(CodeIgniter\HTTP\Response), Object(CodeIgniter\Log\Logger))
 4 SYSTEMPATH\CodeIgniter.php(498): CodeIgniter\CodeIgniter->createController()
 5 SYSTEMPATH\CodeIgniter.php(354): CodeIgniter\CodeIgniter->handleRequest(null, Object(Config\Cache), false)
 6 SYSTEMPATH\Boot.php(363): CodeIgniter\CodeIgniter->run()
 7 SYSTEMPATH\Boot.php(68): CodeIgniter\Boot::runCodeIgniter(Object(CodeIgniter\CodeIgniter))
 8 FCPATH\index.php(67): CodeIgniter\Boot::bootWeb(Object(Config\Paths))
WARNING - 2026-02-18 03:13:14 --> [DEPRECATED] Creation of dynamic property App\Models\CartModel::$builderCheckouts is deprecated in APPPATH\Models\CartModel.php on line 15.
 1 APPPATH\Controllers\BaseController.php(147): App\Models\CartModel->__construct()
 2 APPPATH\Controllers\AjaxController.php(20): App\Controllers\BaseController->initController(Object(CodeIgniter\HTTP\IncomingRequest), Object(CodeIgniter\HTTP\Response), Object(CodeIgniter\Log\Logger))
 3 SYSTEMPATH\CodeIgniter.php(904): App\Controllers\AjaxController->initController(Object(CodeIgniter\HTTP\IncomingRequest), Object(CodeIgniter\HTTP\Response), Object(CodeIgniter\Log\Logger))
 4 SYSTEMPATH\CodeIgniter.php(498): CodeIgniter\CodeIgniter->createController()
 5 SYSTEMPATH\CodeIgniter.php(354): CodeIgniter\CodeIgniter->handleRequest(null, Object(Config\Cache), false)
 6 SYSTEMPATH\Boot.php(363): CodeIgniter\CodeIgniter->run()
 7 SYSTEMPATH\Boot.php(68): CodeIgniter\Boot::runCodeIgniter(Object(CodeIgniter\CodeIgniter))
 8 FCPATH\index.php(67): CodeIgniter\Boot::bootWeb(Object(Config\Paths))
WARNING - 2026-02-18 03:13:14 --> [DEPRECATED] Creation of dynamic property App\Models\CartModel::$builderCheckoutItems is deprecated in APPPATH\Models\CartModel.php on line 16.
 1 APPPATH\Controllers\BaseController.php(147): App\Models\CartModel->__construct()
 2 APPPATH\Controllers\AjaxController.php(20): App\Controllers\BaseController->initController(Object(CodeIgniter\HTTP\IncomingRequest), Object(CodeIgniter\HTTP\Response), Object(CodeIgniter\Log\Logger))
 3 SYSTEMPATH\CodeIgniter.php(904): App\Controllers\AjaxController->initController(Object(CodeIgniter\HTTP\IncomingRequest), Object(CodeIgniter\HTTP\Response), Object(CodeIgniter\Log\Logger))
 4 SYSTEMPATH\CodeIgniter.php(498): CodeIgniter\CodeIgniter->createController()
 5 SYSTEMPATH\CodeIgniter.php(354): CodeIgniter\CodeIgniter->handleRequest(null, Object(Config\Cache), false)
 6 SYSTEMPATH\Boot.php(363): CodeIgniter\CodeIgniter->run()
 7 SYSTEMPATH\Boot.php(68): CodeIgniter\Boot::runCodeIgniter(Object(CodeIgniter\CodeIgniter))
 8 FCPATH\index.php(67): CodeIgniter\Boot::bootWeb(Object(Config\Paths))
WARNING - 2026-02-18 03:13:14 --> [DEPRECATED] Creation of dynamic property App\Models\CartModel::$builderPaymentMethods is deprecated in APPPATH\Models\CartModel.php on line 17.
 1 APPPATH\Controllers\BaseController.php(147): App\Models\CartModel->__construct()
 2 APPPATH\Controllers\AjaxController.php(20): App\Controllers\BaseController->initController(Object(CodeIgniter\HTTP\IncomingRequest), Object(CodeIgniter\HTTP\Response), Object(CodeIgniter\Log\Logger))
 3 SYSTEMPATH\CodeIgniter.php(904): App\Controllers\AjaxController->initController(Object(CodeIgniter\HTTP\IncomingRequest), Object(CodeIgniter\HTTP\Response), Object(CodeIgniter\Log\Logger))
 4 SYSTEMPATH\CodeIgniter.php(498): CodeIgniter\CodeIgniter->createController()
 5 SYSTEMPATH\CodeIgniter.php(354): CodeIgniter\CodeIgniter->handleRequest(null, Object(Config\Cache), false)
 6 SYSTEMPATH\Boot.php(363): CodeIgniter\CodeIgniter->run()
 7 SYSTEMPATH\Boot.php(68): CodeIgniter\Boot::runCodeIgniter(Object(CodeIgniter\CodeIgniter))
 8 FCPATH\index.php(67): CodeIgniter\Boot::bootWeb(Object(Config\Paths))
WARNING - 2026-02-18 03:13:18 --> [DEPRECATED] Creation of dynamic property App\Models\CartModel::$builderCheckouts is deprecated in APPPATH\Models\CartModel.php on line 15.
 1 APPPATH\Controllers\BaseController.php(147): App\Models\CartModel->__construct()
 2 APPPATH\Controllers\HomeController.php(35): App\Controllers\BaseController->initController(Object(CodeIgniter\HTTP\IncomingRequest), Object(CodeIgniter\HTTP\Response), Object(CodeIgniter\Log\Logger))
 3 SYSTEMPATH\CodeIgniter.php(904): App\Controllers\HomeController->initController(Object(CodeIgniter\HTTP\IncomingRequest), Object(CodeIgniter\HTTP\Response), Object(CodeIgniter\Log\Logger))
 4 SYSTEMPATH\CodeIgniter.php(498): CodeIgniter\CodeIgniter->createController()
 5 SYSTEMPATH\CodeIgniter.php(354): CodeIgniter\CodeIgniter->handleRequest(null, Object(Config\Cache), false)
 6 SYSTEMPATH\Boot.php(363): CodeIgniter\CodeIgniter->run()
 7 SYSTEMPATH\Boot.php(68): CodeIgniter\Boot::runCodeIgniter(Object(CodeIgniter\CodeIgniter))
 8 FCPATH\index.php(67): CodeIgniter\Boot::bootWeb(Object(Config\Paths))
WARNING - 2026-02-18 03:13:18 --> [DEPRECATED] Creation of dynamic property App\Models\CartModel::$builderCheckoutItems is deprecated in APPPATH\Models\CartModel.php on line 16.
 1 APPPATH\Controllers\BaseController.php(147): App\Models\CartModel->__construct()
 2 APPPATH\Controllers\HomeController.php(35): App\Controllers\BaseController->initController(Object(CodeIgniter\HTTP\IncomingRequest), Object(CodeIgniter\HTTP\Response), Object(CodeIgniter\Log\Logger))
 3 SYSTEMPATH\CodeIgniter.php(904): App\Controllers\HomeController->initController(Object(CodeIgniter\HTTP\IncomingRequest), Object(CodeIgniter\HTTP\Response), Object(CodeIgniter\Log\Logger))
 4 SYSTEMPATH\CodeIgniter.php(498): CodeIgniter\CodeIgniter->createController()
 5 SYSTEMPATH\CodeIgniter.php(354): CodeIgniter\CodeIgniter->handleRequest(null, Object(Config\Cache), false)
 6 SYSTEMPATH\Boot.php(363): CodeIgniter\CodeIgniter->run()
 7 SYSTEMPATH\Boot.php(68): CodeIgniter\Boot::runCodeIgniter(Object(CodeIgniter\CodeIgniter))
 8 FCPATH\index.php(67): CodeIgniter\Boot::bootWeb(Object(Config\Paths))
WARNING - 2026-02-18 03:13:18 --> [DEPRECATED] Creation of dynamic property App\Models\CartModel::$builderPaymentMethods is deprecated in APPPATH\Models\CartModel.php on line 17.
 1 APPPATH\Controllers\BaseController.php(147): App\Models\CartModel->__construct()
 2 APPPATH\Controllers\HomeController.php(35): App\Controllers\BaseController->initController(Object(CodeIgniter\HTTP\IncomingRequest), Object(CodeIgniter\HTTP\Response), Object(CodeIgniter\Log\Logger))
 3 SYSTEMPATH\CodeIgniter.php(904): App\Controllers\HomeController->initController(Object(CodeIgniter\HTTP\IncomingRequest), Object(CodeIgniter\HTTP\Response), Object(CodeIgniter\Log\Logger))
 4 SYSTEMPATH\CodeIgniter.php(498): CodeIgniter\CodeIgniter->createController()
 5 SYSTEMPATH\CodeIgniter.php(354): CodeIgniter\CodeIgniter->handleRequest(null, Object(Config\Cache), false)
 6 SYSTEMPATH\Boot.php(363): CodeIgniter\CodeIgniter->run()
 7 SYSTEMPATH\Boot.php(68): CodeIgniter\Boot::runCodeIgniter(Object(CodeIgniter\CodeIgniter))
 8 FCPATH\index.php(67): CodeIgniter\Boot::bootWeb(Object(Config\Paths))
WARNING - 2026-02-18 03:13:18 --> [DEPRECATED] Creation of dynamic property App\Models\CartModel::$builderCheckouts is deprecated in APPPATH\Models\CartModel.php on line 15.
 1 APPPATH\Controllers\BaseController.php(147): App\Models\CartModel->__construct()
 2 APPPATH\Controllers\AjaxController.php(20): App\Controllers\BaseController->initController(Object(CodeIgniter\HTTP\IncomingRequest), Object(CodeIgniter\HTTP\Response), Object(CodeIgniter\Log\Logger))
 3 SYSTEMPATH\CodeIgniter.php(904): App\Controllers\AjaxController->initController(Object(CodeIgniter\HTTP\IncomingRequest), Object(CodeIgniter\HTTP\Response), Object(CodeIgniter\Log\Logger))
 4 SYSTEMPATH\CodeIgniter.php(498): CodeIgniter\CodeIgniter->createController()
 5 SYSTEMPATH\CodeIgniter.php(354): CodeIgniter\CodeIgniter->handleRequest(null, Object(Config\Cache), false)
 6 SYSTEMPATH\Boot.php(363): CodeIgniter\CodeIgniter->run()
 7 SYSTEMPATH\Boot.php(68): CodeIgniter\Boot::runCodeIgniter(Object(CodeIgniter\CodeIgniter))
 8 FCPATH\index.php(67): CodeIgniter\Boot::bootWeb(Object(Config\Paths))
WARNING - 2026-02-18 03:13:18 --> [DEPRECATED] Creation of dynamic property App\Models\CartModel::$builderCheckoutItems is deprecated in APPPATH\Models\CartModel.php on line 16.
 1 APPPATH\Controllers\BaseController.php(147): App\Models\CartModel->__construct()
 2 APPPATH\Controllers\AjaxController.php(20): App\Controllers\BaseController->initController(Object(CodeIgniter\HTTP\IncomingRequest), Object(CodeIgniter\HTTP\Response), Object(CodeIgniter\Log\Logger))
 3 SYSTEMPATH\CodeIgniter.php(904): App\Controllers\AjaxController->initController(Object(CodeIgniter\HTTP\IncomingRequest), Object(CodeIgniter\HTTP\Response), Object(CodeIgniter\Log\Logger))
 4 SYSTEMPATH\CodeIgniter.php(498): CodeIgniter\CodeIgniter->createController()
 5 SYSTEMPATH\CodeIgniter.php(354): CodeIgniter\CodeIgniter->handleRequest(null, Object(Config\Cache), false)
 6 SYSTEMPATH\Boot.php(363): CodeIgniter\CodeIgniter->run()
 7 SYSTEMPATH\Boot.php(68): CodeIgniter\Boot::runCodeIgniter(Object(CodeIgniter\CodeIgniter))
 8 FCPATH\index.php(67): CodeIgniter\Boot::bootWeb(Object(Config\Paths))
WARNING - 2026-02-18 03:13:18 --> [DEPRECATED] Creation of dynamic property App\Models\CartModel::$builderPaymentMethods is deprecated in APPPATH\Models\CartModel.php on line 17.
 1 APPPATH\Controllers\BaseController.php(147): App\Models\CartModel->__construct()
 2 APPPATH\Controllers\AjaxController.php(20): App\Controllers\BaseController->initController(Object(CodeIgniter\HTTP\IncomingRequest), Object(CodeIgniter\HTTP\Response), Object(CodeIgniter\Log\Logger))
 3 SYSTEMPATH\CodeIgniter.php(904): App\Controllers\AjaxController->initController(Object(CodeIgniter\HTTP\IncomingRequest), Object(CodeIgniter\HTTP\Response), Object(CodeIgniter\Log\Logger))
 4 SYSTEMPATH\CodeIgniter.php(498): CodeIgniter\CodeIgniter->createController()
 5 SYSTEMPATH\CodeIgniter.php(354): CodeIgniter\CodeIgniter->handleRequest(null, Object(Config\Cache), false)
 6 SYSTEMPATH\Boot.php(363): CodeIgniter\CodeIgniter->run()
 7 SYSTEMPATH\Boot.php(68): CodeIgniter\Boot::runCodeIgniter(Object(CodeIgniter\CodeIgniter))
 8 FCPATH\index.php(67): CodeIgniter\Boot::bootWeb(Object(Config\Paths))
WARNING - 2026-02-18 03:13:20 --> [DEPRECATED] Creation of dynamic property App\Models\CartModel::$builderCheckouts is deprecated in APPPATH\Models\CartModel.php on line 15.
 1 APPPATH\Controllers\BaseController.php(147): App\Models\CartModel->__construct()
 2 APPPATH\Controllers\CartController.php(25): App\Controllers\BaseController->initController(Object(CodeIgniter\HTTP\IncomingRequest), Object(CodeIgniter\HTTP\Response), Object(CodeIgniter\Log\Logger))
 3 SYSTEMPATH\CodeIgniter.php(904): App\Controllers\CartController->initController(Object(CodeIgniter\HTTP\IncomingRequest), Object(CodeIgniter\HTTP\Response), Object(CodeIgniter\Log\Logger))
 4 SYSTEMPATH\CodeIgniter.php(498): CodeIgniter\CodeIgniter->createController()
 5 SYSTEMPATH\CodeIgniter.php(354): CodeIgniter\CodeIgniter->handleRequest(null, Object(Config\Cache), false)
 6 SYSTEMPATH\Boot.php(363): CodeIgniter\CodeIgniter->run()
 7 SYSTEMPATH\Boot.php(68): CodeIgniter\Boot::runCodeIgniter(Object(CodeIgniter\CodeIgniter))
 8 FCPATH\index.php(67): CodeIgniter\Boot::bootWeb(Object(Config\Paths))
WARNING - 2026-02-18 03:13:20 --> [DEPRECATED] Creation of dynamic property App\Models\CartModel::$builderCheckoutItems is deprecated in APPPATH\Models\CartModel.php on line 16.
 1 APPPATH\Controllers\BaseController.php(147): App\Models\CartModel->__construct()
 2 APPPATH\Controllers\CartController.php(25): App\Controllers\BaseController->initController(Object(CodeIgniter\HTTP\IncomingRequest), Object(CodeIgniter\HTTP\Response), Object(CodeIgniter\Log\Logger))
 3 SYSTEMPATH\CodeIgniter.php(904): App\Controllers\CartController->initController(Object(CodeIgniter\HTTP\IncomingRequest), Object(CodeIgniter\HTTP\Response), Object(CodeIgniter\Log\Logger))
 4 SYSTEMPATH\CodeIgniter.php(498): CodeIgniter\CodeIgniter->createController()
 5 SYSTEMPATH\CodeIgniter.php(354): CodeIgniter\CodeIgniter->handleRequest(null, Object(Config\Cache), false)
 6 SYSTEMPATH\Boot.php(363): CodeIgniter\CodeIgniter->run()
 7 SYSTEMPATH\Boot.php(68): CodeIgniter\Boot::runCodeIgniter(Object(CodeIgniter\CodeIgniter))
 8 FCPATH\index.php(67): CodeIgniter\Boot::bootWeb(Object(Config\Paths))
WARNING - 2026-02-18 03:13:20 --> [DEPRECATED] Creation of dynamic property App\Models\CartModel::$builderPaymentMethods is deprecated in APPPATH\Models\CartModel.php on line 17.
 1 APPPATH\Controllers\BaseController.php(147): App\Models\CartModel->__construct()
 2 APPPATH\Controllers\CartController.php(25): App\Controllers\BaseController->initController(Object(CodeIgniter\HTTP\IncomingRequest), Object(CodeIgniter\HTTP\Response), Object(CodeIgniter\Log\Logger))
 3 SYSTEMPATH\CodeIgniter.php(904): App\Controllers\CartController->initController(Object(CodeIgniter\HTTP\IncomingRequest), Object(CodeIgniter\HTTP\Response), Object(CodeIgniter\Log\Logger))
 4 SYSTEMPATH\CodeIgniter.php(498): CodeIgniter\CodeIgniter->createController()
 5 SYSTEMPATH\CodeIgniter.php(354): CodeIgniter\CodeIgniter->handleRequest(null, Object(Config\Cache), false)
 6 SYSTEMPATH\Boot.php(363): CodeIgniter\CodeIgniter->run()
 7 SYSTEMPATH\Boot.php(68): CodeIgniter\Boot::runCodeIgniter(Object(CodeIgniter\CodeIgniter))
 8 FCPATH\index.php(67): CodeIgniter\Boot::bootWeb(Object(Config\Paths))
WARNING - 2026-02-18 03:13:20 --> [DEPRECATED] Creation of dynamic property App\Models\CartModel::$builderCheckouts is deprecated in APPPATH\Models\CartModel.php on line 15.
 1 APPPATH\Controllers\CartController.php(26): App\Models\CartModel->__construct()
 2 SYSTEMPATH\CodeIgniter.php(904): App\Controllers\CartController->initController(Object(CodeIgniter\HTTP\IncomingRequest), Object(CodeIgniter\HTTP\Response), Object(CodeIgniter\Log\Logger))
 3 SYSTEMPATH\CodeIgniter.php(498): CodeIgniter\CodeIgniter->createController()
 4 SYSTEMPATH\CodeIgniter.php(354): CodeIgniter\CodeIgniter->handleRequest(null, Object(Config\Cache), false)
 5 SYSTEMPATH\Boot.php(363): CodeIgniter\CodeIgniter->run()
 6 SYSTEMPATH\Boot.php(68): CodeIgniter\Boot::runCodeIgniter(Object(CodeIgniter\CodeIgniter))
 7 FCPATH\index.php(67): CodeIgniter\Boot::bootWeb(Object(Config\Paths))
WARNING - 2026-02-18 03:13:20 --> [DEPRECATED] Creation of dynamic property App\Models\CartModel::$builderCheckoutItems is deprecated in APPPATH\Models\CartModel.php on line 16.
 1 APPPATH\Controllers\CartController.php(26): App\Models\CartModel->__construct()
 2 SYSTEMPATH\CodeIgniter.php(904): App\Controllers\CartController->initController(Object(CodeIgniter\HTTP\IncomingRequest), Object(CodeIgniter\HTTP\Response), Object(CodeIgniter\Log\Logger))
 3 SYSTEMPATH\CodeIgniter.php(498): CodeIgniter\CodeIgniter->createController()
 4 SYSTEMPATH\CodeIgniter.php(354): CodeIgniter\CodeIgniter->handleRequest(null, Object(Config\Cache), false)
 5 SYSTEMPATH\Boot.php(363): CodeIgniter\CodeIgniter->run()
 6 SYSTEMPATH\Boot.php(68): CodeIgniter\Boot::runCodeIgniter(Object(CodeIgniter\CodeIgniter))
 7 FCPATH\index.php(67): CodeIgniter\Boot::bootWeb(Object(Config\Paths))
WARNING - 2026-02-18 03:13:20 --> [DEPRECATED] Creation of dynamic property App\Models\CartModel::$builderPaymentMethods is deprecated in APPPATH\Models\CartModel.php on line 17.
 1 APPPATH\Controllers\CartController.php(26): App\Models\CartModel->__construct()
 2 SYSTEMPATH\CodeIgniter.php(904): App\Controllers\CartController->initController(Object(CodeIgniter\HTTP\IncomingRequest), Object(CodeIgniter\HTTP\Response), Object(CodeIgniter\Log\Logger))
 3 SYSTEMPATH\CodeIgniter.php(498): CodeIgniter\CodeIgniter->createController()
 4 SYSTEMPATH\CodeIgniter.php(354): CodeIgniter\CodeIgniter->handleRequest(null, Object(Config\Cache), false)
 5 SYSTEMPATH\Boot.php(363): CodeIgniter\CodeIgniter->run()
 6 SYSTEMPATH\Boot.php(68): CodeIgniter\Boot::runCodeIgniter(Object(CodeIgniter\CodeIgniter))
 7 FCPATH\index.php(67): CodeIgniter\Boot::bootWeb(Object(Config\Paths))
WARNING - 2026-02-18 03:13:20 --> [DEPRECATED] Creation of dynamic property App\Controllers\CartController::$apiKey is deprecated in APPPATH\Controllers\CartController.php on line 34.
 1 SYSTEMPATH\CodeIgniter.php(904): App\Controllers\CartController->initController(Object(CodeIgniter\HTTP\IncomingRequest), Object(CodeIgniter\HTTP\Response), Object(CodeIgniter\Log\Logger))
 2 SYSTEMPATH\CodeIgniter.php(498): CodeIgniter\CodeIgniter->createController()
 3 SYSTEMPATH\CodeIgniter.php(354): CodeIgniter\CodeIgniter->handleRequest(null, Object(Config\Cache), false)
 4 SYSTEMPATH\Boot.php(363): CodeIgniter\CodeIgniter->run()
 5 SYSTEMPATH\Boot.php(68): CodeIgniter\Boot::runCodeIgniter(Object(CodeIgniter\CodeIgniter))
 6 FCPATH\index.php(67): CodeIgniter\Boot::bootWeb(Object(Config\Paths))
WARNING - 2026-02-18 03:13:20 --> [DEPRECATED] Creation of dynamic property App\Services\OngkirService::$baseUrl is deprecated in APPPATH\Services\OngkirService.php on line 11.
 1 APPPATH\Controllers\CartController.php(186): App\Services\OngkirService->__construct()
 2 SYSTEMPATH\CodeIgniter.php(933): App\Controllers\CartController->shipping()
 3 SYSTEMPATH\CodeIgniter.php(507): CodeIgniter\CodeIgniter->runController(Object(App\Controllers\CartController))
 4 SYSTEMPATH\CodeIgniter.php(354): CodeIgniter\CodeIgniter->handleRequest(null, Object(Config\Cache), false)
 5 SYSTEMPATH\Boot.php(363): CodeIgniter\CodeIgniter->run()
 6 SYSTEMPATH\Boot.php(68): CodeIgniter\Boot::runCodeIgniter(Object(CodeIgniter\CodeIgniter))
 7 FCPATH\index.php(67): CodeIgniter\Boot::bootWeb(Object(Config\Paths))
WARNING - 2026-02-18 03:13:20 --> [DEPRECATED] Creation of dynamic property App\Services\OngkirService::$CALCULATE_DELIVERY_COST is deprecated in APPPATH\Services\OngkirService.php on line 12.
 1 APPPATH\Controllers\CartController.php(186): App\Services\OngkirService->__construct()
 2 SYSTEMPATH\CodeIgniter.php(933): App\Controllers\CartController->shipping()
 3 SYSTEMPATH\CodeIgniter.php(507): CodeIgniter\CodeIgniter->runController(Object(App\Controllers\CartController))
 4 SYSTEMPATH\CodeIgniter.php(354): CodeIgniter\CodeIgniter->handleRequest(null, Object(Config\Cache), false)
 5 SYSTEMPATH\Boot.php(363): CodeIgniter\CodeIgniter->run()
 6 SYSTEMPATH\Boot.php(68): CodeIgniter\Boot::runCodeIgniter(Object(CodeIgniter\CodeIgniter))
 7 FCPATH\index.php(67): CodeIgniter\Boot::bootWeb(Object(Config\Paths))
WARNING - 2026-02-18 03:13:20 --> [DEPRECATED] Creation of dynamic property App\Services\OngkirService::$apiKey is deprecated in APPPATH\Services\OngkirService.php on line 13.
 1 APPPATH\Controllers\CartController.php(186): App\Services\OngkirService->__construct()
 2 SYSTEMPATH\CodeIgniter.php(933): App\Controllers\CartController->shipping()
 3 SYSTEMPATH\CodeIgniter.php(507): CodeIgniter\CodeIgniter->runController(Object(App\Controllers\CartController))
 4 SYSTEMPATH\CodeIgniter.php(354): CodeIgniter\CodeIgniter->handleRequest(null, Object(Config\Cache), false)
 5 SYSTEMPATH\Boot.php(363): CodeIgniter\CodeIgniter->run()
 6 SYSTEMPATH\Boot.php(68): CodeIgniter\Boot::runCodeIgniter(Object(CodeIgniter\CodeIgniter))
 7 FCPATH\index.php(67): CodeIgniter\Boot::bootWeb(Object(Config\Paths))
WARNING - 2026-02-18 03:13:20 --> [DEPRECATED] Creation of dynamic property App\Services\OngkirService::$listCourier is deprecated in APPPATH\Services\OngkirService.php on line 14.
 1 APPPATH\Controllers\CartController.php(186): App\Services\OngkirService->__construct()
 2 SYSTEMPATH\CodeIgniter.php(933): App\Controllers\CartController->shipping()
 3 SYSTEMPATH\CodeIgniter.php(507): CodeIgniter\CodeIgniter->runController(Object(App\Controllers\CartController))
 4 SYSTEMPATH\CodeIgniter.php(354): CodeIgniter\CodeIgniter->handleRequest(null, Object(Config\Cache), false)
 5 SYSTEMPATH\Boot.php(363): CodeIgniter\CodeIgniter->run()
 6 SYSTEMPATH\Boot.php(68): CodeIgniter\Boot::runCodeIgniter(Object(CodeIgniter\CodeIgniter))
 7 FCPATH\index.php(67): CodeIgniter\Boot::bootWeb(Object(Config\Paths))
WARNING - 2026-02-18 03:13:21 --> [DEPRECATED] Creation of dynamic property App\Models\CartModel::$builderCheckouts is deprecated in APPPATH\Models\CartModel.php on line 15.
 1 APPPATH\Controllers\BaseController.php(147): App\Models\CartModel->__construct()
 2 APPPATH\Controllers\AjaxController.php(20): App\Controllers\BaseController->initController(Object(CodeIgniter\HTTP\IncomingRequest), Object(CodeIgniter\HTTP\Response), Object(CodeIgniter\Log\Logger))
 3 SYSTEMPATH\CodeIgniter.php(904): App\Controllers\AjaxController->initController(Object(CodeIgniter\HTTP\IncomingRequest), Object(CodeIgniter\HTTP\Response), Object(CodeIgniter\Log\Logger))
 4 SYSTEMPATH\CodeIgniter.php(498): CodeIgniter\CodeIgniter->createController()
 5 SYSTEMPATH\CodeIgniter.php(354): CodeIgniter\CodeIgniter->handleRequest(null, Object(Config\Cache), false)
 6 SYSTEMPATH\Boot.php(363): CodeIgniter\CodeIgniter->run()
 7 SYSTEMPATH\Boot.php(68): CodeIgniter\Boot::runCodeIgniter(Object(CodeIgniter\CodeIgniter))
 8 FCPATH\index.php(67): CodeIgniter\Boot::bootWeb(Object(Config\Paths))
WARNING - 2026-02-18 03:13:21 --> [DEPRECATED] Creation of dynamic property App\Models\CartModel::$builderCheckoutItems is deprecated in APPPATH\Models\CartModel.php on line 16.
 1 APPPATH\Controllers\BaseController.php(147): App\Models\CartModel->__construct()
 2 APPPATH\Controllers\AjaxController.php(20): App\Controllers\BaseController->initController(Object(CodeIgniter\HTTP\IncomingRequest), Object(CodeIgniter\HTTP\Response), Object(CodeIgniter\Log\Logger))
 3 SYSTEMPATH\CodeIgniter.php(904): App\Controllers\AjaxController->initController(Object(CodeIgniter\HTTP\IncomingRequest), Object(CodeIgniter\HTTP\Response), Object(CodeIgniter\Log\Logger))
 4 SYSTEMPATH\CodeIgniter.php(498): CodeIgniter\CodeIgniter->createController()
 5 SYSTEMPATH\CodeIgniter.php(354): CodeIgniter\CodeIgniter->handleRequest(null, Object(Config\Cache), false)
 6 SYSTEMPATH\Boot.php(363): CodeIgniter\CodeIgniter->run()
 7 SYSTEMPATH\Boot.php(68): CodeIgniter\Boot::runCodeIgniter(Object(CodeIgniter\CodeIgniter))
 8 FCPATH\index.php(67): CodeIgniter\Boot::bootWeb(Object(Config\Paths))
WARNING - 2026-02-18 03:13:21 --> [DEPRECATED] Creation of dynamic property App\Models\CartModel::$builderPaymentMethods is deprecated in APPPATH\Models\CartModel.php on line 17.
 1 APPPATH\Controllers\BaseController.php(147): App\Models\CartModel->__construct()
 2 APPPATH\Controllers\AjaxController.php(20): App\Controllers\BaseController->initController(Object(CodeIgniter\HTTP\IncomingRequest), Object(CodeIgniter\HTTP\Response), Object(CodeIgniter\Log\Logger))
 3 SYSTEMPATH\CodeIgniter.php(904): App\Controllers\AjaxController->initController(Object(CodeIgniter\HTTP\IncomingRequest), Object(CodeIgniter\HTTP\Response), Object(CodeIgniter\Log\Logger))
 4 SYSTEMPATH\CodeIgniter.php(498): CodeIgniter\CodeIgniter->createController()
 5 SYSTEMPATH\CodeIgniter.php(354): CodeIgniter\CodeIgniter->handleRequest(null, Object(Config\Cache), false)
 6 SYSTEMPATH\Boot.php(363): CodeIgniter\CodeIgniter->run()
 7 SYSTEMPATH\Boot.php(68): CodeIgniter\Boot::runCodeIgniter(Object(CodeIgniter\CodeIgniter))
 8 FCPATH\index.php(67): CodeIgniter\Boot::bootWeb(Object(Config\Paths))
WARNING - 2026-02-18 03:13:22 --> [DEPRECATED] Creation of dynamic property App\Models\CartModel::$builderCheckouts is deprecated in APPPATH\Models\CartModel.php on line 15.
 1 APPPATH\Controllers\BaseController.php(147): App\Models\CartModel->__construct()
 2 APPPATH\Controllers\CartController.php(25): App\Controllers\BaseController->initController(Object(CodeIgniter\HTTP\IncomingRequest), Object(CodeIgniter\HTTP\Response), Object(CodeIgniter\Log\Logger))
 3 SYSTEMPATH\CodeIgniter.php(904): App\Controllers\CartController->initController(Object(CodeIgniter\HTTP\IncomingRequest), Object(CodeIgniter\HTTP\Response), Object(CodeIgniter\Log\Logger))
 4 SYSTEMPATH\CodeIgniter.php(498): CodeIgniter\CodeIgniter->createController()
 5 SYSTEMPATH\CodeIgniter.php(354): CodeIgniter\CodeIgniter->handleRequest(null, Object(Config\Cache), false)
 6 SYSTEMPATH\Boot.php(363): CodeIgniter\CodeIgniter->run()
 7 SYSTEMPATH\Boot.php(68): CodeIgniter\Boot::runCodeIgniter(Object(CodeIgniter\CodeIgniter))
 8 FCPATH\index.php(67): CodeIgniter\Boot::bootWeb(Object(Config\Paths))
WARNING - 2026-02-18 03:13:22 --> [DEPRECATED] Creation of dynamic property App\Models\CartModel::$builderCheckoutItems is deprecated in APPPATH\Models\CartModel.php on line 16.
 1 APPPATH\Controllers\BaseController.php(147): App\Models\CartModel->__construct()
 2 APPPATH\Controllers\CartController.php(25): App\Controllers\BaseController->initController(Object(CodeIgniter\HTTP\IncomingRequest), Object(CodeIgniter\HTTP\Response), Object(CodeIgniter\Log\Logger))
 3 SYSTEMPATH\CodeIgniter.php(904): App\Controllers\CartController->initController(Object(CodeIgniter\HTTP\IncomingRequest), Object(CodeIgniter\HTTP\Response), Object(CodeIgniter\Log\Logger))
 4 SYSTEMPATH\CodeIgniter.php(498): CodeIgniter\CodeIgniter->createController()
 5 SYSTEMPATH\CodeIgniter.php(354): CodeIgniter\CodeIgniter->handleRequest(null, Object(Config\Cache), false)
 6 SYSTEMPATH\Boot.php(363): CodeIgniter\CodeIgniter->run()
 7 SYSTEMPATH\Boot.php(68): CodeIgniter\Boot::runCodeIgniter(Object(CodeIgniter\CodeIgniter))
 8 FCPATH\index.php(67): CodeIgniter\Boot::bootWeb(Object(Config\Paths))
WARNING - 2026-02-18 03:13:22 --> [DEPRECATED] Creation of dynamic property App\Models\CartModel::$builderPaymentMethods is deprecated in APPPATH\Models\CartModel.php on line 17.
 1 APPPATH\Controllers\BaseController.php(147): App\Models\CartModel->__construct()
 2 APPPATH\Controllers\CartController.php(25): App\Controllers\BaseController->initController(Object(CodeIgniter\HTTP\IncomingRequest), Object(CodeIgniter\HTTP\Response), Object(CodeIgniter\Log\Logger))
 3 SYSTEMPATH\CodeIgniter.php(904): App\Controllers\CartController->initController(Object(CodeIgniter\HTTP\IncomingRequest), Object(CodeIgniter\HTTP\Response), Object(CodeIgniter\Log\Logger))
 4 SYSTEMPATH\CodeIgniter.php(498): CodeIgniter\CodeIgniter->createController()
 5 SYSTEMPATH\CodeIgniter.php(354): CodeIgniter\CodeIgniter->handleRequest(null, Object(Config\Cache), false)
 6 SYSTEMPATH\Boot.php(363): CodeIgniter\CodeIgniter->run()
 7 SYSTEMPATH\Boot.php(68): CodeIgniter\Boot::runCodeIgniter(Object(CodeIgniter\CodeIgniter))
 8 FCPATH\index.php(67): CodeIgniter\Boot::bootWeb(Object(Config\Paths))
WARNING - 2026-02-18 03:13:22 --> [DEPRECATED] Creation of dynamic property App\Models\CartModel::$builderCheckouts is deprecated in APPPATH\Models\CartModel.php on line 15.
 1 APPPATH\Controllers\CartController.php(26): App\Models\CartModel->__construct()
 2 SYSTEMPATH\CodeIgniter.php(904): App\Controllers\CartController->initController(Object(CodeIgniter\HTTP\IncomingRequest), Object(CodeIgniter\HTTP\Response), Object(CodeIgniter\Log\Logger))
 3 SYSTEMPATH\CodeIgniter.php(498): CodeIgniter\CodeIgniter->createController()
 4 SYSTEMPATH\CodeIgniter.php(354): CodeIgniter\CodeIgniter->handleRequest(null, Object(Config\Cache), false)
 5 SYSTEMPATH\Boot.php(363): CodeIgniter\CodeIgniter->run()
 6 SYSTEMPATH\Boot.php(68): CodeIgniter\Boot::runCodeIgniter(Object(CodeIgniter\CodeIgniter))
 7 FCPATH\index.php(67): CodeIgniter\Boot::bootWeb(Object(Config\Paths))
WARNING - 2026-02-18 03:13:22 --> [DEPRECATED] Creation of dynamic property App\Models\CartModel::$builderCheckoutItems is deprecated in APPPATH\Models\CartModel.php on line 16.
 1 APPPATH\Controllers\CartController.php(26): App\Models\CartModel->__construct()
 2 SYSTEMPATH\CodeIgniter.php(904): App\Controllers\CartController->initController(Object(CodeIgniter\HTTP\IncomingRequest), Object(CodeIgniter\HTTP\Response), Object(CodeIgniter\Log\Logger))
 3 SYSTEMPATH\CodeIgniter.php(498): CodeIgniter\CodeIgniter->createController()
 4 SYSTEMPATH\CodeIgniter.php(354): CodeIgniter\CodeIgniter->handleRequest(null, Object(Config\Cache), false)
 5 SYSTEMPATH\Boot.php(363): CodeIgniter\CodeIgniter->run()
 6 SYSTEMPATH\Boot.php(68): CodeIgniter\Boot::runCodeIgniter(Object(CodeIgniter\CodeIgniter))
 7 FCPATH\index.php(67): CodeIgniter\Boot::bootWeb(Object(Config\Paths))
WARNING - 2026-02-18 03:13:22 --> [DEPRECATED] Creation of dynamic property App\Models\CartModel::$builderPaymentMethods is deprecated in APPPATH\Models\CartModel.php on line 17.
 1 APPPATH\Controllers\CartController.php(26): App\Models\CartModel->__construct()
 2 SYSTEMPATH\CodeIgniter.php(904): App\Controllers\CartController->initController(Object(CodeIgniter\HTTP\IncomingRequest), Object(CodeIgniter\HTTP\Response), Object(CodeIgniter\Log\Logger))
 3 SYSTEMPATH\CodeIgniter.php(498): CodeIgniter\CodeIgniter->createController()
 4 SYSTEMPATH\CodeIgniter.php(354): CodeIgniter\CodeIgniter->handleRequest(null, Object(Config\Cache), false)
 5 SYSTEMPATH\Boot.php(363): CodeIgniter\CodeIgniter->run()
 6 SYSTEMPATH\Boot.php(68): CodeIgniter\Boot::runCodeIgniter(Object(CodeIgniter\CodeIgniter))
 7 FCPATH\index.php(67): CodeIgniter\Boot::bootWeb(Object(Config\Paths))
WARNING - 2026-02-18 03:13:22 --> [DEPRECATED] Creation of dynamic property App\Controllers\CartController::$apiKey is deprecated in APPPATH\Controllers\CartController.php on line 34.
 1 SYSTEMPATH\CodeIgniter.php(904): App\Controllers\CartController->initController(Object(CodeIgniter\HTTP\IncomingRequest), Object(CodeIgniter\HTTP\Response), Object(CodeIgniter\Log\Logger))
 2 SYSTEMPATH\CodeIgniter.php(498): CodeIgniter\CodeIgniter->createController()
 3 SYSTEMPATH\CodeIgniter.php(354): CodeIgniter\CodeIgniter->handleRequest(null, Object(Config\Cache), false)
 4 SYSTEMPATH\Boot.php(363): CodeIgniter\CodeIgniter->run()
 5 SYSTEMPATH\Boot.php(68): CodeIgniter\Boot::runCodeIgniter(Object(CodeIgniter\CodeIgniter))
 6 FCPATH\index.php(67): CodeIgniter\Boot::bootWeb(Object(Config\Paths))
WARNING - 2026-02-18 03:14:09 --> [DEPRECATED] Creation of dynamic property App\Models\CartModel::$builderCheckouts is deprecated in APPPATH\Models\CartModel.php on line 15.
 1 APPPATH\Controllers\BaseController.php(147): App\Models\CartModel->__construct()
 2 APPPATH\Controllers\CartController.php(25): App\Controllers\BaseController->initController(Object(CodeIgniter\HTTP\IncomingRequest), Object(CodeIgniter\HTTP\Response), Object(CodeIgniter\Log\Logger))
 3 SYSTEMPATH\CodeIgniter.php(904): App\Controllers\CartController->initController(Object(CodeIgniter\HTTP\IncomingRequest), Object(CodeIgniter\HTTP\Response), Object(CodeIgniter\Log\Logger))
 4 SYSTEMPATH\CodeIgniter.php(498): CodeIgniter\CodeIgniter->createController()
 5 SYSTEMPATH\CodeIgniter.php(354): CodeIgniter\CodeIgniter->handleRequest(null, Object(Config\Cache), false)
 6 SYSTEMPATH\Boot.php(363): CodeIgniter\CodeIgniter->run()
 7 SYSTEMPATH\Boot.php(68): CodeIgniter\Boot::runCodeIgniter(Object(CodeIgniter\CodeIgniter))
 8 FCPATH\index.php(67): CodeIgniter\Boot::bootWeb(Object(Config\Paths))
WARNING - 2026-02-18 03:14:09 --> [DEPRECATED] Creation of dynamic property App\Models\CartModel::$builderCheckoutItems is deprecated in APPPATH\Models\CartModel.php on line 16.
 1 APPPATH\Controllers\BaseController.php(147): App\Models\CartModel->__construct()
 2 APPPATH\Controllers\CartController.php(25): App\Controllers\BaseController->initController(Object(CodeIgniter\HTTP\IncomingRequest), Object(CodeIgniter\HTTP\Response), Object(CodeIgniter\Log\Logger))
 3 SYSTEMPATH\CodeIgniter.php(904): App\Controllers\CartController->initController(Object(CodeIgniter\HTTP\IncomingRequest), Object(CodeIgniter\HTTP\Response), Object(CodeIgniter\Log\Logger))
 4 SYSTEMPATH\CodeIgniter.php(498): CodeIgniter\CodeIgniter->createController()
 5 SYSTEMPATH\CodeIgniter.php(354): CodeIgniter\CodeIgniter->handleRequest(null, Object(Config\Cache), false)
 6 SYSTEMPATH\Boot.php(363): CodeIgniter\CodeIgniter->run()
 7 SYSTEMPATH\Boot.php(68): CodeIgniter\Boot::runCodeIgniter(Object(CodeIgniter\CodeIgniter))
 8 FCPATH\index.php(67): CodeIgniter\Boot::bootWeb(Object(Config\Paths))
WARNING - 2026-02-18 03:14:09 --> [DEPRECATED] Creation of dynamic property App\Models\CartModel::$builderPaymentMethods is deprecated in APPPATH\Models\CartModel.php on line 17.
 1 APPPATH\Controllers\BaseController.php(147): App\Models\CartModel->__construct()
 2 APPPATH\Controllers\CartController.php(25): App\Controllers\BaseController->initController(Object(CodeIgniter\HTTP\IncomingRequest), Object(CodeIgniter\HTTP\Response), Object(CodeIgniter\Log\Logger))
 3 SYSTEMPATH\CodeIgniter.php(904): App\Controllers\CartController->initController(Object(CodeIgniter\HTTP\IncomingRequest), Object(CodeIgniter\HTTP\Response), Object(CodeIgniter\Log\Logger))
 4 SYSTEMPATH\CodeIgniter.php(498): CodeIgniter\CodeIgniter->createController()
 5 SYSTEMPATH\CodeIgniter.php(354): CodeIgniter\CodeIgniter->handleRequest(null, Object(Config\Cache), false)
 6 SYSTEMPATH\Boot.php(363): CodeIgniter\CodeIgniter->run()
 7 SYSTEMPATH\Boot.php(68): CodeIgniter\Boot::runCodeIgniter(Object(CodeIgniter\CodeIgniter))
 8 FCPATH\index.php(67): CodeIgniter\Boot::bootWeb(Object(Config\Paths))
WARNING - 2026-02-18 03:14:09 --> [DEPRECATED] Creation of dynamic property App\Models\CartModel::$builderCheckouts is deprecated in APPPATH\Models\CartModel.php on line 15.
 1 APPPATH\Controllers\CartController.php(26): App\Models\CartModel->__construct()
 2 SYSTEMPATH\CodeIgniter.php(904): App\Controllers\CartController->initController(Object(CodeIgniter\HTTP\IncomingRequest), Object(CodeIgniter\HTTP\Response), Object(CodeIgniter\Log\Logger))
 3 SYSTEMPATH\CodeIgniter.php(498): CodeIgniter\CodeIgniter->createController()
 4 SYSTEMPATH\CodeIgniter.php(354): CodeIgniter\CodeIgniter->handleRequest(null, Object(Config\Cache), false)
 5 SYSTEMPATH\Boot.php(363): CodeIgniter\CodeIgniter->run()
 6 SYSTEMPATH\Boot.php(68): CodeIgniter\Boot::runCodeIgniter(Object(CodeIgniter\CodeIgniter))
 7 FCPATH\index.php(67): CodeIgniter\Boot::bootWeb(Object(Config\Paths))
WARNING - 2026-02-18 03:14:09 --> [DEPRECATED] Creation of dynamic property App\Models\CartModel::$builderCheckoutItems is deprecated in APPPATH\Models\CartModel.php on line 16.
 1 APPPATH\Controllers\CartController.php(26): App\Models\CartModel->__construct()
 2 SYSTEMPATH\CodeIgniter.php(904): App\Controllers\CartController->initController(Object(CodeIgniter\HTTP\IncomingRequest), Object(CodeIgniter\HTTP\Response), Object(CodeIgniter\Log\Logger))
 3 SYSTEMPATH\CodeIgniter.php(498): CodeIgniter\CodeIgniter->createController()
 4 SYSTEMPATH\CodeIgniter.php(354): CodeIgniter\CodeIgniter->handleRequest(null, Object(Config\Cache), false)
 5 SYSTEMPATH\Boot.php(363): CodeIgniter\CodeIgniter->run()
 6 SYSTEMPATH\Boot.php(68): CodeIgniter\Boot::runCodeIgniter(Object(CodeIgniter\CodeIgniter))
 7 FCPATH\index.php(67): CodeIgniter\Boot::bootWeb(Object(Config\Paths))
WARNING - 2026-02-18 03:14:09 --> [DEPRECATED] Creation of dynamic property App\Models\CartModel::$builderPaymentMethods is deprecated in APPPATH\Models\CartModel.php on line 17.
 1 APPPATH\Controllers\CartController.php(26): App\Models\CartModel->__construct()
 2 SYSTEMPATH\CodeIgniter.php(904): App\Controllers\CartController->initController(Object(CodeIgniter\HTTP\IncomingRequest), Object(CodeIgniter\HTTP\Response), Object(CodeIgniter\Log\Logger))
 3 SYSTEMPATH\CodeIgniter.php(498): CodeIgniter\CodeIgniter->createController()
 4 SYSTEMPATH\CodeIgniter.php(354): CodeIgniter\CodeIgniter->handleRequest(null, Object(Config\Cache), false)
 5 SYSTEMPATH\Boot.php(363): CodeIgniter\CodeIgniter->run()
 6 SYSTEMPATH\Boot.php(68): CodeIgniter\Boot::runCodeIgniter(Object(CodeIgniter\CodeIgniter))
 7 FCPATH\index.php(67): CodeIgniter\Boot::bootWeb(Object(Config\Paths))
WARNING - 2026-02-18 03:14:09 --> [DEPRECATED] Creation of dynamic property App\Controllers\CartController::$apiKey is deprecated in APPPATH\Controllers\CartController.php on line 34.
 1 SYSTEMPATH\CodeIgniter.php(904): App\Controllers\CartController->initController(Object(CodeIgniter\HTTP\IncomingRequest), Object(CodeIgniter\HTTP\Response), Object(CodeIgniter\Log\Logger))
 2 SYSTEMPATH\CodeIgniter.php(498): CodeIgniter\CodeIgniter->createController()
 3 SYSTEMPATH\CodeIgniter.php(354): CodeIgniter\CodeIgniter->handleRequest(null, Object(Config\Cache), false)
 4 SYSTEMPATH\Boot.php(363): CodeIgniter\CodeIgniter->run()
 5 SYSTEMPATH\Boot.php(68): CodeIgniter\Boot::runCodeIgniter(Object(CodeIgniter\CodeIgniter))
 6 FCPATH\index.php(67): CodeIgniter\Boot::bootWeb(Object(Config\Paths))
WARNING - 2026-02-18 03:14:09 --> [DEPRECATED] Creation of dynamic property App\Models\CartModel::$builderCheckouts is deprecated in APPPATH\Models\CartModel.php on line 15.
 1 APPPATH\Controllers\BaseController.php(147): App\Models\CartModel->__construct()
 2 APPPATH\Controllers\HomeController.php(35): App\Controllers\BaseController->initController(Object(CodeIgniter\HTTP\IncomingRequest), Object(CodeIgniter\HTTP\Response), Object(CodeIgniter\Log\Logger))
 3 SYSTEMPATH\CodeIgniter.php(904): App\Controllers\HomeController->initController(Object(CodeIgniter\HTTP\IncomingRequest), Object(CodeIgniter\HTTP\Response), Object(CodeIgniter\Log\Logger))
 4 SYSTEMPATH\CodeIgniter.php(498): CodeIgniter\CodeIgniter->createController()
 5 SYSTEMPATH\CodeIgniter.php(354): CodeIgniter\CodeIgniter->handleRequest(null, Object(Config\Cache), false)
 6 SYSTEMPATH\Boot.php(363): CodeIgniter\CodeIgniter->run()
 7 SYSTEMPATH\Boot.php(68): CodeIgniter\Boot::runCodeIgniter(Object(CodeIgniter\CodeIgniter))
 8 FCPATH\index.php(67): CodeIgniter\Boot::bootWeb(Object(Config\Paths))
WARNING - 2026-02-18 03:14:09 --> [DEPRECATED] Creation of dynamic property App\Models\CartModel::$builderCheckoutItems is deprecated in APPPATH\Models\CartModel.php on line 16.
 1 APPPATH\Controllers\BaseController.php(147): App\Models\CartModel->__construct()
 2 APPPATH\Controllers\HomeController.php(35): App\Controllers\BaseController->initController(Object(CodeIgniter\HTTP\IncomingRequest), Object(CodeIgniter\HTTP\Response), Object(CodeIgniter\Log\Logger))
 3 SYSTEMPATH\CodeIgniter.php(904): App\Controllers\HomeController->initController(Object(CodeIgniter\HTTP\IncomingRequest), Object(CodeIgniter\HTTP\Response), Object(CodeIgniter\Log\Logger))
 4 SYSTEMPATH\CodeIgniter.php(498): CodeIgniter\CodeIgniter->createController()
 5 SYSTEMPATH\CodeIgniter.php(354): CodeIgniter\CodeIgniter->handleRequest(null, Object(Config\Cache), false)
 6 SYSTEMPATH\Boot.php(363): CodeIgniter\CodeIgniter->run()
 7 SYSTEMPATH\Boot.php(68): CodeIgniter\Boot::runCodeIgniter(Object(CodeIgniter\CodeIgniter))
 8 FCPATH\index.php(67): CodeIgniter\Boot::bootWeb(Object(Config\Paths))
WARNING - 2026-02-18 03:14:09 --> [DEPRECATED] Creation of dynamic property App\Models\CartModel::$builderPaymentMethods is deprecated in APPPATH\Models\CartModel.php on line 17.
 1 APPPATH\Controllers\BaseController.php(147): App\Models\CartModel->__construct()
 2 APPPATH\Controllers\HomeController.php(35): App\Controllers\BaseController->initController(Object(CodeIgniter\HTTP\IncomingRequest), Object(CodeIgniter\HTTP\Response), Object(CodeIgniter\Log\Logger))
 3 SYSTEMPATH\CodeIgniter.php(904): App\Controllers\HomeController->initController(Object(CodeIgniter\HTTP\IncomingRequest), Object(CodeIgniter\HTTP\Response), Object(CodeIgniter\Log\Logger))
 4 SYSTEMPATH\CodeIgniter.php(498): CodeIgniter\CodeIgniter->createController()
 5 SYSTEMPATH\CodeIgniter.php(354): CodeIgniter\CodeIgniter->handleRequest(null, Object(Config\Cache), false)
 6 SYSTEMPATH\Boot.php(363): CodeIgniter\CodeIgniter->run()
 7 SYSTEMPATH\Boot.php(68): CodeIgniter\Boot::runCodeIgniter(Object(CodeIgniter\CodeIgniter))
 8 FCPATH\index.php(67): CodeIgniter\Boot::bootWeb(Object(Config\Paths))
WARNING - 2026-02-18 03:14:10 --> [DEPRECATED] Creation of dynamic property App\Models\CartModel::$builderCheckouts is deprecated in APPPATH\Models\CartModel.php on line 15.
 1 APPPATH\Controllers\BaseController.php(147): App\Models\CartModel->__construct()
 2 APPPATH\Controllers\AjaxController.php(20): App\Controllers\BaseController->initController(Object(CodeIgniter\HTTP\IncomingRequest), Object(CodeIgniter\HTTP\Response), Object(CodeIgniter\Log\Logger))
 3 SYSTEMPATH\CodeIgniter.php(904): App\Controllers\AjaxController->initController(Object(CodeIgniter\HTTP\IncomingRequest), Object(CodeIgniter\HTTP\Response), Object(CodeIgniter\Log\Logger))
 4 SYSTEMPATH\CodeIgniter.php(498): CodeIgniter\CodeIgniter->createController()
 5 SYSTEMPATH\CodeIgniter.php(354): CodeIgniter\CodeIgniter->handleRequest(null, Object(Config\Cache), false)
 6 SYSTEMPATH\Boot.php(363): CodeIgniter\CodeIgniter->run()
 7 SYSTEMPATH\Boot.php(68): CodeIgniter\Boot::runCodeIgniter(Object(CodeIgniter\CodeIgniter))
 8 FCPATH\index.php(67): CodeIgniter\Boot::bootWeb(Object(Config\Paths))
WARNING - 2026-02-18 03:14:10 --> [DEPRECATED] Creation of dynamic property App\Models\CartModel::$builderCheckoutItems is deprecated in APPPATH\Models\CartModel.php on line 16.
 1 APPPATH\Controllers\BaseController.php(147): App\Models\CartModel->__construct()
 2 APPPATH\Controllers\AjaxController.php(20): App\Controllers\BaseController->initController(Object(CodeIgniter\HTTP\IncomingRequest), Object(CodeIgniter\HTTP\Response), Object(CodeIgniter\Log\Logger))
 3 SYSTEMPATH\CodeIgniter.php(904): App\Controllers\AjaxController->initController(Object(CodeIgniter\HTTP\IncomingRequest), Object(CodeIgniter\HTTP\Response), Object(CodeIgniter\Log\Logger))
 4 SYSTEMPATH\CodeIgniter.php(498): CodeIgniter\CodeIgniter->createController()
 5 SYSTEMPATH\CodeIgniter.php(354): CodeIgniter\CodeIgniter->handleRequest(null, Object(Config\Cache), false)
 6 SYSTEMPATH\Boot.php(363): CodeIgniter\CodeIgniter->run()
 7 SYSTEMPATH\Boot.php(68): CodeIgniter\Boot::runCodeIgniter(Object(CodeIgniter\CodeIgniter))
 8 FCPATH\index.php(67): CodeIgniter\Boot::bootWeb(Object(Config\Paths))
WARNING - 2026-02-18 03:14:10 --> [DEPRECATED] Creation of dynamic property App\Models\CartModel::$builderPaymentMethods is deprecated in APPPATH\Models\CartModel.php on line 17.
 1 APPPATH\Controllers\BaseController.php(147): App\Models\CartModel->__construct()
 2 APPPATH\Controllers\AjaxController.php(20): App\Controllers\BaseController->initController(Object(CodeIgniter\HTTP\IncomingRequest), Object(CodeIgniter\HTTP\Response), Object(CodeIgniter\Log\Logger))
 3 SYSTEMPATH\CodeIgniter.php(904): App\Controllers\AjaxController->initController(Object(CodeIgniter\HTTP\IncomingRequest), Object(CodeIgniter\HTTP\Response), Object(CodeIgniter\Log\Logger))
 4 SYSTEMPATH\CodeIgniter.php(498): CodeIgniter\CodeIgniter->createController()
 5 SYSTEMPATH\CodeIgniter.php(354): CodeIgniter\CodeIgniter->handleRequest(null, Object(Config\Cache), false)
 6 SYSTEMPATH\Boot.php(363): CodeIgniter\CodeIgniter->run()
 7 SYSTEMPATH\Boot.php(68): CodeIgniter\Boot::runCodeIgniter(Object(CodeIgniter\CodeIgniter))
 8 FCPATH\index.php(67): CodeIgniter\Boot::bootWeb(Object(Config\Paths))
WARNING - 2026-02-18 03:14:23 --> [DEPRECATED] Creation of dynamic property App\Models\CartModel::$builderCheckouts is deprecated in APPPATH\Models\CartModel.php on line 15.
 1 APPPATH\Controllers\BaseController.php(147): App\Models\CartModel->__construct()
 2 APPPATH\Controllers\CartController.php(25): App\Controllers\BaseController->initController(Object(CodeIgniter\HTTP\IncomingRequest), Object(CodeIgniter\HTTP\Response), Object(CodeIgniter\Log\Logger))
 3 SYSTEMPATH\CodeIgniter.php(904): App\Controllers\CartController->initController(Object(CodeIgniter\HTTP\IncomingRequest), Object(CodeIgniter\HTTP\Response), Object(CodeIgniter\Log\Logger))
 4 SYSTEMPATH\CodeIgniter.php(498): CodeIgniter\CodeIgniter->createController()
 5 SYSTEMPATH\CodeIgniter.php(354): CodeIgniter\CodeIgniter->handleRequest(null, Object(Config\Cache), false)
 6 SYSTEMPATH\Boot.php(363): CodeIgniter\CodeIgniter->run()
 7 SYSTEMPATH\Boot.php(68): CodeIgniter\Boot::runCodeIgniter(Object(CodeIgniter\CodeIgniter))
 8 FCPATH\index.php(67): CodeIgniter\Boot::bootWeb(Object(Config\Paths))
WARNING - 2026-02-18 03:14:23 --> [DEPRECATED] Creation of dynamic property App\Models\CartModel::$builderCheckoutItems is deprecated in APPPATH\Models\CartModel.php on line 16.
 1 APPPATH\Controllers\BaseController.php(147): App\Models\CartModel->__construct()
 2 APPPATH\Controllers\CartController.php(25): App\Controllers\BaseController->initController(Object(CodeIgniter\HTTP\IncomingRequest), Object(CodeIgniter\HTTP\Response), Object(CodeIgniter\Log\Logger))
 3 SYSTEMPATH\CodeIgniter.php(904): App\Controllers\CartController->initController(Object(CodeIgniter\HTTP\IncomingRequest), Object(CodeIgniter\HTTP\Response), Object(CodeIgniter\Log\Logger))
 4 SYSTEMPATH\CodeIgniter.php(498): CodeIgniter\CodeIgniter->createController()
 5 SYSTEMPATH\CodeIgniter.php(354): CodeIgniter\CodeIgniter->handleRequest(null, Object(Config\Cache), false)
 6 SYSTEMPATH\Boot.php(363): CodeIgniter\CodeIgniter->run()
 7 SYSTEMPATH\Boot.php(68): CodeIgniter\Boot::runCodeIgniter(Object(CodeIgniter\CodeIgniter))
 8 FCPATH\index.php(67): CodeIgniter\Boot::bootWeb(Object(Config\Paths))
WARNING - 2026-02-18 03:14:23 --> [DEPRECATED] Creation of dynamic property App\Models\CartModel::$builderPaymentMethods is deprecated in APPPATH\Models\CartModel.php on line 17.
 1 APPPATH\Controllers\BaseController.php(147): App\Models\CartModel->__construct()
 2 APPPATH\Controllers\CartController.php(25): App\Controllers\BaseController->initController(Object(CodeIgniter\HTTP\IncomingRequest), Object(CodeIgniter\HTTP\Response), Object(CodeIgniter\Log\Logger))
 3 SYSTEMPATH\CodeIgniter.php(904): App\Controllers\CartController->initController(Object(CodeIgniter\HTTP\IncomingRequest), Object(CodeIgniter\HTTP\Response), Object(CodeIgniter\Log\Logger))
 4 SYSTEMPATH\CodeIgniter.php(498): CodeIgniter\CodeIgniter->createController()
 5 SYSTEMPATH\CodeIgniter.php(354): CodeIgniter\CodeIgniter->handleRequest(null, Object(Config\Cache), false)
 6 SYSTEMPATH\Boot.php(363): CodeIgniter\CodeIgniter->run()
 7 SYSTEMPATH\Boot.php(68): CodeIgniter\Boot::runCodeIgniter(Object(CodeIgniter\CodeIgniter))
 8 FCPATH\index.php(67): CodeIgniter\Boot::bootWeb(Object(Config\Paths))
WARNING - 2026-02-18 03:14:23 --> [DEPRECATED] Creation of dynamic property App\Models\CartModel::$builderCheckouts is deprecated in APPPATH\Models\CartModel.php on line 15.
 1 APPPATH\Controllers\CartController.php(26): App\Models\CartModel->__construct()
 2 SYSTEMPATH\CodeIgniter.php(904): App\Controllers\CartController->initController(Object(CodeIgniter\HTTP\IncomingRequest), Object(CodeIgniter\HTTP\Response), Object(CodeIgniter\Log\Logger))
 3 SYSTEMPATH\CodeIgniter.php(498): CodeIgniter\CodeIgniter->createController()
 4 SYSTEMPATH\CodeIgniter.php(354): CodeIgniter\CodeIgniter->handleRequest(null, Object(Config\Cache), false)
 5 SYSTEMPATH\Boot.php(363): CodeIgniter\CodeIgniter->run()
 6 SYSTEMPATH\Boot.php(68): CodeIgniter\Boot::runCodeIgniter(Object(CodeIgniter\CodeIgniter))
 7 FCPATH\index.php(67): CodeIgniter\Boot::bootWeb(Object(Config\Paths))
WARNING - 2026-02-18 03:14:23 --> [DEPRECATED] Creation of dynamic property App\Models\CartModel::$builderCheckoutItems is deprecated in APPPATH\Models\CartModel.php on line 16.
 1 APPPATH\Controllers\CartController.php(26): App\Models\CartModel->__construct()
 2 SYSTEMPATH\CodeIgniter.php(904): App\Controllers\CartController->initController(Object(CodeIgniter\HTTP\IncomingRequest), Object(CodeIgniter\HTTP\Response), Object(CodeIgniter\Log\Logger))
 3 SYSTEMPATH\CodeIgniter.php(498): CodeIgniter\CodeIgniter->createController()
 4 SYSTEMPATH\CodeIgniter.php(354): CodeIgniter\CodeIgniter->handleRequest(null, Object(Config\Cache), false)
 5 SYSTEMPATH\Boot.php(363): CodeIgniter\CodeIgniter->run()
 6 SYSTEMPATH\Boot.php(68): CodeIgniter\Boot::runCodeIgniter(Object(CodeIgniter\CodeIgniter))
 7 FCPATH\index.php(67): CodeIgniter\Boot::bootWeb(Object(Config\Paths))
WARNING - 2026-02-18 03:14:23 --> [DEPRECATED] Creation of dynamic property App\Models\CartModel::$builderPaymentMethods is deprecated in APPPATH\Models\CartModel.php on line 17.
 1 APPPATH\Controllers\CartController.php(26): App\Models\CartModel->__construct()
 2 SYSTEMPATH\CodeIgniter.php(904): App\Controllers\CartController->initController(Object(CodeIgniter\HTTP\IncomingRequest), Object(CodeIgniter\HTTP\Response), Object(CodeIgniter\Log\Logger))
 3 SYSTEMPATH\CodeIgniter.php(498): CodeIgniter\CodeIgniter->createController()
 4 SYSTEMPATH\CodeIgniter.php(354): CodeIgniter\CodeIgniter->handleRequest(null, Object(Config\Cache), false)
 5 SYSTEMPATH\Boot.php(363): CodeIgniter\CodeIgniter->run()
 6 SYSTEMPATH\Boot.php(68): CodeIgniter\Boot::runCodeIgniter(Object(CodeIgniter\CodeIgniter))
 7 FCPATH\index.php(67): CodeIgniter\Boot::bootWeb(Object(Config\Paths))
WARNING - 2026-02-18 03:14:23 --> [DEPRECATED] Creation of dynamic property App\Controllers\CartController::$apiKey is deprecated in APPPATH\Controllers\CartController.php on line 34.
 1 SYSTEMPATH\CodeIgniter.php(904): App\Controllers\CartController->initController(Object(CodeIgniter\HTTP\IncomingRequest), Object(CodeIgniter\HTTP\Response), Object(CodeIgniter\Log\Logger))
 2 SYSTEMPATH\CodeIgniter.php(498): CodeIgniter\CodeIgniter->createController()
 3 SYSTEMPATH\CodeIgniter.php(354): CodeIgniter\CodeIgniter->handleRequest(null, Object(Config\Cache), false)
 4 SYSTEMPATH\Boot.php(363): CodeIgniter\CodeIgniter->run()
 5 SYSTEMPATH\Boot.php(68): CodeIgniter\Boot::runCodeIgniter(Object(CodeIgniter\CodeIgniter))
 6 FCPATH\index.php(67): CodeIgniter\Boot::bootWeb(Object(Config\Paths))
WARNING - 2026-02-18 03:14:23 --> [DEPRECATED] Creation of dynamic property App\Services\OngkirService::$baseUrl is deprecated in APPPATH\Services\OngkirService.php on line 11.
 1 APPPATH\Controllers\CartController.php(186): App\Services\OngkirService->__construct()
 2 SYSTEMPATH\CodeIgniter.php(933): App\Controllers\CartController->shipping()
 3 SYSTEMPATH\CodeIgniter.php(507): CodeIgniter\CodeIgniter->runController(Object(App\Controllers\CartController))
 4 SYSTEMPATH\CodeIgniter.php(354): CodeIgniter\CodeIgniter->handleRequest(null, Object(Config\Cache), false)
 5 SYSTEMPATH\Boot.php(363): CodeIgniter\CodeIgniter->run()
 6 SYSTEMPATH\Boot.php(68): CodeIgniter\Boot::runCodeIgniter(Object(CodeIgniter\CodeIgniter))
 7 FCPATH\index.php(67): CodeIgniter\Boot::bootWeb(Object(Config\Paths))
WARNING - 2026-02-18 03:14:23 --> [DEPRECATED] Creation of dynamic property App\Services\OngkirService::$CALCULATE_DELIVERY_COST is deprecated in APPPATH\Services\OngkirService.php on line 12.
 1 APPPATH\Controllers\CartController.php(186): App\Services\OngkirService->__construct()
 2 SYSTEMPATH\CodeIgniter.php(933): App\Controllers\CartController->shipping()
 3 SYSTEMPATH\CodeIgniter.php(507): CodeIgniter\CodeIgniter->runController(Object(App\Controllers\CartController))
 4 SYSTEMPATH\CodeIgniter.php(354): CodeIgniter\CodeIgniter->handleRequest(null, Object(Config\Cache), false)
 5 SYSTEMPATH\Boot.php(363): CodeIgniter\CodeIgniter->run()
 6 SYSTEMPATH\Boot.php(68): CodeIgniter\Boot::runCodeIgniter(Object(CodeIgniter\CodeIgniter))
 7 FCPATH\index.php(67): CodeIgniter\Boot::bootWeb(Object(Config\Paths))
WARNING - 2026-02-18 03:14:23 --> [DEPRECATED] Creation of dynamic property App\Services\OngkirService::$apiKey is deprecated in APPPATH\Services\OngkirService.php on line 13.
 1 APPPATH\Controllers\CartController.php(186): App\Services\OngkirService->__construct()
 2 SYSTEMPATH\CodeIgniter.php(933): App\Controllers\CartController->shipping()
 3 SYSTEMPATH\CodeIgniter.php(507): CodeIgniter\CodeIgniter->runController(Object(App\Controllers\CartController))
 4 SYSTEMPATH\CodeIgniter.php(354): CodeIgniter\CodeIgniter->handleRequest(null, Object(Config\Cache), false)
 5 SYSTEMPATH\Boot.php(363): CodeIgniter\CodeIgniter->run()
 6 SYSTEMPATH\Boot.php(68): CodeIgniter\Boot::runCodeIgniter(Object(CodeIgniter\CodeIgniter))
 7 FCPATH\index.php(67): CodeIgniter\Boot::bootWeb(Object(Config\Paths))
WARNING - 2026-02-18 03:14:23 --> [DEPRECATED] Creation of dynamic property App\Services\OngkirService::$listCourier is deprecated in APPPATH\Services\OngkirService.php on line 14.
 1 APPPATH\Controllers\CartController.php(186): App\Services\OngkirService->__construct()
 2 SYSTEMPATH\CodeIgniter.php(933): App\Controllers\CartController->shipping()
 3 SYSTEMPATH\CodeIgniter.php(507): CodeIgniter\CodeIgniter->runController(Object(App\Controllers\CartController))
 4 SYSTEMPATH\CodeIgniter.php(354): CodeIgniter\CodeIgniter->handleRequest(null, Object(Config\Cache), false)
 5 SYSTEMPATH\Boot.php(363): CodeIgniter\CodeIgniter->run()
 6 SYSTEMPATH\Boot.php(68): CodeIgniter\Boot::runCodeIgniter(Object(CodeIgniter\CodeIgniter))
 7 FCPATH\index.php(67): CodeIgniter\Boot::bootWeb(Object(Config\Paths))
WARNING - 2026-02-18 03:14:23 --> [DEPRECATED] Creation of dynamic property App\Models\CartModel::$builderCheckouts is deprecated in APPPATH\Models\CartModel.php on line 15.
 1 APPPATH\Controllers\BaseController.php(147): App\Models\CartModel->__construct()
 2 APPPATH\Controllers\AjaxController.php(20): App\Controllers\BaseController->initController(Object(CodeIgniter\HTTP\IncomingRequest), Object(CodeIgniter\HTTP\Response), Object(CodeIgniter\Log\Logger))
 3 SYSTEMPATH\CodeIgniter.php(904): App\Controllers\AjaxController->initController(Object(CodeIgniter\HTTP\IncomingRequest), Object(CodeIgniter\HTTP\Response), Object(CodeIgniter\Log\Logger))
 4 SYSTEMPATH\CodeIgniter.php(498): CodeIgniter\CodeIgniter->createController()
 5 SYSTEMPATH\CodeIgniter.php(354): CodeIgniter\CodeIgniter->handleRequest(null, Object(Config\Cache), false)
 6 SYSTEMPATH\Boot.php(363): CodeIgniter\CodeIgniter->run()
 7 SYSTEMPATH\Boot.php(68): CodeIgniter\Boot::runCodeIgniter(Object(CodeIgniter\CodeIgniter))
 8 FCPATH\index.php(67): CodeIgniter\Boot::bootWeb(Object(Config\Paths))
WARNING - 2026-02-18 03:14:23 --> [DEPRECATED] Creation of dynamic property App\Models\CartModel::$builderCheckoutItems is deprecated in APPPATH\Models\CartModel.php on line 16.
 1 APPPATH\Controllers\BaseController.php(147): App\Models\CartModel->__construct()
 2 APPPATH\Controllers\AjaxController.php(20): App\Controllers\BaseController->initController(Object(CodeIgniter\HTTP\IncomingRequest), Object(CodeIgniter\HTTP\Response), Object(CodeIgniter\Log\Logger))
 3 SYSTEMPATH\CodeIgniter.php(904): App\Controllers\AjaxController->initController(Object(CodeIgniter\HTTP\IncomingRequest), Object(CodeIgniter\HTTP\Response), Object(CodeIgniter\Log\Logger))
 4 SYSTEMPATH\CodeIgniter.php(498): CodeIgniter\CodeIgniter->createController()
 5 SYSTEMPATH\CodeIgniter.php(354): CodeIgniter\CodeIgniter->handleRequest(null, Object(Config\Cache), false)
 6 SYSTEMPATH\Boot.php(363): CodeIgniter\CodeIgniter->run()
 7 SYSTEMPATH\Boot.php(68): CodeIgniter\Boot::runCodeIgniter(Object(CodeIgniter\CodeIgniter))
 8 FCPATH\index.php(67): CodeIgniter\Boot::bootWeb(Object(Config\Paths))
WARNING - 2026-02-18 03:14:23 --> [DEPRECATED] Creation of dynamic property App\Models\CartModel::$builderPaymentMethods is deprecated in APPPATH\Models\CartModel.php on line 17.
 1 APPPATH\Controllers\BaseController.php(147): App\Models\CartModel->__construct()
 2 APPPATH\Controllers\AjaxController.php(20): App\Controllers\BaseController->initController(Object(CodeIgniter\HTTP\IncomingRequest), Object(CodeIgniter\HTTP\Response), Object(CodeIgniter\Log\Logger))
 3 SYSTEMPATH\CodeIgniter.php(904): App\Controllers\AjaxController->initController(Object(CodeIgniter\HTTP\IncomingRequest), Object(CodeIgniter\HTTP\Response), Object(CodeIgniter\Log\Logger))
 4 SYSTEMPATH\CodeIgniter.php(498): CodeIgniter\CodeIgniter->createController()
 5 SYSTEMPATH\CodeIgniter.php(354): CodeIgniter\CodeIgniter->handleRequest(null, Object(Config\Cache), false)
 6 SYSTEMPATH\Boot.php(363): CodeIgniter\CodeIgniter->run()
 7 SYSTEMPATH\Boot.php(68): CodeIgniter\Boot::runCodeIgniter(Object(CodeIgniter\CodeIgniter))
 8 FCPATH\index.php(67): CodeIgniter\Boot::bootWeb(Object(Config\Paths))
WARNING - 2026-02-18 03:14:25 --> [DEPRECATED] Creation of dynamic property App\Models\CartModel::$builderCheckouts is deprecated in APPPATH\Models\CartModel.php on line 15.
 1 APPPATH\Controllers\BaseController.php(147): App\Models\CartModel->__construct()
 2 APPPATH\Controllers\CartController.php(25): App\Controllers\BaseController->initController(Object(CodeIgniter\HTTP\IncomingRequest), Object(CodeIgniter\HTTP\Response), Object(CodeIgniter\Log\Logger))
 3 SYSTEMPATH\CodeIgniter.php(904): App\Controllers\CartController->initController(Object(CodeIgniter\HTTP\IncomingRequest), Object(CodeIgniter\HTTP\Response), Object(CodeIgniter\Log\Logger))
 4 SYSTEMPATH\CodeIgniter.php(498): CodeIgniter\CodeIgniter->createController()
 5 SYSTEMPATH\CodeIgniter.php(354): CodeIgniter\CodeIgniter->handleRequest(null, Object(Config\Cache), false)
 6 SYSTEMPATH\Boot.php(363): CodeIgniter\CodeIgniter->run()
 7 SYSTEMPATH\Boot.php(68): CodeIgniter\Boot::runCodeIgniter(Object(CodeIgniter\CodeIgniter))
 8 FCPATH\index.php(67): CodeIgniter\Boot::bootWeb(Object(Config\Paths))
WARNING - 2026-02-18 03:14:25 --> [DEPRECATED] Creation of dynamic property App\Models\CartModel::$builderCheckoutItems is deprecated in APPPATH\Models\CartModel.php on line 16.
 1 APPPATH\Controllers\BaseController.php(147): App\Models\CartModel->__construct()
 2 APPPATH\Controllers\CartController.php(25): App\Controllers\BaseController->initController(Object(CodeIgniter\HTTP\IncomingRequest), Object(CodeIgniter\HTTP\Response), Object(CodeIgniter\Log\Logger))
 3 SYSTEMPATH\CodeIgniter.php(904): App\Controllers\CartController->initController(Object(CodeIgniter\HTTP\IncomingRequest), Object(CodeIgniter\HTTP\Response), Object(CodeIgniter\Log\Logger))
 4 SYSTEMPATH\CodeIgniter.php(498): CodeIgniter\CodeIgniter->createController()
 5 SYSTEMPATH\CodeIgniter.php(354): CodeIgniter\CodeIgniter->handleRequest(null, Object(Config\Cache), false)
 6 SYSTEMPATH\Boot.php(363): CodeIgniter\CodeIgniter->run()
 7 SYSTEMPATH\Boot.php(68): CodeIgniter\Boot::runCodeIgniter(Object(CodeIgniter\CodeIgniter))
 8 FCPATH\index.php(67): CodeIgniter\Boot::bootWeb(Object(Config\Paths))
WARNING - 2026-02-18 03:14:25 --> [DEPRECATED] Creation of dynamic property App\Models\CartModel::$builderPaymentMethods is deprecated in APPPATH\Models\CartModel.php on line 17.
 1 APPPATH\Controllers\BaseController.php(147): App\Models\CartModel->__construct()
 2 APPPATH\Controllers\CartController.php(25): App\Controllers\BaseController->initController(Object(CodeIgniter\HTTP\IncomingRequest), Object(CodeIgniter\HTTP\Response), Object(CodeIgniter\Log\Logger))
 3 SYSTEMPATH\CodeIgniter.php(904): App\Controllers\CartController->initController(Object(CodeIgniter\HTTP\IncomingRequest), Object(CodeIgniter\HTTP\Response), Object(CodeIgniter\Log\Logger))
 4 SYSTEMPATH\CodeIgniter.php(498): CodeIgniter\CodeIgniter->createController()
 5 SYSTEMPATH\CodeIgniter.php(354): CodeIgniter\CodeIgniter->handleRequest(null, Object(Config\Cache), false)
 6 SYSTEMPATH\Boot.php(363): CodeIgniter\CodeIgniter->run()
 7 SYSTEMPATH\Boot.php(68): CodeIgniter\Boot::runCodeIgniter(Object(CodeIgniter\CodeIgniter))
 8 FCPATH\index.php(67): CodeIgniter\Boot::bootWeb(Object(Config\Paths))
WARNING - 2026-02-18 03:14:25 --> [DEPRECATED] Creation of dynamic property App\Models\CartModel::$builderCheckouts is deprecated in APPPATH\Models\CartModel.php on line 15.
 1 APPPATH\Controllers\CartController.php(26): App\Models\CartModel->__construct()
 2 SYSTEMPATH\CodeIgniter.php(904): App\Controllers\CartController->initController(Object(CodeIgniter\HTTP\IncomingRequest), Object(CodeIgniter\HTTP\Response), Object(CodeIgniter\Log\Logger))
 3 SYSTEMPATH\CodeIgniter.php(498): CodeIgniter\CodeIgniter->createController()
 4 SYSTEMPATH\CodeIgniter.php(354): CodeIgniter\CodeIgniter->handleRequest(null, Object(Config\Cache), false)
 5 SYSTEMPATH\Boot.php(363): CodeIgniter\CodeIgniter->run()
 6 SYSTEMPATH\Boot.php(68): CodeIgniter\Boot::runCodeIgniter(Object(CodeIgniter\CodeIgniter))
 7 FCPATH\index.php(67): CodeIgniter\Boot::bootWeb(Object(Config\Paths))
WARNING - 2026-02-18 03:14:25 --> [DEPRECATED] Creation of dynamic property App\Models\CartModel::$builderCheckoutItems is deprecated in APPPATH\Models\CartModel.php on line 16.
 1 APPPATH\Controllers\CartController.php(26): App\Models\CartModel->__construct()
 2 SYSTEMPATH\CodeIgniter.php(904): App\Controllers\CartController->initController(Object(CodeIgniter\HTTP\IncomingRequest), Object(CodeIgniter\HTTP\Response), Object(CodeIgniter\Log\Logger))
 3 SYSTEMPATH\CodeIgniter.php(498): CodeIgniter\CodeIgniter->createController()
 4 SYSTEMPATH\CodeIgniter.php(354): CodeIgniter\CodeIgniter->handleRequest(null, Object(Config\Cache), false)
 5 SYSTEMPATH\Boot.php(363): CodeIgniter\CodeIgniter->run()
 6 SYSTEMPATH\Boot.php(68): CodeIgniter\Boot::runCodeIgniter(Object(CodeIgniter\CodeIgniter))
 7 FCPATH\index.php(67): CodeIgniter\Boot::bootWeb(Object(Config\Paths))
WARNING - 2026-02-18 03:14:25 --> [DEPRECATED] Creation of dynamic property App\Models\CartModel::$builderPaymentMethods is deprecated in APPPATH\Models\CartModel.php on line 17.
 1 APPPATH\Controllers\CartController.php(26): App\Models\CartModel->__construct()
 2 SYSTEMPATH\CodeIgniter.php(904): App\Controllers\CartController->initController(Object(CodeIgniter\HTTP\IncomingRequest), Object(CodeIgniter\HTTP\Response), Object(CodeIgniter\Log\Logger))
 3 SYSTEMPATH\CodeIgniter.php(498): CodeIgniter\CodeIgniter->createController()
 4 SYSTEMPATH\CodeIgniter.php(354): CodeIgniter\CodeIgniter->handleRequest(null, Object(Config\Cache), false)
 5 SYSTEMPATH\Boot.php(363): CodeIgniter\CodeIgniter->run()
 6 SYSTEMPATH\Boot.php(68): CodeIgniter\Boot::runCodeIgniter(Object(CodeIgniter\CodeIgniter))
 7 FCPATH\index.php(67): CodeIgniter\Boot::bootWeb(Object(Config\Paths))
WARNING - 2026-02-18 03:14:25 --> [DEPRECATED] Creation of dynamic property App\Controllers\CartController::$apiKey is deprecated in APPPATH\Controllers\CartController.php on line 34.
 1 SYSTEMPATH\CodeIgniter.php(904): App\Controllers\CartController->initController(Object(CodeIgniter\HTTP\IncomingRequest), Object(CodeIgniter\HTTP\Response), Object(CodeIgniter\Log\Logger))
 2 SYSTEMPATH\CodeIgniter.php(498): CodeIgniter\CodeIgniter->createController()
 3 SYSTEMPATH\CodeIgniter.php(354): CodeIgniter\CodeIgniter->handleRequest(null, Object(Config\Cache), false)
 4 SYSTEMPATH\Boot.php(363): CodeIgniter\CodeIgniter->run()
 5 SYSTEMPATH\Boot.php(68): CodeIgniter\Boot::runCodeIgniter(Object(CodeIgniter\CodeIgniter))
 6 FCPATH\index.php(67): CodeIgniter\Boot::bootWeb(Object(Config\Paths))
WARNING - 2026-02-18 03:25:05 --> [DEPRECATED] Creation of dynamic property App\Models\CartModel::$builderCheckouts is deprecated in APPPATH\Models\CartModel.php on line 15.
 1 APPPATH\Controllers\BaseController.php(147): App\Models\CartModel->__construct()
 2 APPPATH\Controllers\HomeController.php(35): App\Controllers\BaseController->initController(Object(CodeIgniter\HTTP\IncomingRequest), Object(CodeIgniter\HTTP\Response), Object(CodeIgniter\Log\Logger))
 3 SYSTEMPATH\CodeIgniter.php(904): App\Controllers\HomeController->initController(Object(CodeIgniter\HTTP\IncomingRequest), Object(CodeIgniter\HTTP\Response), Object(CodeIgniter\Log\Logger))
 4 SYSTEMPATH\CodeIgniter.php(498): CodeIgniter\CodeIgniter->createController()
 5 SYSTEMPATH\CodeIgniter.php(354): CodeIgniter\CodeIgniter->handleRequest(null, Object(Config\Cache), false)
 6 SYSTEMPATH\Boot.php(363): CodeIgniter\CodeIgniter->run()
 7 SYSTEMPATH\Boot.php(68): CodeIgniter\Boot::runCodeIgniter(Object(CodeIgniter\CodeIgniter))
 8 FCPATH\index.php(67): CodeIgniter\Boot::bootWeb(Object(Config\Paths))
WARNING - 2026-02-18 03:25:05 --> [DEPRECATED] Creation of dynamic property App\Models\CartModel::$builderCheckoutItems is deprecated in APPPATH\Models\CartModel.php on line 16.
 1 APPPATH\Controllers\BaseController.php(147): App\Models\CartModel->__construct()
 2 APPPATH\Controllers\HomeController.php(35): App\Controllers\BaseController->initController(Object(CodeIgniter\HTTP\IncomingRequest), Object(CodeIgniter\HTTP\Response), Object(CodeIgniter\Log\Logger))
 3 SYSTEMPATH\CodeIgniter.php(904): App\Controllers\HomeController->initController(Object(CodeIgniter\HTTP\IncomingRequest), Object(CodeIgniter\HTTP\Response), Object(CodeIgniter\Log\Logger))
 4 SYSTEMPATH\CodeIgniter.php(498): CodeIgniter\CodeIgniter->createController()
 5 SYSTEMPATH\CodeIgniter.php(354): CodeIgniter\CodeIgniter->handleRequest(null, Object(Config\Cache), false)
 6 SYSTEMPATH\Boot.php(363): CodeIgniter\CodeIgniter->run()
 7 SYSTEMPATH\Boot.php(68): CodeIgniter\Boot::runCodeIgniter(Object(CodeIgniter\CodeIgniter))
 8 FCPATH\index.php(67): CodeIgniter\Boot::bootWeb(Object(Config\Paths))
WARNING - 2026-02-18 03:25:05 --> [DEPRECATED] Creation of dynamic property App\Models\CartModel::$builderPaymentMethods is deprecated in APPPATH\Models\CartModel.php on line 17.
 1 APPPATH\Controllers\BaseController.php(147): App\Models\CartModel->__construct()
 2 APPPATH\Controllers\HomeController.php(35): App\Controllers\BaseController->initController(Object(CodeIgniter\HTTP\IncomingRequest), Object(CodeIgniter\HTTP\Response), Object(CodeIgniter\Log\Logger))
 3 SYSTEMPATH\CodeIgniter.php(904): App\Controllers\HomeController->initController(Object(CodeIgniter\HTTP\IncomingRequest), Object(CodeIgniter\HTTP\Response), Object(CodeIgniter\Log\Logger))
 4 SYSTEMPATH\CodeIgniter.php(498): CodeIgniter\CodeIgniter->createController()
 5 SYSTEMPATH\CodeIgniter.php(354): CodeIgniter\CodeIgniter->handleRequest(null, Object(Config\Cache), false)
 6 SYSTEMPATH\Boot.php(363): CodeIgniter\CodeIgniter->run()
 7 SYSTEMPATH\Boot.php(68): CodeIgniter\Boot::runCodeIgniter(Object(CodeIgniter\CodeIgniter))
 8 FCPATH\index.php(67): CodeIgniter\Boot::bootWeb(Object(Config\Paths))
WARNING - 2026-02-18 03:25:06 --> [DEPRECATED] Creation of dynamic property App\Models\CartModel::$builderCheckouts is deprecated in APPPATH\Models\CartModel.php on line 15.
 1 APPPATH\Controllers\BaseController.php(147): App\Models\CartModel->__construct()
 2 APPPATH\Controllers\AjaxController.php(20): App\Controllers\BaseController->initController(Object(CodeIgniter\HTTP\IncomingRequest), Object(CodeIgniter\HTTP\Response), Object(CodeIgniter\Log\Logger))
 3 SYSTEMPATH\CodeIgniter.php(904): App\Controllers\AjaxController->initController(Object(CodeIgniter\HTTP\IncomingRequest), Object(CodeIgniter\HTTP\Response), Object(CodeIgniter\Log\Logger))
 4 SYSTEMPATH\CodeIgniter.php(498): CodeIgniter\CodeIgniter->createController()
 5 SYSTEMPATH\CodeIgniter.php(354): CodeIgniter\CodeIgniter->handleRequest(null, Object(Config\Cache), false)
 6 SYSTEMPATH\Boot.php(363): CodeIgniter\CodeIgniter->run()
 7 SYSTEMPATH\Boot.php(68): CodeIgniter\Boot::runCodeIgniter(Object(CodeIgniter\CodeIgniter))
 8 FCPATH\index.php(67): CodeIgniter\Boot::bootWeb(Object(Config\Paths))
WARNING - 2026-02-18 03:25:06 --> [DEPRECATED] Creation of dynamic property App\Models\CartModel::$builderCheckoutItems is deprecated in APPPATH\Models\CartModel.php on line 16.
 1 APPPATH\Controllers\BaseController.php(147): App\Models\CartModel->__construct()
 2 APPPATH\Controllers\AjaxController.php(20): App\Controllers\BaseController->initController(Object(CodeIgniter\HTTP\IncomingRequest), Object(CodeIgniter\HTTP\Response), Object(CodeIgniter\Log\Logger))
 3 SYSTEMPATH\CodeIgniter.php(904): App\Controllers\AjaxController->initController(Object(CodeIgniter\HTTP\IncomingRequest), Object(CodeIgniter\HTTP\Response), Object(CodeIgniter\Log\Logger))
 4 SYSTEMPATH\CodeIgniter.php(498): CodeIgniter\CodeIgniter->createController()
 5 SYSTEMPATH\CodeIgniter.php(354): CodeIgniter\CodeIgniter->handleRequest(null, Object(Config\Cache), false)
 6 SYSTEMPATH\Boot.php(363): CodeIgniter\CodeIgniter->run()
 7 SYSTEMPATH\Boot.php(68): CodeIgniter\Boot::runCodeIgniter(Object(CodeIgniter\CodeIgniter))
 8 FCPATH\index.php(67): CodeIgniter\Boot::bootWeb(Object(Config\Paths))
WARNING - 2026-02-18 03:25:06 --> [DEPRECATED] Creation of dynamic property App\Models\CartModel::$builderPaymentMethods is deprecated in APPPATH\Models\CartModel.php on line 17.
 1 APPPATH\Controllers\BaseController.php(147): App\Models\CartModel->__construct()
 2 APPPATH\Controllers\AjaxController.php(20): App\Controllers\BaseController->initController(Object(CodeIgniter\HTTP\IncomingRequest), Object(CodeIgniter\HTTP\Response), Object(CodeIgniter\Log\Logger))
 3 SYSTEMPATH\CodeIgniter.php(904): App\Controllers\AjaxController->initController(Object(CodeIgniter\HTTP\IncomingRequest), Object(CodeIgniter\HTTP\Response), Object(CodeIgniter\Log\Logger))
 4 SYSTEMPATH\CodeIgniter.php(498): CodeIgniter\CodeIgniter->createController()
 5 SYSTEMPATH\CodeIgniter.php(354): CodeIgniter\CodeIgniter->handleRequest(null, Object(Config\Cache), false)
 6 SYSTEMPATH\Boot.php(363): CodeIgniter\CodeIgniter->run()
 7 SYSTEMPATH\Boot.php(68): CodeIgniter\Boot::runCodeIgniter(Object(CodeIgniter\CodeIgniter))
 8 FCPATH\index.php(67): CodeIgniter\Boot::bootWeb(Object(Config\Paths))
WARNING - 2026-02-18 03:25:10 --> [DEPRECATED] Creation of dynamic property App\Models\CartModel::$builderCheckouts is deprecated in APPPATH\Models\CartModel.php on line 15.
 1 APPPATH\Controllers\BaseController.php(147): App\Models\CartModel->__construct()
 2 APPPATH\Controllers\OrderController.php(18): App\Controllers\BaseController->initController(Object(CodeIgniter\HTTP\IncomingRequest), Object(CodeIgniter\HTTP\Response), Object(CodeIgniter\Log\Logger))
 3 SYSTEMPATH\CodeIgniter.php(904): App\Controllers\OrderController->initController(Object(CodeIgniter\HTTP\IncomingRequest), Object(CodeIgniter\HTTP\Response), Object(CodeIgniter\Log\Logger))
 4 SYSTEMPATH\CodeIgniter.php(498): CodeIgniter\CodeIgniter->createController()
 5 SYSTEMPATH\CodeIgniter.php(354): CodeIgniter\CodeIgniter->handleRequest(null, Object(Config\Cache), false)
 6 SYSTEMPATH\Boot.php(363): CodeIgniter\CodeIgniter->run()
 7 SYSTEMPATH\Boot.php(68): CodeIgniter\Boot::runCodeIgniter(Object(CodeIgniter\CodeIgniter))
 8 FCPATH\index.php(67): CodeIgniter\Boot::bootWeb(Object(Config\Paths))
WARNING - 2026-02-18 03:25:10 --> [DEPRECATED] Creation of dynamic property App\Models\CartModel::$builderCheckoutItems is deprecated in APPPATH\Models\CartModel.php on line 16.
 1 APPPATH\Controllers\BaseController.php(147): App\Models\CartModel->__construct()
 2 APPPATH\Controllers\OrderController.php(18): App\Controllers\BaseController->initController(Object(CodeIgniter\HTTP\IncomingRequest), Object(CodeIgniter\HTTP\Response), Object(CodeIgniter\Log\Logger))
 3 SYSTEMPATH\CodeIgniter.php(904): App\Controllers\OrderController->initController(Object(CodeIgniter\HTTP\IncomingRequest), Object(CodeIgniter\HTTP\Response), Object(CodeIgniter\Log\Logger))
 4 SYSTEMPATH\CodeIgniter.php(498): CodeIgniter\CodeIgniter->createController()
 5 SYSTEMPATH\CodeIgniter.php(354): CodeIgniter\CodeIgniter->handleRequest(null, Object(Config\Cache), false)
 6 SYSTEMPATH\Boot.php(363): CodeIgniter\CodeIgniter->run()
 7 SYSTEMPATH\Boot.php(68): CodeIgniter\Boot::runCodeIgniter(Object(CodeIgniter\CodeIgniter))
 8 FCPATH\index.php(67): CodeIgniter\Boot::bootWeb(Object(Config\Paths))
WARNING - 2026-02-18 03:25:10 --> [DEPRECATED] Creation of dynamic property App\Models\CartModel::$builderPaymentMethods is deprecated in APPPATH\Models\CartModel.php on line 17.
 1 APPPATH\Controllers\BaseController.php(147): App\Models\CartModel->__construct()
 2 APPPATH\Controllers\OrderController.php(18): App\Controllers\BaseController->initController(Object(CodeIgniter\HTTP\IncomingRequest), Object(CodeIgniter\HTTP\Response), Object(CodeIgniter\Log\Logger))
 3 SYSTEMPATH\CodeIgniter.php(904): App\Controllers\OrderController->initController(Object(CodeIgniter\HTTP\IncomingRequest), Object(CodeIgniter\HTTP\Response), Object(CodeIgniter\Log\Logger))
 4 SYSTEMPATH\CodeIgniter.php(498): CodeIgniter\CodeIgniter->createController()
 5 SYSTEMPATH\CodeIgniter.php(354): CodeIgniter\CodeIgniter->handleRequest(null, Object(Config\Cache), false)
 6 SYSTEMPATH\Boot.php(363): CodeIgniter\CodeIgniter->run()
 7 SYSTEMPATH\Boot.php(68): CodeIgniter\Boot::runCodeIgniter(Object(CodeIgniter\CodeIgniter))
 8 FCPATH\index.php(67): CodeIgniter\Boot::bootWeb(Object(Config\Paths))
WARNING - 2026-02-18 03:25:10 --> [DEPRECATED] Creation of dynamic property App\Models\CartModel::$builderCheckouts is deprecated in APPPATH\Models\CartModel.php on line 15.
 1 APPPATH\Controllers\BaseController.php(147): App\Models\CartModel->__construct()
 2 APPPATH\Controllers\AjaxController.php(20): App\Controllers\BaseController->initController(Object(CodeIgniter\HTTP\IncomingRequest), Object(CodeIgniter\HTTP\Response), Object(CodeIgniter\Log\Logger))
 3 SYSTEMPATH\CodeIgniter.php(904): App\Controllers\AjaxController->initController(Object(CodeIgniter\HTTP\IncomingRequest), Object(CodeIgniter\HTTP\Response), Object(CodeIgniter\Log\Logger))
 4 SYSTEMPATH\CodeIgniter.php(498): CodeIgniter\CodeIgniter->createController()
 5 SYSTEMPATH\CodeIgniter.php(354): CodeIgniter\CodeIgniter->handleRequest(null, Object(Config\Cache), false)
 6 SYSTEMPATH\Boot.php(363): CodeIgniter\CodeIgniter->run()
 7 SYSTEMPATH\Boot.php(68): CodeIgniter\Boot::runCodeIgniter(Object(CodeIgniter\CodeIgniter))
 8 FCPATH\index.php(67): CodeIgniter\Boot::bootWeb(Object(Config\Paths))
WARNING - 2026-02-18 03:25:10 --> [DEPRECATED] Creation of dynamic property App\Models\CartModel::$builderCheckoutItems is deprecated in APPPATH\Models\CartModel.php on line 16.
 1 APPPATH\Controllers\BaseController.php(147): App\Models\CartModel->__construct()
 2 APPPATH\Controllers\AjaxController.php(20): App\Controllers\BaseController->initController(Object(CodeIgniter\HTTP\IncomingRequest), Object(CodeIgniter\HTTP\Response), Object(CodeIgniter\Log\Logger))
 3 SYSTEMPATH\CodeIgniter.php(904): App\Controllers\AjaxController->initController(Object(CodeIgniter\HTTP\IncomingRequest), Object(CodeIgniter\HTTP\Response), Object(CodeIgniter\Log\Logger))
 4 SYSTEMPATH\CodeIgniter.php(498): CodeIgniter\CodeIgniter->createController()
 5 SYSTEMPATH\CodeIgniter.php(354): CodeIgniter\CodeIgniter->handleRequest(null, Object(Config\Cache), false)
 6 SYSTEMPATH\Boot.php(363): CodeIgniter\CodeIgniter->run()
 7 SYSTEMPATH\Boot.php(68): CodeIgniter\Boot::runCodeIgniter(Object(CodeIgniter\CodeIgniter))
 8 FCPATH\index.php(67): CodeIgniter\Boot::bootWeb(Object(Config\Paths))
WARNING - 2026-02-18 03:25:10 --> [DEPRECATED] Creation of dynamic property App\Models\CartModel::$builderPaymentMethods is deprecated in APPPATH\Models\CartModel.php on line 17.
 1 APPPATH\Controllers\BaseController.php(147): App\Models\CartModel->__construct()
 2 APPPATH\Controllers\AjaxController.php(20): App\Controllers\BaseController->initController(Object(CodeIgniter\HTTP\IncomingRequest), Object(CodeIgniter\HTTP\Response), Object(CodeIgniter\Log\Logger))
 3 SYSTEMPATH\CodeIgniter.php(904): App\Controllers\AjaxController->initController(Object(CodeIgniter\HTTP\IncomingRequest), Object(CodeIgniter\HTTP\Response), Object(CodeIgniter\Log\Logger))
 4 SYSTEMPATH\CodeIgniter.php(498): CodeIgniter\CodeIgniter->createController()
 5 SYSTEMPATH\CodeIgniter.php(354): CodeIgniter\CodeIgniter->handleRequest(null, Object(Config\Cache), false)
 6 SYSTEMPATH\Boot.php(363): CodeIgniter\CodeIgniter->run()
 7 SYSTEMPATH\Boot.php(68): CodeIgniter\Boot::runCodeIgniter(Object(CodeIgniter\CodeIgniter))
 8 FCPATH\index.php(67): CodeIgniter\Boot::bootWeb(Object(Config\Paths))
WARNING - 2026-02-18 03:38:35 --> [DEPRECATED] Creation of dynamic property App\Models\CartModel::$builderCheckouts is deprecated in APPPATH\Models\CartModel.php on line 15.
 1 APPPATH\Controllers\BaseController.php(147): App\Models\CartModel->__construct()
 2 APPPATH\Controllers\CartController.php(25): App\Controllers\BaseController->initController(Object(CodeIgniter\HTTP\IncomingRequest), Object(CodeIgniter\HTTP\Response), Object(CodeIgniter\Log\Logger))
 3 SYSTEMPATH\CodeIgniter.php(904): App\Controllers\CartController->initController(Object(CodeIgniter\HTTP\IncomingRequest), Object(CodeIgniter\HTTP\Response), Object(CodeIgniter\Log\Logger))
 4 SYSTEMPATH\CodeIgniter.php(498): CodeIgniter\CodeIgniter->createController()
 5 SYSTEMPATH\CodeIgniter.php(354): CodeIgniter\CodeIgniter->handleRequest(null, Object(Config\Cache), false)
 6 SYSTEMPATH\Boot.php(363): CodeIgniter\CodeIgniter->run()
 7 SYSTEMPATH\Boot.php(68): CodeIgniter\Boot::runCodeIgniter(Object(CodeIgniter\CodeIgniter))
 8 FCPATH\index.php(67): CodeIgniter\Boot::bootWeb(Object(Config\Paths))
WARNING - 2026-02-18 03:38:35 --> [DEPRECATED] Creation of dynamic property App\Models\CartModel::$builderCheckoutItems is deprecated in APPPATH\Models\CartModel.php on line 16.
 1 APPPATH\Controllers\BaseController.php(147): App\Models\CartModel->__construct()
 2 APPPATH\Controllers\CartController.php(25): App\Controllers\BaseController->initController(Object(CodeIgniter\HTTP\IncomingRequest), Object(CodeIgniter\HTTP\Response), Object(CodeIgniter\Log\Logger))
 3 SYSTEMPATH\CodeIgniter.php(904): App\Controllers\CartController->initController(Object(CodeIgniter\HTTP\IncomingRequest), Object(CodeIgniter\HTTP\Response), Object(CodeIgniter\Log\Logger))
 4 SYSTEMPATH\CodeIgniter.php(498): CodeIgniter\CodeIgniter->createController()
 5 SYSTEMPATH\CodeIgniter.php(354): CodeIgniter\CodeIgniter->handleRequest(null, Object(Config\Cache), false)
 6 SYSTEMPATH\Boot.php(363): CodeIgniter\CodeIgniter->run()
 7 SYSTEMPATH\Boot.php(68): CodeIgniter\Boot::runCodeIgniter(Object(CodeIgniter\CodeIgniter))
 8 FCPATH\index.php(67): CodeIgniter\Boot::bootWeb(Object(Config\Paths))
WARNING - 2026-02-18 03:38:35 --> [DEPRECATED] Creation of dynamic property App\Models\CartModel::$builderPaymentMethods is deprecated in APPPATH\Models\CartModel.php on line 17.
 1 APPPATH\Controllers\BaseController.php(147): App\Models\CartModel->__construct()
 2 APPPATH\Controllers\CartController.php(25): App\Controllers\BaseController->initController(Object(CodeIgniter\HTTP\IncomingRequest), Object(CodeIgniter\HTTP\Response), Object(CodeIgniter\Log\Logger))
 3 SYSTEMPATH\CodeIgniter.php(904): App\Controllers\CartController->initController(Object(CodeIgniter\HTTP\IncomingRequest), Object(CodeIgniter\HTTP\Response), Object(CodeIgniter\Log\Logger))
 4 SYSTEMPATH\CodeIgniter.php(498): CodeIgniter\CodeIgniter->createController()
 5 SYSTEMPATH\CodeIgniter.php(354): CodeIgniter\CodeIgniter->handleRequest(null, Object(Config\Cache), false)
 6 SYSTEMPATH\Boot.php(363): CodeIgniter\CodeIgniter->run()
 7 SYSTEMPATH\Boot.php(68): CodeIgniter\Boot::runCodeIgniter(Object(CodeIgniter\CodeIgniter))
 8 FCPATH\index.php(67): CodeIgniter\Boot::bootWeb(Object(Config\Paths))
WARNING - 2026-02-18 03:38:35 --> [DEPRECATED] Creation of dynamic property App\Models\CartModel::$builderCheckouts is deprecated in APPPATH\Models\CartModel.php on line 15.
 1 APPPATH\Controllers\CartController.php(26): App\Models\CartModel->__construct()
 2 SYSTEMPATH\CodeIgniter.php(904): App\Controllers\CartController->initController(Object(CodeIgniter\HTTP\IncomingRequest), Object(CodeIgniter\HTTP\Response), Object(CodeIgniter\Log\Logger))
 3 SYSTEMPATH\CodeIgniter.php(498): CodeIgniter\CodeIgniter->createController()
 4 SYSTEMPATH\CodeIgniter.php(354): CodeIgniter\CodeIgniter->handleRequest(null, Object(Config\Cache), false)
 5 SYSTEMPATH\Boot.php(363): CodeIgniter\CodeIgniter->run()
 6 SYSTEMPATH\Boot.php(68): CodeIgniter\Boot::runCodeIgniter(Object(CodeIgniter\CodeIgniter))
 7 FCPATH\index.php(67): CodeIgniter\Boot::bootWeb(Object(Config\Paths))
WARNING - 2026-02-18 03:38:35 --> [DEPRECATED] Creation of dynamic property App\Models\CartModel::$builderCheckoutItems is deprecated in APPPATH\Models\CartModel.php on line 16.
 1 APPPATH\Controllers\CartController.php(26): App\Models\CartModel->__construct()
 2 SYSTEMPATH\CodeIgniter.php(904): App\Controllers\CartController->initController(Object(CodeIgniter\HTTP\IncomingRequest), Object(CodeIgniter\HTTP\Response), Object(CodeIgniter\Log\Logger))
 3 SYSTEMPATH\CodeIgniter.php(498): CodeIgniter\CodeIgniter->createController()
 4 SYSTEMPATH\CodeIgniter.php(354): CodeIgniter\CodeIgniter->handleRequest(null, Object(Config\Cache), false)
 5 SYSTEMPATH\Boot.php(363): CodeIgniter\CodeIgniter->run()
 6 SYSTEMPATH\Boot.php(68): CodeIgniter\Boot::runCodeIgniter(Object(CodeIgniter\CodeIgniter))
 7 FCPATH\index.php(67): CodeIgniter\Boot::bootWeb(Object(Config\Paths))
WARNING - 2026-02-18 03:38:35 --> [DEPRECATED] Creation of dynamic property App\Models\CartModel::$builderPaymentMethods is deprecated in APPPATH\Models\CartModel.php on line 17.
 1 APPPATH\Controllers\CartController.php(26): App\Models\CartModel->__construct()
 2 SYSTEMPATH\CodeIgniter.php(904): App\Controllers\CartController->initController(Object(CodeIgniter\HTTP\IncomingRequest), Object(CodeIgniter\HTTP\Response), Object(CodeIgniter\Log\Logger))
 3 SYSTEMPATH\CodeIgniter.php(498): CodeIgniter\CodeIgniter->createController()
 4 SYSTEMPATH\CodeIgniter.php(354): CodeIgniter\CodeIgniter->handleRequest(null, Object(Config\Cache), false)
 5 SYSTEMPATH\Boot.php(363): CodeIgniter\CodeIgniter->run()
 6 SYSTEMPATH\Boot.php(68): CodeIgniter\Boot::runCodeIgniter(Object(CodeIgniter\CodeIgniter))
 7 FCPATH\index.php(67): CodeIgniter\Boot::bootWeb(Object(Config\Paths))
WARNING - 2026-02-18 03:38:35 --> [DEPRECATED] Creation of dynamic property App\Controllers\CartController::$apiKey is deprecated in APPPATH\Controllers\CartController.php on line 34.
 1 SYSTEMPATH\CodeIgniter.php(904): App\Controllers\CartController->initController(Object(CodeIgniter\HTTP\IncomingRequest), Object(CodeIgniter\HTTP\Response), Object(CodeIgniter\Log\Logger))
 2 SYSTEMPATH\CodeIgniter.php(498): CodeIgniter\CodeIgniter->createController()
 3 SYSTEMPATH\CodeIgniter.php(354): CodeIgniter\CodeIgniter->handleRequest(null, Object(Config\Cache), false)
 4 SYSTEMPATH\Boot.php(363): CodeIgniter\CodeIgniter->run()
 5 SYSTEMPATH\Boot.php(68): CodeIgniter\Boot::runCodeIgniter(Object(CodeIgniter\CodeIgniter))
 6 FCPATH\index.php(67): CodeIgniter\Boot::bootWeb(Object(Config\Paths))
WARNING - 2026-02-18 03:38:35 --> [DEPRECATED] Creation of dynamic property App\Models\CartModel::$builderCheckouts is deprecated in APPPATH\Models\CartModel.php on line 15.
 1 APPPATH\Controllers\BaseController.php(147): App\Models\CartModel->__construct()
 2 APPPATH\Controllers\AjaxController.php(20): App\Controllers\BaseController->initController(Object(CodeIgniter\HTTP\IncomingRequest), Object(CodeIgniter\HTTP\Response), Object(CodeIgniter\Log\Logger))
 3 SYSTEMPATH\CodeIgniter.php(904): App\Controllers\AjaxController->initController(Object(CodeIgniter\HTTP\IncomingRequest), Object(CodeIgniter\HTTP\Response), Object(CodeIgniter\Log\Logger))
 4 SYSTEMPATH\CodeIgniter.php(498): CodeIgniter\CodeIgniter->createController()
 5 SYSTEMPATH\CodeIgniter.php(354): CodeIgniter\CodeIgniter->handleRequest(null, Object(Config\Cache), false)
 6 SYSTEMPATH\Boot.php(363): CodeIgniter\CodeIgniter->run()
 7 SYSTEMPATH\Boot.php(68): CodeIgniter\Boot::runCodeIgniter(Object(CodeIgniter\CodeIgniter))
 8 FCPATH\index.php(67): CodeIgniter\Boot::bootWeb(Object(Config\Paths))
WARNING - 2026-02-18 03:38:35 --> [DEPRECATED] Creation of dynamic property App\Models\CartModel::$builderCheckoutItems is deprecated in APPPATH\Models\CartModel.php on line 16.
 1 APPPATH\Controllers\BaseController.php(147): App\Models\CartModel->__construct()
 2 APPPATH\Controllers\AjaxController.php(20): App\Controllers\BaseController->initController(Object(CodeIgniter\HTTP\IncomingRequest), Object(CodeIgniter\HTTP\Response), Object(CodeIgniter\Log\Logger))
 3 SYSTEMPATH\CodeIgniter.php(904): App\Controllers\AjaxController->initController(Object(CodeIgniter\HTTP\IncomingRequest), Object(CodeIgniter\HTTP\Response), Object(CodeIgniter\Log\Logger))
 4 SYSTEMPATH\CodeIgniter.php(498): CodeIgniter\CodeIgniter->createController()
 5 SYSTEMPATH\CodeIgniter.php(354): CodeIgniter\CodeIgniter->handleRequest(null, Object(Config\Cache), false)
 6 SYSTEMPATH\Boot.php(363): CodeIgniter\CodeIgniter->run()
 7 SYSTEMPATH\Boot.php(68): CodeIgniter\Boot::runCodeIgniter(Object(CodeIgniter\CodeIgniter))
 8 FCPATH\index.php(67): CodeIgniter\Boot::bootWeb(Object(Config\Paths))
WARNING - 2026-02-18 03:38:35 --> [DEPRECATED] Creation of dynamic property App\Models\CartModel::$builderPaymentMethods is deprecated in APPPATH\Models\CartModel.php on line 17.
 1 APPPATH\Controllers\BaseController.php(147): App\Models\CartModel->__construct()
 2 APPPATH\Controllers\AjaxController.php(20): App\Controllers\BaseController->initController(Object(CodeIgniter\HTTP\IncomingRequest), Object(CodeIgniter\HTTP\Response), Object(CodeIgniter\Log\Logger))
 3 SYSTEMPATH\CodeIgniter.php(904): App\Controllers\AjaxController->initController(Object(CodeIgniter\HTTP\IncomingRequest), Object(CodeIgniter\HTTP\Response), Object(CodeIgniter\Log\Logger))
 4 SYSTEMPATH\CodeIgniter.php(498): CodeIgniter\CodeIgniter->createController()
 5 SYSTEMPATH\CodeIgniter.php(354): CodeIgniter\CodeIgniter->handleRequest(null, Object(Config\Cache), false)
 6 SYSTEMPATH\Boot.php(363): CodeIgniter\CodeIgniter->run()
 7 SYSTEMPATH\Boot.php(68): CodeIgniter\Boot::runCodeIgniter(Object(CodeIgniter\CodeIgniter))
 8 FCPATH\index.php(67): CodeIgniter\Boot::bootWeb(Object(Config\Paths))
WARNING - 2026-02-18 03:38:38 --> [DEPRECATED] Creation of dynamic property App\Models\CartModel::$builderCheckouts is deprecated in APPPATH\Models\CartModel.php on line 15.
 1 APPPATH\Controllers\BaseController.php(147): App\Models\CartModel->__construct()
 2 APPPATH\Controllers\CartController.php(25): App\Controllers\BaseController->initController(Object(CodeIgniter\HTTP\IncomingRequest), Object(CodeIgniter\HTTP\Response), Object(CodeIgniter\Log\Logger))
 3 SYSTEMPATH\CodeIgniter.php(904): App\Controllers\CartController->initController(Object(CodeIgniter\HTTP\IncomingRequest), Object(CodeIgniter\HTTP\Response), Object(CodeIgniter\Log\Logger))
 4 SYSTEMPATH\CodeIgniter.php(498): CodeIgniter\CodeIgniter->createController()
 5 SYSTEMPATH\CodeIgniter.php(354): CodeIgniter\CodeIgniter->handleRequest(null, Object(Config\Cache), false)
 6 SYSTEMPATH\Boot.php(363): CodeIgniter\CodeIgniter->run()
 7 SYSTEMPATH\Boot.php(68): CodeIgniter\Boot::runCodeIgniter(Object(CodeIgniter\CodeIgniter))
 8 FCPATH\index.php(67): CodeIgniter\Boot::bootWeb(Object(Config\Paths))
WARNING - 2026-02-18 03:38:38 --> [DEPRECATED] Creation of dynamic property App\Models\CartModel::$builderCheckoutItems is deprecated in APPPATH\Models\CartModel.php on line 16.
 1 APPPATH\Controllers\BaseController.php(147): App\Models\CartModel->__construct()
 2 APPPATH\Controllers\CartController.php(25): App\Controllers\BaseController->initController(Object(CodeIgniter\HTTP\IncomingRequest), Object(CodeIgniter\HTTP\Response), Object(CodeIgniter\Log\Logger))
 3 SYSTEMPATH\CodeIgniter.php(904): App\Controllers\CartController->initController(Object(CodeIgniter\HTTP\IncomingRequest), Object(CodeIgniter\HTTP\Response), Object(CodeIgniter\Log\Logger))
 4 SYSTEMPATH\CodeIgniter.php(498): CodeIgniter\CodeIgniter->createController()
 5 SYSTEMPATH\CodeIgniter.php(354): CodeIgniter\CodeIgniter->handleRequest(null, Object(Config\Cache), false)
 6 SYSTEMPATH\Boot.php(363): CodeIgniter\CodeIgniter->run()
 7 SYSTEMPATH\Boot.php(68): CodeIgniter\Boot::runCodeIgniter(Object(CodeIgniter\CodeIgniter))
 8 FCPATH\index.php(67): CodeIgniter\Boot::bootWeb(Object(Config\Paths))
WARNING - 2026-02-18 03:38:38 --> [DEPRECATED] Creation of dynamic property App\Models\CartModel::$builderPaymentMethods is deprecated in APPPATH\Models\CartModel.php on line 17.
 1 APPPATH\Controllers\BaseController.php(147): App\Models\CartModel->__construct()
 2 APPPATH\Controllers\CartController.php(25): App\Controllers\BaseController->initController(Object(CodeIgniter\HTTP\IncomingRequest), Object(CodeIgniter\HTTP\Response), Object(CodeIgniter\Log\Logger))
 3 SYSTEMPATH\CodeIgniter.php(904): App\Controllers\CartController->initController(Object(CodeIgniter\HTTP\IncomingRequest), Object(CodeIgniter\HTTP\Response), Object(CodeIgniter\Log\Logger))
 4 SYSTEMPATH\CodeIgniter.php(498): CodeIgniter\CodeIgniter->createController()
 5 SYSTEMPATH\CodeIgniter.php(354): CodeIgniter\CodeIgniter->handleRequest(null, Object(Config\Cache), false)
 6 SYSTEMPATH\Boot.php(363): CodeIgniter\CodeIgniter->run()
 7 SYSTEMPATH\Boot.php(68): CodeIgniter\Boot::runCodeIgniter(Object(CodeIgniter\CodeIgniter))
 8 FCPATH\index.php(67): CodeIgniter\Boot::bootWeb(Object(Config\Paths))
WARNING - 2026-02-18 03:38:38 --> [DEPRECATED] Creation of dynamic property App\Models\CartModel::$builderCheckouts is deprecated in APPPATH\Models\CartModel.php on line 15.
 1 APPPATH\Controllers\CartController.php(26): App\Models\CartModel->__construct()
 2 SYSTEMPATH\CodeIgniter.php(904): App\Controllers\CartController->initController(Object(CodeIgniter\HTTP\IncomingRequest), Object(CodeIgniter\HTTP\Response), Object(CodeIgniter\Log\Logger))
 3 SYSTEMPATH\CodeIgniter.php(498): CodeIgniter\CodeIgniter->createController()
 4 SYSTEMPATH\CodeIgniter.php(354): CodeIgniter\CodeIgniter->handleRequest(null, Object(Config\Cache), false)
 5 SYSTEMPATH\Boot.php(363): CodeIgniter\CodeIgniter->run()
 6 SYSTEMPATH\Boot.php(68): CodeIgniter\Boot::runCodeIgniter(Object(CodeIgniter\CodeIgniter))
 7 FCPATH\index.php(67): CodeIgniter\Boot::bootWeb(Object(Config\Paths))
WARNING - 2026-02-18 03:38:38 --> [DEPRECATED] Creation of dynamic property App\Models\CartModel::$builderCheckoutItems is deprecated in APPPATH\Models\CartModel.php on line 16.
 1 APPPATH\Controllers\CartController.php(26): App\Models\CartModel->__construct()
 2 SYSTEMPATH\CodeIgniter.php(904): App\Controllers\CartController->initController(Object(CodeIgniter\HTTP\IncomingRequest), Object(CodeIgniter\HTTP\Response), Object(CodeIgniter\Log\Logger))
 3 SYSTEMPATH\CodeIgniter.php(498): CodeIgniter\CodeIgniter->createController()
 4 SYSTEMPATH\CodeIgniter.php(354): CodeIgniter\CodeIgniter->handleRequest(null, Object(Config\Cache), false)
 5 SYSTEMPATH\Boot.php(363): CodeIgniter\CodeIgniter->run()
 6 SYSTEMPATH\Boot.php(68): CodeIgniter\Boot::runCodeIgniter(Object(CodeIgniter\CodeIgniter))
 7 FCPATH\index.php(67): CodeIgniter\Boot::bootWeb(Object(Config\Paths))
WARNING - 2026-02-18 03:38:38 --> [DEPRECATED] Creation of dynamic property App\Models\CartModel::$builderPaymentMethods is deprecated in APPPATH\Models\CartModel.php on line 17.
 1 APPPATH\Controllers\CartController.php(26): App\Models\CartModel->__construct()
 2 SYSTEMPATH\CodeIgniter.php(904): App\Controllers\CartController->initController(Object(CodeIgniter\HTTP\IncomingRequest), Object(CodeIgniter\HTTP\Response), Object(CodeIgniter\Log\Logger))
 3 SYSTEMPATH\CodeIgniter.php(498): CodeIgniter\CodeIgniter->createController()
 4 SYSTEMPATH\CodeIgniter.php(354): CodeIgniter\CodeIgniter->handleRequest(null, Object(Config\Cache), false)
 5 SYSTEMPATH\Boot.php(363): CodeIgniter\CodeIgniter->run()
 6 SYSTEMPATH\Boot.php(68): CodeIgniter\Boot::runCodeIgniter(Object(CodeIgniter\CodeIgniter))
 7 FCPATH\index.php(67): CodeIgniter\Boot::bootWeb(Object(Config\Paths))
WARNING - 2026-02-18 03:38:38 --> [DEPRECATED] Creation of dynamic property App\Controllers\CartController::$apiKey is deprecated in APPPATH\Controllers\CartController.php on line 34.
 1 SYSTEMPATH\CodeIgniter.php(904): App\Controllers\CartController->initController(Object(CodeIgniter\HTTP\IncomingRequest), Object(CodeIgniter\HTTP\Response), Object(CodeIgniter\Log\Logger))
 2 SYSTEMPATH\CodeIgniter.php(498): CodeIgniter\CodeIgniter->createController()
 3 SYSTEMPATH\CodeIgniter.php(354): CodeIgniter\CodeIgniter->handleRequest(null, Object(Config\Cache), false)
 4 SYSTEMPATH\Boot.php(363): CodeIgniter\CodeIgniter->run()
 5 SYSTEMPATH\Boot.php(68): CodeIgniter\Boot::runCodeIgniter(Object(CodeIgniter\CodeIgniter))
 6 FCPATH\index.php(67): CodeIgniter\Boot::bootWeb(Object(Config\Paths))
WARNING - 2026-02-18 03:38:38 --> [DEPRECATED] Creation of dynamic property App\Services\OngkirService::$baseUrl is deprecated in APPPATH\Services\OngkirService.php on line 11.
 1 APPPATH\Controllers\CartController.php(186): App\Services\OngkirService->__construct()
 2 SYSTEMPATH\CodeIgniter.php(933): App\Controllers\CartController->shipping()
 3 SYSTEMPATH\CodeIgniter.php(507): CodeIgniter\CodeIgniter->runController(Object(App\Controllers\CartController))
 4 SYSTEMPATH\CodeIgniter.php(354): CodeIgniter\CodeIgniter->handleRequest(null, Object(Config\Cache), false)
 5 SYSTEMPATH\Boot.php(363): CodeIgniter\CodeIgniter->run()
 6 SYSTEMPATH\Boot.php(68): CodeIgniter\Boot::runCodeIgniter(Object(CodeIgniter\CodeIgniter))
 7 FCPATH\index.php(67): CodeIgniter\Boot::bootWeb(Object(Config\Paths))
WARNING - 2026-02-18 03:38:38 --> [DEPRECATED] Creation of dynamic property App\Services\OngkirService::$CALCULATE_DELIVERY_COST is deprecated in APPPATH\Services\OngkirService.php on line 12.
 1 APPPATH\Controllers\CartController.php(186): App\Services\OngkirService->__construct()
 2 SYSTEMPATH\CodeIgniter.php(933): App\Controllers\CartController->shipping()
 3 SYSTEMPATH\CodeIgniter.php(507): CodeIgniter\CodeIgniter->runController(Object(App\Controllers\CartController))
 4 SYSTEMPATH\CodeIgniter.php(354): CodeIgniter\CodeIgniter->handleRequest(null, Object(Config\Cache), false)
 5 SYSTEMPATH\Boot.php(363): CodeIgniter\CodeIgniter->run()
 6 SYSTEMPATH\Boot.php(68): CodeIgniter\Boot::runCodeIgniter(Object(CodeIgniter\CodeIgniter))
 7 FCPATH\index.php(67): CodeIgniter\Boot::bootWeb(Object(Config\Paths))
WARNING - 2026-02-18 03:38:38 --> [DEPRECATED] Creation of dynamic property App\Services\OngkirService::$apiKey is deprecated in APPPATH\Services\OngkirService.php on line 13.
 1 APPPATH\Controllers\CartController.php(186): App\Services\OngkirService->__construct()
 2 SYSTEMPATH\CodeIgniter.php(933): App\Controllers\CartController->shipping()
 3 SYSTEMPATH\CodeIgniter.php(507): CodeIgniter\CodeIgniter->runController(Object(App\Controllers\CartController))
 4 SYSTEMPATH\CodeIgniter.php(354): CodeIgniter\CodeIgniter->handleRequest(null, Object(Config\Cache), false)
 5 SYSTEMPATH\Boot.php(363): CodeIgniter\CodeIgniter->run()
 6 SYSTEMPATH\Boot.php(68): CodeIgniter\Boot::runCodeIgniter(Object(CodeIgniter\CodeIgniter))
 7 FCPATH\index.php(67): CodeIgniter\Boot::bootWeb(Object(Config\Paths))
WARNING - 2026-02-18 03:38:38 --> [DEPRECATED] Creation of dynamic property App\Services\OngkirService::$listCourier is deprecated in APPPATH\Services\OngkirService.php on line 14.
 1 APPPATH\Controllers\CartController.php(186): App\Services\OngkirService->__construct()
 2 SYSTEMPATH\CodeIgniter.php(933): App\Controllers\CartController->shipping()
 3 SYSTEMPATH\CodeIgniter.php(507): CodeIgniter\CodeIgniter->runController(Object(App\Controllers\CartController))
 4 SYSTEMPATH\CodeIgniter.php(354): CodeIgniter\CodeIgniter->handleRequest(null, Object(Config\Cache), false)
 5 SYSTEMPATH\Boot.php(363): CodeIgniter\CodeIgniter->run()
 6 SYSTEMPATH\Boot.php(68): CodeIgniter\Boot::runCodeIgniter(Object(CodeIgniter\CodeIgniter))
 7 FCPATH\index.php(67): CodeIgniter\Boot::bootWeb(Object(Config\Paths))
WARNING - 2026-02-18 03:38:39 --> [DEPRECATED] Creation of dynamic property App\Models\CartModel::$builderCheckouts is deprecated in APPPATH\Models\CartModel.php on line 15.
 1 APPPATH\Controllers\BaseController.php(147): App\Models\CartModel->__construct()
 2 APPPATH\Controllers\AjaxController.php(20): App\Controllers\BaseController->initController(Object(CodeIgniter\HTTP\IncomingRequest), Object(CodeIgniter\HTTP\Response), Object(CodeIgniter\Log\Logger))
 3 SYSTEMPATH\CodeIgniter.php(904): App\Controllers\AjaxController->initController(Object(CodeIgniter\HTTP\IncomingRequest), Object(CodeIgniter\HTTP\Response), Object(CodeIgniter\Log\Logger))
 4 SYSTEMPATH\CodeIgniter.php(498): CodeIgniter\CodeIgniter->createController()
 5 SYSTEMPATH\CodeIgniter.php(354): CodeIgniter\CodeIgniter->handleRequest(null, Object(Config\Cache), false)
 6 SYSTEMPATH\Boot.php(363): CodeIgniter\CodeIgniter->run()
 7 SYSTEMPATH\Boot.php(68): CodeIgniter\Boot::runCodeIgniter(Object(CodeIgniter\CodeIgniter))
 8 FCPATH\index.php(67): CodeIgniter\Boot::bootWeb(Object(Config\Paths))
WARNING - 2026-02-18 03:38:39 --> [DEPRECATED] Creation of dynamic property App\Models\CartModel::$builderCheckoutItems is deprecated in APPPATH\Models\CartModel.php on line 16.
 1 APPPATH\Controllers\BaseController.php(147): App\Models\CartModel->__construct()
 2 APPPATH\Controllers\AjaxController.php(20): App\Controllers\BaseController->initController(Object(CodeIgniter\HTTP\IncomingRequest), Object(CodeIgniter\HTTP\Response), Object(CodeIgniter\Log\Logger))
 3 SYSTEMPATH\CodeIgniter.php(904): App\Controllers\AjaxController->initController(Object(CodeIgniter\HTTP\IncomingRequest), Object(CodeIgniter\HTTP\Response), Object(CodeIgniter\Log\Logger))
 4 SYSTEMPATH\CodeIgniter.php(498): CodeIgniter\CodeIgniter->createController()
 5 SYSTEMPATH\CodeIgniter.php(354): CodeIgniter\CodeIgniter->handleRequest(null, Object(Config\Cache), false)
 6 SYSTEMPATH\Boot.php(363): CodeIgniter\CodeIgniter->run()
 7 SYSTEMPATH\Boot.php(68): CodeIgniter\Boot::runCodeIgniter(Object(CodeIgniter\CodeIgniter))
 8 FCPATH\index.php(67): CodeIgniter\Boot::bootWeb(Object(Config\Paths))
WARNING - 2026-02-18 03:38:39 --> [DEPRECATED] Creation of dynamic property App\Models\CartModel::$builderPaymentMethods is deprecated in APPPATH\Models\CartModel.php on line 17.
 1 APPPATH\Controllers\BaseController.php(147): App\Models\CartModel->__construct()
 2 APPPATH\Controllers\AjaxController.php(20): App\Controllers\BaseController->initController(Object(CodeIgniter\HTTP\IncomingRequest), Object(CodeIgniter\HTTP\Response), Object(CodeIgniter\Log\Logger))
 3 SYSTEMPATH\CodeIgniter.php(904): App\Controllers\AjaxController->initController(Object(CodeIgniter\HTTP\IncomingRequest), Object(CodeIgniter\HTTP\Response), Object(CodeIgniter\Log\Logger))
 4 SYSTEMPATH\CodeIgniter.php(498): CodeIgniter\CodeIgniter->createController()
 5 SYSTEMPATH\CodeIgniter.php(354): CodeIgniter\CodeIgniter->handleRequest(null, Object(Config\Cache), false)
 6 SYSTEMPATH\Boot.php(363): CodeIgniter\CodeIgniter->run()
 7 SYSTEMPATH\Boot.php(68): CodeIgniter\Boot::runCodeIgniter(Object(CodeIgniter\CodeIgniter))
 8 FCPATH\index.php(67): CodeIgniter\Boot::bootWeb(Object(Config\Paths))
WARNING - 2026-02-18 03:38:41 --> [DEPRECATED] Creation of dynamic property App\Models\CartModel::$builderCheckouts is deprecated in APPPATH\Models\CartModel.php on line 15.
 1 APPPATH\Controllers\BaseController.php(147): App\Models\CartModel->__construct()
 2 APPPATH\Controllers\CartController.php(25): App\Controllers\BaseController->initController(Object(CodeIgniter\HTTP\IncomingRequest), Object(CodeIgniter\HTTP\Response), Object(CodeIgniter\Log\Logger))
 3 SYSTEMPATH\CodeIgniter.php(904): App\Controllers\CartController->initController(Object(CodeIgniter\HTTP\IncomingRequest), Object(CodeIgniter\HTTP\Response), Object(CodeIgniter\Log\Logger))
 4 SYSTEMPATH\CodeIgniter.php(498): CodeIgniter\CodeIgniter->createController()
 5 SYSTEMPATH\CodeIgniter.php(354): CodeIgniter\CodeIgniter->handleRequest(null, Object(Config\Cache), false)
 6 SYSTEMPATH\Boot.php(363): CodeIgniter\CodeIgniter->run()
 7 SYSTEMPATH\Boot.php(68): CodeIgniter\Boot::runCodeIgniter(Object(CodeIgniter\CodeIgniter))
 8 FCPATH\index.php(67): CodeIgniter\Boot::bootWeb(Object(Config\Paths))
WARNING - 2026-02-18 03:38:41 --> [DEPRECATED] Creation of dynamic property App\Models\CartModel::$builderCheckoutItems is deprecated in APPPATH\Models\CartModel.php on line 16.
 1 APPPATH\Controllers\BaseController.php(147): App\Models\CartModel->__construct()
 2 APPPATH\Controllers\CartController.php(25): App\Controllers\BaseController->initController(Object(CodeIgniter\HTTP\IncomingRequest), Object(CodeIgniter\HTTP\Response), Object(CodeIgniter\Log\Logger))
 3 SYSTEMPATH\CodeIgniter.php(904): App\Controllers\CartController->initController(Object(CodeIgniter\HTTP\IncomingRequest), Object(CodeIgniter\HTTP\Response), Object(CodeIgniter\Log\Logger))
 4 SYSTEMPATH\CodeIgniter.php(498): CodeIgniter\CodeIgniter->createController()
 5 SYSTEMPATH\CodeIgniter.php(354): CodeIgniter\CodeIgniter->handleRequest(null, Object(Config\Cache), false)
 6 SYSTEMPATH\Boot.php(363): CodeIgniter\CodeIgniter->run()
 7 SYSTEMPATH\Boot.php(68): CodeIgniter\Boot::runCodeIgniter(Object(CodeIgniter\CodeIgniter))
 8 FCPATH\index.php(67): CodeIgniter\Boot::bootWeb(Object(Config\Paths))
WARNING - 2026-02-18 03:38:41 --> [DEPRECATED] Creation of dynamic property App\Models\CartModel::$builderPaymentMethods is deprecated in APPPATH\Models\CartModel.php on line 17.
 1 APPPATH\Controllers\BaseController.php(147): App\Models\CartModel->__construct()
 2 APPPATH\Controllers\CartController.php(25): App\Controllers\BaseController->initController(Object(CodeIgniter\HTTP\IncomingRequest), Object(CodeIgniter\HTTP\Response), Object(CodeIgniter\Log\Logger))
 3 SYSTEMPATH\CodeIgniter.php(904): App\Controllers\CartController->initController(Object(CodeIgniter\HTTP\IncomingRequest), Object(CodeIgniter\HTTP\Response), Object(CodeIgniter\Log\Logger))
 4 SYSTEMPATH\CodeIgniter.php(498): CodeIgniter\CodeIgniter->createController()
 5 SYSTEMPATH\CodeIgniter.php(354): CodeIgniter\CodeIgniter->handleRequest(null, Object(Config\Cache), false)
 6 SYSTEMPATH\Boot.php(363): CodeIgniter\CodeIgniter->run()
 7 SYSTEMPATH\Boot.php(68): CodeIgniter\Boot::runCodeIgniter(Object(CodeIgniter\CodeIgniter))
 8 FCPATH\index.php(67): CodeIgniter\Boot::bootWeb(Object(Config\Paths))
WARNING - 2026-02-18 03:38:41 --> [DEPRECATED] Creation of dynamic property App\Models\CartModel::$builderCheckouts is deprecated in APPPATH\Models\CartModel.php on line 15.
 1 APPPATH\Controllers\CartController.php(26): App\Models\CartModel->__construct()
 2 SYSTEMPATH\CodeIgniter.php(904): App\Controllers\CartController->initController(Object(CodeIgniter\HTTP\IncomingRequest), Object(CodeIgniter\HTTP\Response), Object(CodeIgniter\Log\Logger))
 3 SYSTEMPATH\CodeIgniter.php(498): CodeIgniter\CodeIgniter->createController()
 4 SYSTEMPATH\CodeIgniter.php(354): CodeIgniter\CodeIgniter->handleRequest(null, Object(Config\Cache), false)
 5 SYSTEMPATH\Boot.php(363): CodeIgniter\CodeIgniter->run()
 6 SYSTEMPATH\Boot.php(68): CodeIgniter\Boot::runCodeIgniter(Object(CodeIgniter\CodeIgniter))
 7 FCPATH\index.php(67): CodeIgniter\Boot::bootWeb(Object(Config\Paths))
WARNING - 2026-02-18 03:38:41 --> [DEPRECATED] Creation of dynamic property App\Models\CartModel::$builderCheckoutItems is deprecated in APPPATH\Models\CartModel.php on line 16.
 1 APPPATH\Controllers\CartController.php(26): App\Models\CartModel->__construct()
 2 SYSTEMPATH\CodeIgniter.php(904): App\Controllers\CartController->initController(Object(CodeIgniter\HTTP\IncomingRequest), Object(CodeIgniter\HTTP\Response), Object(CodeIgniter\Log\Logger))
 3 SYSTEMPATH\CodeIgniter.php(498): CodeIgniter\CodeIgniter->createController()
 4 SYSTEMPATH\CodeIgniter.php(354): CodeIgniter\CodeIgniter->handleRequest(null, Object(Config\Cache), false)
 5 SYSTEMPATH\Boot.php(363): CodeIgniter\CodeIgniter->run()
 6 SYSTEMPATH\Boot.php(68): CodeIgniter\Boot::runCodeIgniter(Object(CodeIgniter\CodeIgniter))
 7 FCPATH\index.php(67): CodeIgniter\Boot::bootWeb(Object(Config\Paths))
WARNING - 2026-02-18 03:38:41 --> [DEPRECATED] Creation of dynamic property App\Models\CartModel::$builderPaymentMethods is deprecated in APPPATH\Models\CartModel.php on line 17.
 1 APPPATH\Controllers\CartController.php(26): App\Models\CartModel->__construct()
 2 SYSTEMPATH\CodeIgniter.php(904): App\Controllers\CartController->initController(Object(CodeIgniter\HTTP\IncomingRequest), Object(CodeIgniter\HTTP\Response), Object(CodeIgniter\Log\Logger))
 3 SYSTEMPATH\CodeIgniter.php(498): CodeIgniter\CodeIgniter->createController()
 4 SYSTEMPATH\CodeIgniter.php(354): CodeIgniter\CodeIgniter->handleRequest(null, Object(Config\Cache), false)
 5 SYSTEMPATH\Boot.php(363): CodeIgniter\CodeIgniter->run()
 6 SYSTEMPATH\Boot.php(68): CodeIgniter\Boot::runCodeIgniter(Object(CodeIgniter\CodeIgniter))
 7 FCPATH\index.php(67): CodeIgniter\Boot::bootWeb(Object(Config\Paths))
WARNING - 2026-02-18 03:38:41 --> [DEPRECATED] Creation of dynamic property App\Controllers\CartController::$apiKey is deprecated in APPPATH\Controllers\CartController.php on line 34.
 1 SYSTEMPATH\CodeIgniter.php(904): App\Controllers\CartController->initController(Object(CodeIgniter\HTTP\IncomingRequest), Object(CodeIgniter\HTTP\Response), Object(CodeIgniter\Log\Logger))
 2 SYSTEMPATH\CodeIgniter.php(498): CodeIgniter\CodeIgniter->createController()
 3 SYSTEMPATH\CodeIgniter.php(354): CodeIgniter\CodeIgniter->handleRequest(null, Object(Config\Cache), false)
 4 SYSTEMPATH\Boot.php(363): CodeIgniter\CodeIgniter->run()
 5 SYSTEMPATH\Boot.php(68): CodeIgniter\Boot::runCodeIgniter(Object(CodeIgniter\CodeIgniter))
 6 FCPATH\index.php(67): CodeIgniter\Boot::bootWeb(Object(Config\Paths))
WARNING - 2026-02-18 03:38:41 --> [DEPRECATED] Creation of dynamic property App\Models\CartModel::$builderCheckouts is deprecated in APPPATH\Models\CartModel.php on line 15.
 1 APPPATH\Controllers\BaseController.php(147): App\Models\CartModel->__construct()
 2 APPPATH\Controllers\AjaxController.php(20): App\Controllers\BaseController->initController(Object(CodeIgniter\HTTP\IncomingRequest), Object(CodeIgniter\HTTP\Response), Object(CodeIgniter\Log\Logger))
 3 SYSTEMPATH\CodeIgniter.php(904): App\Controllers\AjaxController->initController(Object(CodeIgniter\HTTP\IncomingRequest), Object(CodeIgniter\HTTP\Response), Object(CodeIgniter\Log\Logger))
 4 SYSTEMPATH\CodeIgniter.php(498): CodeIgniter\CodeIgniter->createController()
 5 SYSTEMPATH\CodeIgniter.php(354): CodeIgniter\CodeIgniter->handleRequest(null, Object(Config\Cache), false)
 6 SYSTEMPATH\Boot.php(363): CodeIgniter\CodeIgniter->run()
 7 SYSTEMPATH\Boot.php(68): CodeIgniter\Boot::runCodeIgniter(Object(CodeIgniter\CodeIgniter))
 8 FCPATH\index.php(67): CodeIgniter\Boot::bootWeb(Object(Config\Paths))
WARNING - 2026-02-18 03:38:41 --> [DEPRECATED] Creation of dynamic property App\Models\CartModel::$builderCheckoutItems is deprecated in APPPATH\Models\CartModel.php on line 16.
 1 APPPATH\Controllers\BaseController.php(147): App\Models\CartModel->__construct()
 2 APPPATH\Controllers\AjaxController.php(20): App\Controllers\BaseController->initController(Object(CodeIgniter\HTTP\IncomingRequest), Object(CodeIgniter\HTTP\Response), Object(CodeIgniter\Log\Logger))
 3 SYSTEMPATH\CodeIgniter.php(904): App\Controllers\AjaxController->initController(Object(CodeIgniter\HTTP\IncomingRequest), Object(CodeIgniter\HTTP\Response), Object(CodeIgniter\Log\Logger))
 4 SYSTEMPATH\CodeIgniter.php(498): CodeIgniter\CodeIgniter->createController()
 5 SYSTEMPATH\CodeIgniter.php(354): CodeIgniter\CodeIgniter->handleRequest(null, Object(Config\Cache), false)
 6 SYSTEMPATH\Boot.php(363): CodeIgniter\CodeIgniter->run()
 7 SYSTEMPATH\Boot.php(68): CodeIgniter\Boot::runCodeIgniter(Object(CodeIgniter\CodeIgniter))
 8 FCPATH\index.php(67): CodeIgniter\Boot::bootWeb(Object(Config\Paths))
WARNING - 2026-02-18 03:38:41 --> [DEPRECATED] Creation of dynamic property App\Models\CartModel::$builderPaymentMethods is deprecated in APPPATH\Models\CartModel.php on line 17.
 1 APPPATH\Controllers\BaseController.php(147): App\Models\CartModel->__construct()
 2 APPPATH\Controllers\AjaxController.php(20): App\Controllers\BaseController->initController(Object(CodeIgniter\HTTP\IncomingRequest), Object(CodeIgniter\HTTP\Response), Object(CodeIgniter\Log\Logger))
 3 SYSTEMPATH\CodeIgniter.php(904): App\Controllers\AjaxController->initController(Object(CodeIgniter\HTTP\IncomingRequest), Object(CodeIgniter\HTTP\Response), Object(CodeIgniter\Log\Logger))
 4 SYSTEMPATH\CodeIgniter.php(498): CodeIgniter\CodeIgniter->createController()
 5 SYSTEMPATH\CodeIgniter.php(354): CodeIgniter\CodeIgniter->handleRequest(null, Object(Config\Cache), false)
 6 SYSTEMPATH\Boot.php(363): CodeIgniter\CodeIgniter->run()
 7 SYSTEMPATH\Boot.php(68): CodeIgniter\Boot::runCodeIgniter(Object(CodeIgniter\CodeIgniter))
 8 FCPATH\index.php(67): CodeIgniter\Boot::bootWeb(Object(Config\Paths))
WARNING - 2026-02-18 03:48:14 --> [DEPRECATED] Creation of dynamic property App\Models\CartModel::$builderCheckouts is deprecated in APPPATH\Models\CartModel.php on line 15.
 1 APPPATH\Controllers\BaseController.php(147): App\Models\CartModel->__construct()
 2 APPPATH\Controllers\CartController.php(25): App\Controllers\BaseController->initController(Object(CodeIgniter\HTTP\IncomingRequest), Object(CodeIgniter\HTTP\Response), Object(CodeIgniter\Log\Logger))
 3 SYSTEMPATH\CodeIgniter.php(904): App\Controllers\CartController->initController(Object(CodeIgniter\HTTP\IncomingRequest), Object(CodeIgniter\HTTP\Response), Object(CodeIgniter\Log\Logger))
 4 SYSTEMPATH\CodeIgniter.php(498): CodeIgniter\CodeIgniter->createController()
 5 SYSTEMPATH\CodeIgniter.php(354): CodeIgniter\CodeIgniter->handleRequest(null, Object(Config\Cache), false)
 6 SYSTEMPATH\Boot.php(363): CodeIgniter\CodeIgniter->run()
 7 SYSTEMPATH\Boot.php(68): CodeIgniter\Boot::runCodeIgniter(Object(CodeIgniter\CodeIgniter))
 8 FCPATH\index.php(67): CodeIgniter\Boot::bootWeb(Object(Config\Paths))
WARNING - 2026-02-18 03:48:14 --> [DEPRECATED] Creation of dynamic property App\Models\CartModel::$builderCheckoutItems is deprecated in APPPATH\Models\CartModel.php on line 16.
 1 APPPATH\Controllers\BaseController.php(147): App\Models\CartModel->__construct()
 2 APPPATH\Controllers\CartController.php(25): App\Controllers\BaseController->initController(Object(CodeIgniter\HTTP\IncomingRequest), Object(CodeIgniter\HTTP\Response), Object(CodeIgniter\Log\Logger))
 3 SYSTEMPATH\CodeIgniter.php(904): App\Controllers\CartController->initController(Object(CodeIgniter\HTTP\IncomingRequest), Object(CodeIgniter\HTTP\Response), Object(CodeIgniter\Log\Logger))
 4 SYSTEMPATH\CodeIgniter.php(498): CodeIgniter\CodeIgniter->createController()
 5 SYSTEMPATH\CodeIgniter.php(354): CodeIgniter\CodeIgniter->handleRequest(null, Object(Config\Cache), false)
 6 SYSTEMPATH\Boot.php(363): CodeIgniter\CodeIgniter->run()
 7 SYSTEMPATH\Boot.php(68): CodeIgniter\Boot::runCodeIgniter(Object(CodeIgniter\CodeIgniter))
 8 FCPATH\index.php(67): CodeIgniter\Boot::bootWeb(Object(Config\Paths))
WARNING - 2026-02-18 03:48:14 --> [DEPRECATED] Creation of dynamic property App\Models\CartModel::$builderPaymentMethods is deprecated in APPPATH\Models\CartModel.php on line 17.
 1 APPPATH\Controllers\BaseController.php(147): App\Models\CartModel->__construct()
 2 APPPATH\Controllers\CartController.php(25): App\Controllers\BaseController->initController(Object(CodeIgniter\HTTP\IncomingRequest), Object(CodeIgniter\HTTP\Response), Object(CodeIgniter\Log\Logger))
 3 SYSTEMPATH\CodeIgniter.php(904): App\Controllers\CartController->initController(Object(CodeIgniter\HTTP\IncomingRequest), Object(CodeIgniter\HTTP\Response), Object(CodeIgniter\Log\Logger))
 4 SYSTEMPATH\CodeIgniter.php(498): CodeIgniter\CodeIgniter->createController()
 5 SYSTEMPATH\CodeIgniter.php(354): CodeIgniter\CodeIgniter->handleRequest(null, Object(Config\Cache), false)
 6 SYSTEMPATH\Boot.php(363): CodeIgniter\CodeIgniter->run()
 7 SYSTEMPATH\Boot.php(68): CodeIgniter\Boot::runCodeIgniter(Object(CodeIgniter\CodeIgniter))
 8 FCPATH\index.php(67): CodeIgniter\Boot::bootWeb(Object(Config\Paths))
WARNING - 2026-02-18 03:48:14 --> [DEPRECATED] Creation of dynamic property App\Models\CartModel::$builderCheckouts is deprecated in APPPATH\Models\CartModel.php on line 15.
 1 APPPATH\Controllers\CartController.php(26): App\Models\CartModel->__construct()
 2 SYSTEMPATH\CodeIgniter.php(904): App\Controllers\CartController->initController(Object(CodeIgniter\HTTP\IncomingRequest), Object(CodeIgniter\HTTP\Response), Object(CodeIgniter\Log\Logger))
 3 SYSTEMPATH\CodeIgniter.php(498): CodeIgniter\CodeIgniter->createController()
 4 SYSTEMPATH\CodeIgniter.php(354): CodeIgniter\CodeIgniter->handleRequest(null, Object(Config\Cache), false)
 5 SYSTEMPATH\Boot.php(363): CodeIgniter\CodeIgniter->run()
 6 SYSTEMPATH\Boot.php(68): CodeIgniter\Boot::runCodeIgniter(Object(CodeIgniter\CodeIgniter))
 7 FCPATH\index.php(67): CodeIgniter\Boot::bootWeb(Object(Config\Paths))
WARNING - 2026-02-18 03:48:14 --> [DEPRECATED] Creation of dynamic property App\Models\CartModel::$builderCheckoutItems is deprecated in APPPATH\Models\CartModel.php on line 16.
 1 APPPATH\Controllers\CartController.php(26): App\Models\CartModel->__construct()
 2 SYSTEMPATH\CodeIgniter.php(904): App\Controllers\CartController->initController(Object(CodeIgniter\HTTP\IncomingRequest), Object(CodeIgniter\HTTP\Response), Object(CodeIgniter\Log\Logger))
 3 SYSTEMPATH\CodeIgniter.php(498): CodeIgniter\CodeIgniter->createController()
 4 SYSTEMPATH\CodeIgniter.php(354): CodeIgniter\CodeIgniter->handleRequest(null, Object(Config\Cache), false)
 5 SYSTEMPATH\Boot.php(363): CodeIgniter\CodeIgniter->run()
 6 SYSTEMPATH\Boot.php(68): CodeIgniter\Boot::runCodeIgniter(Object(CodeIgniter\CodeIgniter))
 7 FCPATH\index.php(67): CodeIgniter\Boot::bootWeb(Object(Config\Paths))
WARNING - 2026-02-18 03:48:14 --> [DEPRECATED] Creation of dynamic property App\Models\CartModel::$builderPaymentMethods is deprecated in APPPATH\Models\CartModel.php on line 17.
 1 APPPATH\Controllers\CartController.php(26): App\Models\CartModel->__construct()
 2 SYSTEMPATH\CodeIgniter.php(904): App\Controllers\CartController->initController(Object(CodeIgniter\HTTP\IncomingRequest), Object(CodeIgniter\HTTP\Response), Object(CodeIgniter\Log\Logger))
 3 SYSTEMPATH\CodeIgniter.php(498): CodeIgniter\CodeIgniter->createController()
 4 SYSTEMPATH\CodeIgniter.php(354): CodeIgniter\CodeIgniter->handleRequest(null, Object(Config\Cache), false)
 5 SYSTEMPATH\Boot.php(363): CodeIgniter\CodeIgniter->run()
 6 SYSTEMPATH\Boot.php(68): CodeIgniter\Boot::runCodeIgniter(Object(CodeIgniter\CodeIgniter))
 7 FCPATH\index.php(67): CodeIgniter\Boot::bootWeb(Object(Config\Paths))
WARNING - 2026-02-18 03:48:14 --> [DEPRECATED] Creation of dynamic property App\Controllers\CartController::$apiKey is deprecated in APPPATH\Controllers\CartController.php on line 34.
 1 SYSTEMPATH\CodeIgniter.php(904): App\Controllers\CartController->initController(Object(CodeIgniter\HTTP\IncomingRequest), Object(CodeIgniter\HTTP\Response), Object(CodeIgniter\Log\Logger))
 2 SYSTEMPATH\CodeIgniter.php(498): CodeIgniter\CodeIgniter->createController()
 3 SYSTEMPATH\CodeIgniter.php(354): CodeIgniter\CodeIgniter->handleRequest(null, Object(Config\Cache), false)
 4 SYSTEMPATH\Boot.php(363): CodeIgniter\CodeIgniter->run()
 5 SYSTEMPATH\Boot.php(68): CodeIgniter\Boot::runCodeIgniter(Object(CodeIgniter\CodeIgniter))
 6 FCPATH\index.php(67): CodeIgniter\Boot::bootWeb(Object(Config\Paths))
WARNING - 2026-02-18 03:48:14 --> [DEPRECATED] Creation of dynamic property App\Services\OngkirService::$baseUrl is deprecated in APPPATH\Services\OngkirService.php on line 11.
 1 APPPATH\Controllers\CartController.php(186): App\Services\OngkirService->__construct()
 2 SYSTEMPATH\CodeIgniter.php(933): App\Controllers\CartController->shipping()
 3 SYSTEMPATH\CodeIgniter.php(507): CodeIgniter\CodeIgniter->runController(Object(App\Controllers\CartController))
 4 SYSTEMPATH\CodeIgniter.php(354): CodeIgniter\CodeIgniter->handleRequest(null, Object(Config\Cache), false)
 5 SYSTEMPATH\Boot.php(363): CodeIgniter\CodeIgniter->run()
 6 SYSTEMPATH\Boot.php(68): CodeIgniter\Boot::runCodeIgniter(Object(CodeIgniter\CodeIgniter))
 7 FCPATH\index.php(67): CodeIgniter\Boot::bootWeb(Object(Config\Paths))
WARNING - 2026-02-18 03:48:14 --> [DEPRECATED] Creation of dynamic property App\Services\OngkirService::$CALCULATE_DELIVERY_COST is deprecated in APPPATH\Services\OngkirService.php on line 12.
 1 APPPATH\Controllers\CartController.php(186): App\Services\OngkirService->__construct()
 2 SYSTEMPATH\CodeIgniter.php(933): App\Controllers\CartController->shipping()
 3 SYSTEMPATH\CodeIgniter.php(507): CodeIgniter\CodeIgniter->runController(Object(App\Controllers\CartController))
 4 SYSTEMPATH\CodeIgniter.php(354): CodeIgniter\CodeIgniter->handleRequest(null, Object(Config\Cache), false)
 5 SYSTEMPATH\Boot.php(363): CodeIgniter\CodeIgniter->run()
 6 SYSTEMPATH\Boot.php(68): CodeIgniter\Boot::runCodeIgniter(Object(CodeIgniter\CodeIgniter))
 7 FCPATH\index.php(67): CodeIgniter\Boot::bootWeb(Object(Config\Paths))
WARNING - 2026-02-18 03:48:14 --> [DEPRECATED] Creation of dynamic property App\Services\OngkirService::$apiKey is deprecated in APPPATH\Services\OngkirService.php on line 13.
 1 APPPATH\Controllers\CartController.php(186): App\Services\OngkirService->__construct()
 2 SYSTEMPATH\CodeIgniter.php(933): App\Controllers\CartController->shipping()
 3 SYSTEMPATH\CodeIgniter.php(507): CodeIgniter\CodeIgniter->runController(Object(App\Controllers\CartController))
 4 SYSTEMPATH\CodeIgniter.php(354): CodeIgniter\CodeIgniter->handleRequest(null, Object(Config\Cache), false)
 5 SYSTEMPATH\Boot.php(363): CodeIgniter\CodeIgniter->run()
 6 SYSTEMPATH\Boot.php(68): CodeIgniter\Boot::runCodeIgniter(Object(CodeIgniter\CodeIgniter))
 7 FCPATH\index.php(67): CodeIgniter\Boot::bootWeb(Object(Config\Paths))
WARNING - 2026-02-18 03:48:14 --> [DEPRECATED] Creation of dynamic property App\Services\OngkirService::$listCourier is deprecated in APPPATH\Services\OngkirService.php on line 14.
 1 APPPATH\Controllers\CartController.php(186): App\Services\OngkirService->__construct()
 2 SYSTEMPATH\CodeIgniter.php(933): App\Controllers\CartController->shipping()
 3 SYSTEMPATH\CodeIgniter.php(507): CodeIgniter\CodeIgniter->runController(Object(App\Controllers\CartController))
 4 SYSTEMPATH\CodeIgniter.php(354): CodeIgniter\CodeIgniter->handleRequest(null, Object(Config\Cache), false)
 5 SYSTEMPATH\Boot.php(363): CodeIgniter\CodeIgniter->run()
 6 SYSTEMPATH\Boot.php(68): CodeIgniter\Boot::runCodeIgniter(Object(CodeIgniter\CodeIgniter))
 7 FCPATH\index.php(67): CodeIgniter\Boot::bootWeb(Object(Config\Paths))
WARNING - 2026-02-18 03:48:14 --> [DEPRECATED] Creation of dynamic property App\Models\CartModel::$builderCheckouts is deprecated in APPPATH\Models\CartModel.php on line 15.
 1 APPPATH\Controllers\BaseController.php(147): App\Models\CartModel->__construct()
 2 APPPATH\Controllers\AjaxController.php(20): App\Controllers\BaseController->initController(Object(CodeIgniter\HTTP\IncomingRequest), Object(CodeIgniter\HTTP\Response), Object(CodeIgniter\Log\Logger))
 3 SYSTEMPATH\CodeIgniter.php(904): App\Controllers\AjaxController->initController(Object(CodeIgniter\HTTP\IncomingRequest), Object(CodeIgniter\HTTP\Response), Object(CodeIgniter\Log\Logger))
 4 SYSTEMPATH\CodeIgniter.php(498): CodeIgniter\CodeIgniter->createController()
 5 SYSTEMPATH\CodeIgniter.php(354): CodeIgniter\CodeIgniter->handleRequest(null, Object(Config\Cache), false)
 6 SYSTEMPATH\Boot.php(363): CodeIgniter\CodeIgniter->run()
 7 SYSTEMPATH\Boot.php(68): CodeIgniter\Boot::runCodeIgniter(Object(CodeIgniter\CodeIgniter))
 8 FCPATH\index.php(67): CodeIgniter\Boot::bootWeb(Object(Config\Paths))
WARNING - 2026-02-18 03:48:14 --> [DEPRECATED] Creation of dynamic property App\Models\CartModel::$builderCheckoutItems is deprecated in APPPATH\Models\CartModel.php on line 16.
 1 APPPATH\Controllers\BaseController.php(147): App\Models\CartModel->__construct()
 2 APPPATH\Controllers\AjaxController.php(20): App\Controllers\BaseController->initController(Object(CodeIgniter\HTTP\IncomingRequest), Object(CodeIgniter\HTTP\Response), Object(CodeIgniter\Log\Logger))
 3 SYSTEMPATH\CodeIgniter.php(904): App\Controllers\AjaxController->initController(Object(CodeIgniter\HTTP\IncomingRequest), Object(CodeIgniter\HTTP\Response), Object(CodeIgniter\Log\Logger))
 4 SYSTEMPATH\CodeIgniter.php(498): CodeIgniter\CodeIgniter->createController()
 5 SYSTEMPATH\CodeIgniter.php(354): CodeIgniter\CodeIgniter->handleRequest(null, Object(Config\Cache), false)
 6 SYSTEMPATH\Boot.php(363): CodeIgniter\CodeIgniter->run()
 7 SYSTEMPATH\Boot.php(68): CodeIgniter\Boot::runCodeIgniter(Object(CodeIgniter\CodeIgniter))
 8 FCPATH\index.php(67): CodeIgniter\Boot::bootWeb(Object(Config\Paths))
WARNING - 2026-02-18 03:48:14 --> [DEPRECATED] Creation of dynamic property App\Models\CartModel::$builderPaymentMethods is deprecated in APPPATH\Models\CartModel.php on line 17.
 1 APPPATH\Controllers\BaseController.php(147): App\Models\CartModel->__construct()
 2 APPPATH\Controllers\AjaxController.php(20): App\Controllers\BaseController->initController(Object(CodeIgniter\HTTP\IncomingRequest), Object(CodeIgniter\HTTP\Response), Object(CodeIgniter\Log\Logger))
 3 SYSTEMPATH\CodeIgniter.php(904): App\Controllers\AjaxController->initController(Object(CodeIgniter\HTTP\IncomingRequest), Object(CodeIgniter\HTTP\Response), Object(CodeIgniter\Log\Logger))
 4 SYSTEMPATH\CodeIgniter.php(498): CodeIgniter\CodeIgniter->createController()
 5 SYSTEMPATH\CodeIgniter.php(354): CodeIgniter\CodeIgniter->handleRequest(null, Object(Config\Cache), false)
 6 SYSTEMPATH\Boot.php(363): CodeIgniter\CodeIgniter->run()
 7 SYSTEMPATH\Boot.php(68): CodeIgniter\Boot::runCodeIgniter(Object(CodeIgniter\CodeIgniter))
 8 FCPATH\index.php(67): CodeIgniter\Boot::bootWeb(Object(Config\Paths))
WARNING - 2026-02-18 03:48:16 --> [DEPRECATED] Creation of dynamic property App\Models\CartModel::$builderCheckouts is deprecated in APPPATH\Models\CartModel.php on line 15.
 1 APPPATH\Controllers\BaseController.php(147): App\Models\CartModel->__construct()
 2 APPPATH\Controllers\CartController.php(25): App\Controllers\BaseController->initController(Object(CodeIgniter\HTTP\IncomingRequest), Object(CodeIgniter\HTTP\Response), Object(CodeIgniter\Log\Logger))
 3 SYSTEMPATH\CodeIgniter.php(904): App\Controllers\CartController->initController(Object(CodeIgniter\HTTP\IncomingRequest), Object(CodeIgniter\HTTP\Response), Object(CodeIgniter\Log\Logger))
 4 SYSTEMPATH\CodeIgniter.php(498): CodeIgniter\CodeIgniter->createController()
 5 SYSTEMPATH\CodeIgniter.php(354): CodeIgniter\CodeIgniter->handleRequest(null, Object(Config\Cache), false)
 6 SYSTEMPATH\Boot.php(363): CodeIgniter\CodeIgniter->run()
 7 SYSTEMPATH\Boot.php(68): CodeIgniter\Boot::runCodeIgniter(Object(CodeIgniter\CodeIgniter))
 8 FCPATH\index.php(67): CodeIgniter\Boot::bootWeb(Object(Config\Paths))
WARNING - 2026-02-18 03:48:16 --> [DEPRECATED] Creation of dynamic property App\Models\CartModel::$builderCheckoutItems is deprecated in APPPATH\Models\CartModel.php on line 16.
 1 APPPATH\Controllers\BaseController.php(147): App\Models\CartModel->__construct()
 2 APPPATH\Controllers\CartController.php(25): App\Controllers\BaseController->initController(Object(CodeIgniter\HTTP\IncomingRequest), Object(CodeIgniter\HTTP\Response), Object(CodeIgniter\Log\Logger))
 3 SYSTEMPATH\CodeIgniter.php(904): App\Controllers\CartController->initController(Object(CodeIgniter\HTTP\IncomingRequest), Object(CodeIgniter\HTTP\Response), Object(CodeIgniter\Log\Logger))
 4 SYSTEMPATH\CodeIgniter.php(498): CodeIgniter\CodeIgniter->createController()
 5 SYSTEMPATH\CodeIgniter.php(354): CodeIgniter\CodeIgniter->handleRequest(null, Object(Config\Cache), false)
 6 SYSTEMPATH\Boot.php(363): CodeIgniter\CodeIgniter->run()
 7 SYSTEMPATH\Boot.php(68): CodeIgniter\Boot::runCodeIgniter(Object(CodeIgniter\CodeIgniter))
 8 FCPATH\index.php(67): CodeIgniter\Boot::bootWeb(Object(Config\Paths))
WARNING - 2026-02-18 03:48:16 --> [DEPRECATED] Creation of dynamic property App\Models\CartModel::$builderPaymentMethods is deprecated in APPPATH\Models\CartModel.php on line 17.
 1 APPPATH\Controllers\BaseController.php(147): App\Models\CartModel->__construct()
 2 APPPATH\Controllers\CartController.php(25): App\Controllers\BaseController->initController(Object(CodeIgniter\HTTP\IncomingRequest), Object(CodeIgniter\HTTP\Response), Object(CodeIgniter\Log\Logger))
 3 SYSTEMPATH\CodeIgniter.php(904): App\Controllers\CartController->initController(Object(CodeIgniter\HTTP\IncomingRequest), Object(CodeIgniter\HTTP\Response), Object(CodeIgniter\Log\Logger))
 4 SYSTEMPATH\CodeIgniter.php(498): CodeIgniter\CodeIgniter->createController()
 5 SYSTEMPATH\CodeIgniter.php(354): CodeIgniter\CodeIgniter->handleRequest(null, Object(Config\Cache), false)
 6 SYSTEMPATH\Boot.php(363): CodeIgniter\CodeIgniter->run()
 7 SYSTEMPATH\Boot.php(68): CodeIgniter\Boot::runCodeIgniter(Object(CodeIgniter\CodeIgniter))
 8 FCPATH\index.php(67): CodeIgniter\Boot::bootWeb(Object(Config\Paths))
WARNING - 2026-02-18 03:48:16 --> [DEPRECATED] Creation of dynamic property App\Models\CartModel::$builderCheckouts is deprecated in APPPATH\Models\CartModel.php on line 15.
 1 APPPATH\Controllers\CartController.php(26): App\Models\CartModel->__construct()
 2 SYSTEMPATH\CodeIgniter.php(904): App\Controllers\CartController->initController(Object(CodeIgniter\HTTP\IncomingRequest), Object(CodeIgniter\HTTP\Response), Object(CodeIgniter\Log\Logger))
 3 SYSTEMPATH\CodeIgniter.php(498): CodeIgniter\CodeIgniter->createController()
 4 SYSTEMPATH\CodeIgniter.php(354): CodeIgniter\CodeIgniter->handleRequest(null, Object(Config\Cache), false)
 5 SYSTEMPATH\Boot.php(363): CodeIgniter\CodeIgniter->run()
 6 SYSTEMPATH\Boot.php(68): CodeIgniter\Boot::runCodeIgniter(Object(CodeIgniter\CodeIgniter))
 7 FCPATH\index.php(67): CodeIgniter\Boot::bootWeb(Object(Config\Paths))
WARNING - 2026-02-18 03:48:16 --> [DEPRECATED] Creation of dynamic property App\Models\CartModel::$builderCheckoutItems is deprecated in APPPATH\Models\CartModel.php on line 16.
 1 APPPATH\Controllers\CartController.php(26): App\Models\CartModel->__construct()
 2 SYSTEMPATH\CodeIgniter.php(904): App\Controllers\CartController->initController(Object(CodeIgniter\HTTP\IncomingRequest), Object(CodeIgniter\HTTP\Response), Object(CodeIgniter\Log\Logger))
 3 SYSTEMPATH\CodeIgniter.php(498): CodeIgniter\CodeIgniter->createController()
 4 SYSTEMPATH\CodeIgniter.php(354): CodeIgniter\CodeIgniter->handleRequest(null, Object(Config\Cache), false)
 5 SYSTEMPATH\Boot.php(363): CodeIgniter\CodeIgniter->run()
 6 SYSTEMPATH\Boot.php(68): CodeIgniter\Boot::runCodeIgniter(Object(CodeIgniter\CodeIgniter))
 7 FCPATH\index.php(67): CodeIgniter\Boot::bootWeb(Object(Config\Paths))
WARNING - 2026-02-18 03:48:16 --> [DEPRECATED] Creation of dynamic property App\Models\CartModel::$builderPaymentMethods is deprecated in APPPATH\Models\CartModel.php on line 17.
 1 APPPATH\Controllers\CartController.php(26): App\Models\CartModel->__construct()
 2 SYSTEMPATH\CodeIgniter.php(904): App\Controllers\CartController->initController(Object(CodeIgniter\HTTP\IncomingRequest), Object(CodeIgniter\HTTP\Response), Object(CodeIgniter\Log\Logger))
 3 SYSTEMPATH\CodeIgniter.php(498): CodeIgniter\CodeIgniter->createController()
 4 SYSTEMPATH\CodeIgniter.php(354): CodeIgniter\CodeIgniter->handleRequest(null, Object(Config\Cache), false)
 5 SYSTEMPATH\Boot.php(363): CodeIgniter\CodeIgniter->run()
 6 SYSTEMPATH\Boot.php(68): CodeIgniter\Boot::runCodeIgniter(Object(CodeIgniter\CodeIgniter))
 7 FCPATH\index.php(67): CodeIgniter\Boot::bootWeb(Object(Config\Paths))
WARNING - 2026-02-18 03:48:16 --> [DEPRECATED] Creation of dynamic property App\Controllers\CartController::$apiKey is deprecated in APPPATH\Controllers\CartController.php on line 34.
 1 SYSTEMPATH\CodeIgniter.php(904): App\Controllers\CartController->initController(Object(CodeIgniter\HTTP\IncomingRequest), Object(CodeIgniter\HTTP\Response), Object(CodeIgniter\Log\Logger))
 2 SYSTEMPATH\CodeIgniter.php(498): CodeIgniter\CodeIgniter->createController()
 3 SYSTEMPATH\CodeIgniter.php(354): CodeIgniter\CodeIgniter->handleRequest(null, Object(Config\Cache), false)
 4 SYSTEMPATH\Boot.php(363): CodeIgniter\CodeIgniter->run()
 5 SYSTEMPATH\Boot.php(68): CodeIgniter\Boot::runCodeIgniter(Object(CodeIgniter\CodeIgniter))
 6 FCPATH\index.php(67): CodeIgniter\Boot::bootWeb(Object(Config\Paths))
WARNING - 2026-02-18 04:22:49 --> [DEPRECATED] Creation of dynamic property App\Models\CartModel::$builderCheckouts is deprecated in APPPATH\Models\CartModel.php on line 15.
 1 APPPATH\Controllers\BaseController.php(147): App\Models\CartModel->__construct()
 2 APPPATH\Controllers\CartController.php(25): App\Controllers\BaseController->initController(Object(CodeIgniter\HTTP\IncomingRequest), Object(CodeIgniter\HTTP\Response), Object(CodeIgniter\Log\Logger))
 3 SYSTEMPATH\CodeIgniter.php(904): App\Controllers\CartController->initController(Object(CodeIgniter\HTTP\IncomingRequest), Object(CodeIgniter\HTTP\Response), Object(CodeIgniter\Log\Logger))
 4 SYSTEMPATH\CodeIgniter.php(498): CodeIgniter\CodeIgniter->createController()
 5 SYSTEMPATH\CodeIgniter.php(354): CodeIgniter\CodeIgniter->handleRequest(null, Object(Config\Cache), false)
 6 SYSTEMPATH\Boot.php(363): CodeIgniter\CodeIgniter->run()
 7 SYSTEMPATH\Boot.php(68): CodeIgniter\Boot::runCodeIgniter(Object(CodeIgniter\CodeIgniter))
 8 FCPATH\index.php(67): CodeIgniter\Boot::bootWeb(Object(Config\Paths))
WARNING - 2026-02-18 04:22:49 --> [DEPRECATED] Creation of dynamic property App\Models\CartModel::$builderCheckoutItems is deprecated in APPPATH\Models\CartModel.php on line 16.
 1 APPPATH\Controllers\BaseController.php(147): App\Models\CartModel->__construct()
 2 APPPATH\Controllers\CartController.php(25): App\Controllers\BaseController->initController(Object(CodeIgniter\HTTP\IncomingRequest), Object(CodeIgniter\HTTP\Response), Object(CodeIgniter\Log\Logger))
 3 SYSTEMPATH\CodeIgniter.php(904): App\Controllers\CartController->initController(Object(CodeIgniter\HTTP\IncomingRequest), Object(CodeIgniter\HTTP\Response), Object(CodeIgniter\Log\Logger))
 4 SYSTEMPATH\CodeIgniter.php(498): CodeIgniter\CodeIgniter->createController()
 5 SYSTEMPATH\CodeIgniter.php(354): CodeIgniter\CodeIgniter->handleRequest(null, Object(Config\Cache), false)
 6 SYSTEMPATH\Boot.php(363): CodeIgniter\CodeIgniter->run()
 7 SYSTEMPATH\Boot.php(68): CodeIgniter\Boot::runCodeIgniter(Object(CodeIgniter\CodeIgniter))
 8 FCPATH\index.php(67): CodeIgniter\Boot::bootWeb(Object(Config\Paths))
WARNING - 2026-02-18 04:22:49 --> [DEPRECATED] Creation of dynamic property App\Models\CartModel::$builderPaymentMethods is deprecated in APPPATH\Models\CartModel.php on line 17.
 1 APPPATH\Controllers\BaseController.php(147): App\Models\CartModel->__construct()
 2 APPPATH\Controllers\CartController.php(25): App\Controllers\BaseController->initController(Object(CodeIgniter\HTTP\IncomingRequest), Object(CodeIgniter\HTTP\Response), Object(CodeIgniter\Log\Logger))
 3 SYSTEMPATH\CodeIgniter.php(904): App\Controllers\CartController->initController(Object(CodeIgniter\HTTP\IncomingRequest), Object(CodeIgniter\HTTP\Response), Object(CodeIgniter\Log\Logger))
 4 SYSTEMPATH\CodeIgniter.php(498): CodeIgniter\CodeIgniter->createController()
 5 SYSTEMPATH\CodeIgniter.php(354): CodeIgniter\CodeIgniter->handleRequest(null, Object(Config\Cache), false)
 6 SYSTEMPATH\Boot.php(363): CodeIgniter\CodeIgniter->run()
 7 SYSTEMPATH\Boot.php(68): CodeIgniter\Boot::runCodeIgniter(Object(CodeIgniter\CodeIgniter))
 8 FCPATH\index.php(67): CodeIgniter\Boot::bootWeb(Object(Config\Paths))
WARNING - 2026-02-18 04:22:49 --> [DEPRECATED] Creation of dynamic property App\Models\CartModel::$builderCheckouts is deprecated in APPPATH\Models\CartModel.php on line 15.
 1 APPPATH\Controllers\CartController.php(26): App\Models\CartModel->__construct()
 2 SYSTEMPATH\CodeIgniter.php(904): App\Controllers\CartController->initController(Object(CodeIgniter\HTTP\IncomingRequest), Object(CodeIgniter\HTTP\Response), Object(CodeIgniter\Log\Logger))
 3 SYSTEMPATH\CodeIgniter.php(498): CodeIgniter\CodeIgniter->createController()
 4 SYSTEMPATH\CodeIgniter.php(354): CodeIgniter\CodeIgniter->handleRequest(null, Object(Config\Cache), false)
 5 SYSTEMPATH\Boot.php(363): CodeIgniter\CodeIgniter->run()
 6 SYSTEMPATH\Boot.php(68): CodeIgniter\Boot::runCodeIgniter(Object(CodeIgniter\CodeIgniter))
 7 FCPATH\index.php(67): CodeIgniter\Boot::bootWeb(Object(Config\Paths))
WARNING - 2026-02-18 04:22:49 --> [DEPRECATED] Creation of dynamic property App\Models\CartModel::$builderCheckoutItems is deprecated in APPPATH\Models\CartModel.php on line 16.
 1 APPPATH\Controllers\CartController.php(26): App\Models\CartModel->__construct()
 2 SYSTEMPATH\CodeIgniter.php(904): App\Controllers\CartController->initController(Object(CodeIgniter\HTTP\IncomingRequest), Object(CodeIgniter\HTTP\Response), Object(CodeIgniter\Log\Logger))
 3 SYSTEMPATH\CodeIgniter.php(498): CodeIgniter\CodeIgniter->createController()
 4 SYSTEMPATH\CodeIgniter.php(354): CodeIgniter\CodeIgniter->handleRequest(null, Object(Config\Cache), false)
 5 SYSTEMPATH\Boot.php(363): CodeIgniter\CodeIgniter->run()
 6 SYSTEMPATH\Boot.php(68): CodeIgniter\Boot::runCodeIgniter(Object(CodeIgniter\CodeIgniter))
 7 FCPATH\index.php(67): CodeIgniter\Boot::bootWeb(Object(Config\Paths))
WARNING - 2026-02-18 04:22:49 --> [DEPRECATED] Creation of dynamic property App\Models\CartModel::$builderPaymentMethods is deprecated in APPPATH\Models\CartModel.php on line 17.
 1 APPPATH\Controllers\CartController.php(26): App\Models\CartModel->__construct()
 2 SYSTEMPATH\CodeIgniter.php(904): App\Controllers\CartController->initController(Object(CodeIgniter\HTTP\IncomingRequest), Object(CodeIgniter\HTTP\Response), Object(CodeIgniter\Log\Logger))
 3 SYSTEMPATH\CodeIgniter.php(498): CodeIgniter\CodeIgniter->createController()
 4 SYSTEMPATH\CodeIgniter.php(354): CodeIgniter\CodeIgniter->handleRequest(null, Object(Config\Cache), false)
 5 SYSTEMPATH\Boot.php(363): CodeIgniter\CodeIgniter->run()
 6 SYSTEMPATH\Boot.php(68): CodeIgniter\Boot::runCodeIgniter(Object(CodeIgniter\CodeIgniter))
 7 FCPATH\index.php(67): CodeIgniter\Boot::bootWeb(Object(Config\Paths))
WARNING - 2026-02-18 04:22:49 --> [DEPRECATED] Creation of dynamic property App\Controllers\CartController::$apiKey is deprecated in APPPATH\Controllers\CartController.php on line 34.
 1 SYSTEMPATH\CodeIgniter.php(904): App\Controllers\CartController->initController(Object(CodeIgniter\HTTP\IncomingRequest), Object(CodeIgniter\HTTP\Response), Object(CodeIgniter\Log\Logger))
 2 SYSTEMPATH\CodeIgniter.php(498): CodeIgniter\CodeIgniter->createController()
 3 SYSTEMPATH\CodeIgniter.php(354): CodeIgniter\CodeIgniter->handleRequest(null, Object(Config\Cache), false)
 4 SYSTEMPATH\Boot.php(363): CodeIgniter\CodeIgniter->run()
 5 SYSTEMPATH\Boot.php(68): CodeIgniter\Boot::runCodeIgniter(Object(CodeIgniter\CodeIgniter))
 6 FCPATH\index.php(67): CodeIgniter\Boot::bootWeb(Object(Config\Paths))
WARNING - 2026-02-18 04:22:49 --> [DEPRECATED] Creation of dynamic property App\Services\OngkirService::$baseUrl is deprecated in APPPATH\Services\OngkirService.php on line 11.
 1 APPPATH\Controllers\CartController.php(186): App\Services\OngkirService->__construct()
 2 SYSTEMPATH\CodeIgniter.php(933): App\Controllers\CartController->shipping()
 3 SYSTEMPATH\CodeIgniter.php(507): CodeIgniter\CodeIgniter->runController(Object(App\Controllers\CartController))
 4 SYSTEMPATH\CodeIgniter.php(354): CodeIgniter\CodeIgniter->handleRequest(null, Object(Config\Cache), false)
 5 SYSTEMPATH\Boot.php(363): CodeIgniter\CodeIgniter->run()
 6 SYSTEMPATH\Boot.php(68): CodeIgniter\Boot::runCodeIgniter(Object(CodeIgniter\CodeIgniter))
 7 FCPATH\index.php(67): CodeIgniter\Boot::bootWeb(Object(Config\Paths))
WARNING - 2026-02-18 04:22:49 --> [DEPRECATED] Creation of dynamic property App\Services\OngkirService::$CALCULATE_DELIVERY_COST is deprecated in APPPATH\Services\OngkirService.php on line 12.
 1 APPPATH\Controllers\CartController.php(186): App\Services\OngkirService->__construct()
 2 SYSTEMPATH\CodeIgniter.php(933): App\Controllers\CartController->shipping()
 3 SYSTEMPATH\CodeIgniter.php(507): CodeIgniter\CodeIgniter->runController(Object(App\Controllers\CartController))
 4 SYSTEMPATH\CodeIgniter.php(354): CodeIgniter\CodeIgniter->handleRequest(null, Object(Config\Cache), false)
 5 SYSTEMPATH\Boot.php(363): CodeIgniter\CodeIgniter->run()
 6 SYSTEMPATH\Boot.php(68): CodeIgniter\Boot::runCodeIgniter(Object(CodeIgniter\CodeIgniter))
 7 FCPATH\index.php(67): CodeIgniter\Boot::bootWeb(Object(Config\Paths))
WARNING - 2026-02-18 04:22:49 --> [DEPRECATED] Creation of dynamic property App\Services\OngkirService::$apiKey is deprecated in APPPATH\Services\OngkirService.php on line 13.
 1 APPPATH\Controllers\CartController.php(186): App\Services\OngkirService->__construct()
 2 SYSTEMPATH\CodeIgniter.php(933): App\Controllers\CartController->shipping()
 3 SYSTEMPATH\CodeIgniter.php(507): CodeIgniter\CodeIgniter->runController(Object(App\Controllers\CartController))
 4 SYSTEMPATH\CodeIgniter.php(354): CodeIgniter\CodeIgniter->handleRequest(null, Object(Config\Cache), false)
 5 SYSTEMPATH\Boot.php(363): CodeIgniter\CodeIgniter->run()
 6 SYSTEMPATH\Boot.php(68): CodeIgniter\Boot::runCodeIgniter(Object(CodeIgniter\CodeIgniter))
 7 FCPATH\index.php(67): CodeIgniter\Boot::bootWeb(Object(Config\Paths))
WARNING - 2026-02-18 04:22:49 --> [DEPRECATED] Creation of dynamic property App\Services\OngkirService::$listCourier is deprecated in APPPATH\Services\OngkirService.php on line 14.
 1 APPPATH\Controllers\CartController.php(186): App\Services\OngkirService->__construct()
 2 SYSTEMPATH\CodeIgniter.php(933): App\Controllers\CartController->shipping()
 3 SYSTEMPATH\CodeIgniter.php(507): CodeIgniter\CodeIgniter->runController(Object(App\Controllers\CartController))
 4 SYSTEMPATH\CodeIgniter.php(354): CodeIgniter\CodeIgniter->handleRequest(null, Object(Config\Cache), false)
 5 SYSTEMPATH\Boot.php(363): CodeIgniter\CodeIgniter->run()
 6 SYSTEMPATH\Boot.php(68): CodeIgniter\Boot::runCodeIgniter(Object(CodeIgniter\CodeIgniter))
 7 FCPATH\index.php(67): CodeIgniter\Boot::bootWeb(Object(Config\Paths))
WARNING - 2026-02-18 04:22:49 --> [DEPRECATED] Creation of dynamic property App\Models\CartModel::$builderCheckouts is deprecated in APPPATH\Models\CartModel.php on line 15.
 1 APPPATH\Controllers\BaseController.php(147): App\Models\CartModel->__construct()
 2 APPPATH\Controllers\AjaxController.php(20): App\Controllers\BaseController->initController(Object(CodeIgniter\HTTP\IncomingRequest), Object(CodeIgniter\HTTP\Response), Object(CodeIgniter\Log\Logger))
 3 SYSTEMPATH\CodeIgniter.php(904): App\Controllers\AjaxController->initController(Object(CodeIgniter\HTTP\IncomingRequest), Object(CodeIgniter\HTTP\Response), Object(CodeIgniter\Log\Logger))
 4 SYSTEMPATH\CodeIgniter.php(498): CodeIgniter\CodeIgniter->createController()
 5 SYSTEMPATH\CodeIgniter.php(354): CodeIgniter\CodeIgniter->handleRequest(null, Object(Config\Cache), false)
 6 SYSTEMPATH\Boot.php(363): CodeIgniter\CodeIgniter->run()
 7 SYSTEMPATH\Boot.php(68): CodeIgniter\Boot::runCodeIgniter(Object(CodeIgniter\CodeIgniter))
 8 FCPATH\index.php(67): CodeIgniter\Boot::bootWeb(Object(Config\Paths))
WARNING - 2026-02-18 04:22:49 --> [DEPRECATED] Creation of dynamic property App\Models\CartModel::$builderCheckoutItems is deprecated in APPPATH\Models\CartModel.php on line 16.
 1 APPPATH\Controllers\BaseController.php(147): App\Models\CartModel->__construct()
 2 APPPATH\Controllers\AjaxController.php(20): App\Controllers\BaseController->initController(Object(CodeIgniter\HTTP\IncomingRequest), Object(CodeIgniter\HTTP\Response), Object(CodeIgniter\Log\Logger))
 3 SYSTEMPATH\CodeIgniter.php(904): App\Controllers\AjaxController->initController(Object(CodeIgniter\HTTP\IncomingRequest), Object(CodeIgniter\HTTP\Response), Object(CodeIgniter\Log\Logger))
 4 SYSTEMPATH\CodeIgniter.php(498): CodeIgniter\CodeIgniter->createController()
 5 SYSTEMPATH\CodeIgniter.php(354): CodeIgniter\CodeIgniter->handleRequest(null, Object(Config\Cache), false)
 6 SYSTEMPATH\Boot.php(363): CodeIgniter\CodeIgniter->run()
 7 SYSTEMPATH\Boot.php(68): CodeIgniter\Boot::runCodeIgniter(Object(CodeIgniter\CodeIgniter))
 8 FCPATH\index.php(67): CodeIgniter\Boot::bootWeb(Object(Config\Paths))
WARNING - 2026-02-18 04:22:49 --> [DEPRECATED] Creation of dynamic property App\Models\CartModel::$builderPaymentMethods is deprecated in APPPATH\Models\CartModel.php on line 17.
 1 APPPATH\Controllers\BaseController.php(147): App\Models\CartModel->__construct()
 2 APPPATH\Controllers\AjaxController.php(20): App\Controllers\BaseController->initController(Object(CodeIgniter\HTTP\IncomingRequest), Object(CodeIgniter\HTTP\Response), Object(CodeIgniter\Log\Logger))
 3 SYSTEMPATH\CodeIgniter.php(904): App\Controllers\AjaxController->initController(Object(CodeIgniter\HTTP\IncomingRequest), Object(CodeIgniter\HTTP\Response), Object(CodeIgniter\Log\Logger))
 4 SYSTEMPATH\CodeIgniter.php(498): CodeIgniter\CodeIgniter->createController()
 5 SYSTEMPATH\CodeIgniter.php(354): CodeIgniter\CodeIgniter->handleRequest(null, Object(Config\Cache), false)
 6 SYSTEMPATH\Boot.php(363): CodeIgniter\CodeIgniter->run()
 7 SYSTEMPATH\Boot.php(68): CodeIgniter\Boot::runCodeIgniter(Object(CodeIgniter\CodeIgniter))
 8 FCPATH\index.php(67): CodeIgniter\Boot::bootWeb(Object(Config\Paths))
WARNING - 2026-02-18 04:22:51 --> [DEPRECATED] Creation of dynamic property App\Models\CartModel::$builderCheckouts is deprecated in APPPATH\Models\CartModel.php on line 15.
 1 APPPATH\Controllers\BaseController.php(147): App\Models\CartModel->__construct()
 2 APPPATH\Controllers\CartController.php(25): App\Controllers\BaseController->initController(Object(CodeIgniter\HTTP\IncomingRequest), Object(CodeIgniter\HTTP\Response), Object(CodeIgniter\Log\Logger))
 3 SYSTEMPATH\CodeIgniter.php(904): App\Controllers\CartController->initController(Object(CodeIgniter\HTTP\IncomingRequest), Object(CodeIgniter\HTTP\Response), Object(CodeIgniter\Log\Logger))
 4 SYSTEMPATH\CodeIgniter.php(498): CodeIgniter\CodeIgniter->createController()
 5 SYSTEMPATH\CodeIgniter.php(354): CodeIgniter\CodeIgniter->handleRequest(null, Object(Config\Cache), false)
 6 SYSTEMPATH\Boot.php(363): CodeIgniter\CodeIgniter->run()
 7 SYSTEMPATH\Boot.php(68): CodeIgniter\Boot::runCodeIgniter(Object(CodeIgniter\CodeIgniter))
 8 FCPATH\index.php(67): CodeIgniter\Boot::bootWeb(Object(Config\Paths))
WARNING - 2026-02-18 04:22:51 --> [DEPRECATED] Creation of dynamic property App\Models\CartModel::$builderCheckoutItems is deprecated in APPPATH\Models\CartModel.php on line 16.
 1 APPPATH\Controllers\BaseController.php(147): App\Models\CartModel->__construct()
 2 APPPATH\Controllers\CartController.php(25): App\Controllers\BaseController->initController(Object(CodeIgniter\HTTP\IncomingRequest), Object(CodeIgniter\HTTP\Response), Object(CodeIgniter\Log\Logger))
 3 SYSTEMPATH\CodeIgniter.php(904): App\Controllers\CartController->initController(Object(CodeIgniter\HTTP\IncomingRequest), Object(CodeIgniter\HTTP\Response), Object(CodeIgniter\Log\Logger))
 4 SYSTEMPATH\CodeIgniter.php(498): CodeIgniter\CodeIgniter->createController()
 5 SYSTEMPATH\CodeIgniter.php(354): CodeIgniter\CodeIgniter->handleRequest(null, Object(Config\Cache), false)
 6 SYSTEMPATH\Boot.php(363): CodeIgniter\CodeIgniter->run()
 7 SYSTEMPATH\Boot.php(68): CodeIgniter\Boot::runCodeIgniter(Object(CodeIgniter\CodeIgniter))
 8 FCPATH\index.php(67): CodeIgniter\Boot::bootWeb(Object(Config\Paths))
WARNING - 2026-02-18 04:22:51 --> [DEPRECATED] Creation of dynamic property App\Models\CartModel::$builderPaymentMethods is deprecated in APPPATH\Models\CartModel.php on line 17.
 1 APPPATH\Controllers\BaseController.php(147): App\Models\CartModel->__construct()
 2 APPPATH\Controllers\CartController.php(25): App\Controllers\BaseController->initController(Object(CodeIgniter\HTTP\IncomingRequest), Object(CodeIgniter\HTTP\Response), Object(CodeIgniter\Log\Logger))
 3 SYSTEMPATH\CodeIgniter.php(904): App\Controllers\CartController->initController(Object(CodeIgniter\HTTP\IncomingRequest), Object(CodeIgniter\HTTP\Response), Object(CodeIgniter\Log\Logger))
 4 SYSTEMPATH\CodeIgniter.php(498): CodeIgniter\CodeIgniter->createController()
 5 SYSTEMPATH\CodeIgniter.php(354): CodeIgniter\CodeIgniter->handleRequest(null, Object(Config\Cache), false)
 6 SYSTEMPATH\Boot.php(363): CodeIgniter\CodeIgniter->run()
 7 SYSTEMPATH\Boot.php(68): CodeIgniter\Boot::runCodeIgniter(Object(CodeIgniter\CodeIgniter))
 8 FCPATH\index.php(67): CodeIgniter\Boot::bootWeb(Object(Config\Paths))
WARNING - 2026-02-18 04:22:51 --> [DEPRECATED] Creation of dynamic property App\Models\CartModel::$builderCheckouts is deprecated in APPPATH\Models\CartModel.php on line 15.
 1 APPPATH\Controllers\CartController.php(26): App\Models\CartModel->__construct()
 2 SYSTEMPATH\CodeIgniter.php(904): App\Controllers\CartController->initController(Object(CodeIgniter\HTTP\IncomingRequest), Object(CodeIgniter\HTTP\Response), Object(CodeIgniter\Log\Logger))
 3 SYSTEMPATH\CodeIgniter.php(498): CodeIgniter\CodeIgniter->createController()
 4 SYSTEMPATH\CodeIgniter.php(354): CodeIgniter\CodeIgniter->handleRequest(null, Object(Config\Cache), false)
 5 SYSTEMPATH\Boot.php(363): CodeIgniter\CodeIgniter->run()
 6 SYSTEMPATH\Boot.php(68): CodeIgniter\Boot::runCodeIgniter(Object(CodeIgniter\CodeIgniter))
 7 FCPATH\index.php(67): CodeIgniter\Boot::bootWeb(Object(Config\Paths))
WARNING - 2026-02-18 04:22:51 --> [DEPRECATED] Creation of dynamic property App\Models\CartModel::$builderCheckoutItems is deprecated in APPPATH\Models\CartModel.php on line 16.
 1 APPPATH\Controllers\CartController.php(26): App\Models\CartModel->__construct()
 2 SYSTEMPATH\CodeIgniter.php(904): App\Controllers\CartController->initController(Object(CodeIgniter\HTTP\IncomingRequest), Object(CodeIgniter\HTTP\Response), Object(CodeIgniter\Log\Logger))
 3 SYSTEMPATH\CodeIgniter.php(498): CodeIgniter\CodeIgniter->createController()
 4 SYSTEMPATH\CodeIgniter.php(354): CodeIgniter\CodeIgniter->handleRequest(null, Object(Config\Cache), false)
 5 SYSTEMPATH\Boot.php(363): CodeIgniter\CodeIgniter->run()
 6 SYSTEMPATH\Boot.php(68): CodeIgniter\Boot::runCodeIgniter(Object(CodeIgniter\CodeIgniter))
 7 FCPATH\index.php(67): CodeIgniter\Boot::bootWeb(Object(Config\Paths))
WARNING - 2026-02-18 04:22:51 --> [DEPRECATED] Creation of dynamic property App\Models\CartModel::$builderPaymentMethods is deprecated in APPPATH\Models\CartModel.php on line 17.
 1 APPPATH\Controllers\CartController.php(26): App\Models\CartModel->__construct()
 2 SYSTEMPATH\CodeIgniter.php(904): App\Controllers\CartController->initController(Object(CodeIgniter\HTTP\IncomingRequest), Object(CodeIgniter\HTTP\Response), Object(CodeIgniter\Log\Logger))
 3 SYSTEMPATH\CodeIgniter.php(498): CodeIgniter\CodeIgniter->createController()
 4 SYSTEMPATH\CodeIgniter.php(354): CodeIgniter\CodeIgniter->handleRequest(null, Object(Config\Cache), false)
 5 SYSTEMPATH\Boot.php(363): CodeIgniter\CodeIgniter->run()
 6 SYSTEMPATH\Boot.php(68): CodeIgniter\Boot::runCodeIgniter(Object(CodeIgniter\CodeIgniter))
 7 FCPATH\index.php(67): CodeIgniter\Boot::bootWeb(Object(Config\Paths))
WARNING - 2026-02-18 04:22:51 --> [DEPRECATED] Creation of dynamic property App\Controllers\CartController::$apiKey is deprecated in APPPATH\Controllers\CartController.php on line 34.
 1 SYSTEMPATH\CodeIgniter.php(904): App\Controllers\CartController->initController(Object(CodeIgniter\HTTP\IncomingRequest), Object(CodeIgniter\HTTP\Response), Object(CodeIgniter\Log\Logger))
 2 SYSTEMPATH\CodeIgniter.php(498): CodeIgniter\CodeIgniter->createController()
 3 SYSTEMPATH\CodeIgniter.php(354): CodeIgniter\CodeIgniter->handleRequest(null, Object(Config\Cache), false)
 4 SYSTEMPATH\Boot.php(363): CodeIgniter\CodeIgniter->run()
 5 SYSTEMPATH\Boot.php(68): CodeIgniter\Boot::runCodeIgniter(Object(CodeIgniter\CodeIgniter))
 6 FCPATH\index.php(67): CodeIgniter\Boot::bootWeb(Object(Config\Paths))
WARNING - 2026-02-18 04:23:02 --> [DEPRECATED] Creation of dynamic property App\Models\CartModel::$builderCheckouts is deprecated in APPPATH\Models\CartModel.php on line 15.
 1 APPPATH\Controllers\BaseController.php(147): App\Models\CartModel->__construct()
 2 APPPATH\Controllers\CartController.php(25): App\Controllers\BaseController->initController(Object(CodeIgniter\HTTP\IncomingRequest), Object(CodeIgniter\HTTP\Response), Object(CodeIgniter\Log\Logger))
 3 SYSTEMPATH\CodeIgniter.php(904): App\Controllers\CartController->initController(Object(CodeIgniter\HTTP\IncomingRequest), Object(CodeIgniter\HTTP\Response), Object(CodeIgniter\Log\Logger))
 4 SYSTEMPATH\CodeIgniter.php(498): CodeIgniter\CodeIgniter->createController()
 5 SYSTEMPATH\CodeIgniter.php(354): CodeIgniter\CodeIgniter->handleRequest(null, Object(Config\Cache), false)
 6 SYSTEMPATH\Boot.php(363): CodeIgniter\CodeIgniter->run()
 7 SYSTEMPATH\Boot.php(68): CodeIgniter\Boot::runCodeIgniter(Object(CodeIgniter\CodeIgniter))
 8 FCPATH\index.php(67): CodeIgniter\Boot::bootWeb(Object(Config\Paths))
WARNING - 2026-02-18 04:23:02 --> [DEPRECATED] Creation of dynamic property App\Models\CartModel::$builderCheckoutItems is deprecated in APPPATH\Models\CartModel.php on line 16.
 1 APPPATH\Controllers\BaseController.php(147): App\Models\CartModel->__construct()
 2 APPPATH\Controllers\CartController.php(25): App\Controllers\BaseController->initController(Object(CodeIgniter\HTTP\IncomingRequest), Object(CodeIgniter\HTTP\Response), Object(CodeIgniter\Log\Logger))
 3 SYSTEMPATH\CodeIgniter.php(904): App\Controllers\CartController->initController(Object(CodeIgniter\HTTP\IncomingRequest), Object(CodeIgniter\HTTP\Response), Object(CodeIgniter\Log\Logger))
 4 SYSTEMPATH\CodeIgniter.php(498): CodeIgniter\CodeIgniter->createController()
 5 SYSTEMPATH\CodeIgniter.php(354): CodeIgniter\CodeIgniter->handleRequest(null, Object(Config\Cache), false)
 6 SYSTEMPATH\Boot.php(363): CodeIgniter\CodeIgniter->run()
 7 SYSTEMPATH\Boot.php(68): CodeIgniter\Boot::runCodeIgniter(Object(CodeIgniter\CodeIgniter))
 8 FCPATH\index.php(67): CodeIgniter\Boot::bootWeb(Object(Config\Paths))
WARNING - 2026-02-18 04:23:02 --> [DEPRECATED] Creation of dynamic property App\Models\CartModel::$builderPaymentMethods is deprecated in APPPATH\Models\CartModel.php on line 17.
 1 APPPATH\Controllers\BaseController.php(147): App\Models\CartModel->__construct()
 2 APPPATH\Controllers\CartController.php(25): App\Controllers\BaseController->initController(Object(CodeIgniter\HTTP\IncomingRequest), Object(CodeIgniter\HTTP\Response), Object(CodeIgniter\Log\Logger))
 3 SYSTEMPATH\CodeIgniter.php(904): App\Controllers\CartController->initController(Object(CodeIgniter\HTTP\IncomingRequest), Object(CodeIgniter\HTTP\Response), Object(CodeIgniter\Log\Logger))
 4 SYSTEMPATH\CodeIgniter.php(498): CodeIgniter\CodeIgniter->createController()
 5 SYSTEMPATH\CodeIgniter.php(354): CodeIgniter\CodeIgniter->handleRequest(null, Object(Config\Cache), false)
 6 SYSTEMPATH\Boot.php(363): CodeIgniter\CodeIgniter->run()
 7 SYSTEMPATH\Boot.php(68): CodeIgniter\Boot::runCodeIgniter(Object(CodeIgniter\CodeIgniter))
 8 FCPATH\index.php(67): CodeIgniter\Boot::bootWeb(Object(Config\Paths))
WARNING - 2026-02-18 04:23:02 --> [DEPRECATED] Creation of dynamic property App\Models\CartModel::$builderCheckouts is deprecated in APPPATH\Models\CartModel.php on line 15.
 1 APPPATH\Controllers\CartController.php(26): App\Models\CartModel->__construct()
 2 SYSTEMPATH\CodeIgniter.php(904): App\Controllers\CartController->initController(Object(CodeIgniter\HTTP\IncomingRequest), Object(CodeIgniter\HTTP\Response), Object(CodeIgniter\Log\Logger))
 3 SYSTEMPATH\CodeIgniter.php(498): CodeIgniter\CodeIgniter->createController()
 4 SYSTEMPATH\CodeIgniter.php(354): CodeIgniter\CodeIgniter->handleRequest(null, Object(Config\Cache), false)
 5 SYSTEMPATH\Boot.php(363): CodeIgniter\CodeIgniter->run()
 6 SYSTEMPATH\Boot.php(68): CodeIgniter\Boot::runCodeIgniter(Object(CodeIgniter\CodeIgniter))
 7 FCPATH\index.php(67): CodeIgniter\Boot::bootWeb(Object(Config\Paths))
WARNING - 2026-02-18 04:23:02 --> [DEPRECATED] Creation of dynamic property App\Models\CartModel::$builderCheckoutItems is deprecated in APPPATH\Models\CartModel.php on line 16.
 1 APPPATH\Controllers\CartController.php(26): App\Models\CartModel->__construct()
 2 SYSTEMPATH\CodeIgniter.php(904): App\Controllers\CartController->initController(Object(CodeIgniter\HTTP\IncomingRequest), Object(CodeIgniter\HTTP\Response), Object(CodeIgniter\Log\Logger))
 3 SYSTEMPATH\CodeIgniter.php(498): CodeIgniter\CodeIgniter->createController()
 4 SYSTEMPATH\CodeIgniter.php(354): CodeIgniter\CodeIgniter->handleRequest(null, Object(Config\Cache), false)
 5 SYSTEMPATH\Boot.php(363): CodeIgniter\CodeIgniter->run()
 6 SYSTEMPATH\Boot.php(68): CodeIgniter\Boot::runCodeIgniter(Object(CodeIgniter\CodeIgniter))
 7 FCPATH\index.php(67): CodeIgniter\Boot::bootWeb(Object(Config\Paths))
WARNING - 2026-02-18 04:23:02 --> [DEPRECATED] Creation of dynamic property App\Models\CartModel::$builderPaymentMethods is deprecated in APPPATH\Models\CartModel.php on line 17.
 1 APPPATH\Controllers\CartController.php(26): App\Models\CartModel->__construct()
 2 SYSTEMPATH\CodeIgniter.php(904): App\Controllers\CartController->initController(Object(CodeIgniter\HTTP\IncomingRequest), Object(CodeIgniter\HTTP\Response), Object(CodeIgniter\Log\Logger))
 3 SYSTEMPATH\CodeIgniter.php(498): CodeIgniter\CodeIgniter->createController()
 4 SYSTEMPATH\CodeIgniter.php(354): CodeIgniter\CodeIgniter->handleRequest(null, Object(Config\Cache), false)
 5 SYSTEMPATH\Boot.php(363): CodeIgniter\CodeIgniter->run()
 6 SYSTEMPATH\Boot.php(68): CodeIgniter\Boot::runCodeIgniter(Object(CodeIgniter\CodeIgniter))
 7 FCPATH\index.php(67): CodeIgniter\Boot::bootWeb(Object(Config\Paths))
WARNING - 2026-02-18 04:23:02 --> [DEPRECATED] Creation of dynamic property App\Controllers\CartController::$apiKey is deprecated in APPPATH\Controllers\CartController.php on line 34.
 1 SYSTEMPATH\CodeIgniter.php(904): App\Controllers\CartController->initController(Object(CodeIgniter\HTTP\IncomingRequest), Object(CodeIgniter\HTTP\Response), Object(CodeIgniter\Log\Logger))
 2 SYSTEMPATH\CodeIgniter.php(498): CodeIgniter\CodeIgniter->createController()
 3 SYSTEMPATH\CodeIgniter.php(354): CodeIgniter\CodeIgniter->handleRequest(null, Object(Config\Cache), false)
 4 SYSTEMPATH\Boot.php(363): CodeIgniter\CodeIgniter->run()
 5 SYSTEMPATH\Boot.php(68): CodeIgniter\Boot::runCodeIgniter(Object(CodeIgniter\CodeIgniter))
 6 FCPATH\index.php(67): CodeIgniter\Boot::bootWeb(Object(Config\Paths))
ERROR - 2026-02-18 04:23:02 --> Checkout Error: Call to undefined function App\Models\generateOrderNumber()
WARNING - 2026-02-18 04:24:43 --> [DEPRECATED] Creation of dynamic property App\Models\CartModel::$builderCheckouts is deprecated in APPPATH\Models\CartModel.php on line 15.
 1 APPPATH\Controllers\BaseController.php(147): App\Models\CartModel->__construct()
 2 APPPATH\Controllers\CartController.php(25): App\Controllers\BaseController->initController(Object(CodeIgniter\HTTP\IncomingRequest), Object(CodeIgniter\HTTP\Response), Object(CodeIgniter\Log\Logger))
 3 SYSTEMPATH\CodeIgniter.php(904): App\Controllers\CartController->initController(Object(CodeIgniter\HTTP\IncomingRequest), Object(CodeIgniter\HTTP\Response), Object(CodeIgniter\Log\Logger))
 4 SYSTEMPATH\CodeIgniter.php(498): CodeIgniter\CodeIgniter->createController()
 5 SYSTEMPATH\CodeIgniter.php(354): CodeIgniter\CodeIgniter->handleRequest(null, Object(Config\Cache), false)
 6 SYSTEMPATH\Boot.php(363): CodeIgniter\CodeIgniter->run()
 7 SYSTEMPATH\Boot.php(68): CodeIgniter\Boot::runCodeIgniter(Object(CodeIgniter\CodeIgniter))
 8 FCPATH\index.php(67): CodeIgniter\Boot::bootWeb(Object(Config\Paths))
WARNING - 2026-02-18 04:24:43 --> [DEPRECATED] Creation of dynamic property App\Models\CartModel::$builderCheckoutItems is deprecated in APPPATH\Models\CartModel.php on line 16.
 1 APPPATH\Controllers\BaseController.php(147): App\Models\CartModel->__construct()
 2 APPPATH\Controllers\CartController.php(25): App\Controllers\BaseController->initController(Object(CodeIgniter\HTTP\IncomingRequest), Object(CodeIgniter\HTTP\Response), Object(CodeIgniter\Log\Logger))
 3 SYSTEMPATH\CodeIgniter.php(904): App\Controllers\CartController->initController(Object(CodeIgniter\HTTP\IncomingRequest), Object(CodeIgniter\HTTP\Response), Object(CodeIgniter\Log\Logger))
 4 SYSTEMPATH\CodeIgniter.php(498): CodeIgniter\CodeIgniter->createController()
 5 SYSTEMPATH\CodeIgniter.php(354): CodeIgniter\CodeIgniter->handleRequest(null, Object(Config\Cache), false)
 6 SYSTEMPATH\Boot.php(363): CodeIgniter\CodeIgniter->run()
 7 SYSTEMPATH\Boot.php(68): CodeIgniter\Boot::runCodeIgniter(Object(CodeIgniter\CodeIgniter))
 8 FCPATH\index.php(67): CodeIgniter\Boot::bootWeb(Object(Config\Paths))
WARNING - 2026-02-18 04:24:43 --> [DEPRECATED] Creation of dynamic property App\Models\CartModel::$builderPaymentMethods is deprecated in APPPATH\Models\CartModel.php on line 17.
 1 APPPATH\Controllers\BaseController.php(147): App\Models\CartModel->__construct()
 2 APPPATH\Controllers\CartController.php(25): App\Controllers\BaseController->initController(Object(CodeIgniter\HTTP\IncomingRequest), Object(CodeIgniter\HTTP\Response), Object(CodeIgniter\Log\Logger))
 3 SYSTEMPATH\CodeIgniter.php(904): App\Controllers\CartController->initController(Object(CodeIgniter\HTTP\IncomingRequest), Object(CodeIgniter\HTTP\Response), Object(CodeIgniter\Log\Logger))
 4 SYSTEMPATH\CodeIgniter.php(498): CodeIgniter\CodeIgniter->createController()
 5 SYSTEMPATH\CodeIgniter.php(354): CodeIgniter\CodeIgniter->handleRequest(null, Object(Config\Cache), false)
 6 SYSTEMPATH\Boot.php(363): CodeIgniter\CodeIgniter->run()
 7 SYSTEMPATH\Boot.php(68): CodeIgniter\Boot::runCodeIgniter(Object(CodeIgniter\CodeIgniter))
 8 FCPATH\index.php(67): CodeIgniter\Boot::bootWeb(Object(Config\Paths))
WARNING - 2026-02-18 04:24:43 --> [DEPRECATED] Creation of dynamic property App\Models\CartModel::$builderCheckouts is deprecated in APPPATH\Models\CartModel.php on line 15.
 1 APPPATH\Controllers\CartController.php(26): App\Models\CartModel->__construct()
 2 SYSTEMPATH\CodeIgniter.php(904): App\Controllers\CartController->initController(Object(CodeIgniter\HTTP\IncomingRequest), Object(CodeIgniter\HTTP\Response), Object(CodeIgniter\Log\Logger))
 3 SYSTEMPATH\CodeIgniter.php(498): CodeIgniter\CodeIgniter->createController()
 4 SYSTEMPATH\CodeIgniter.php(354): CodeIgniter\CodeIgniter->handleRequest(null, Object(Config\Cache), false)
 5 SYSTEMPATH\Boot.php(363): CodeIgniter\CodeIgniter->run()
 6 SYSTEMPATH\Boot.php(68): CodeIgniter\Boot::runCodeIgniter(Object(CodeIgniter\CodeIgniter))
 7 FCPATH\index.php(67): CodeIgniter\Boot::bootWeb(Object(Config\Paths))
WARNING - 2026-02-18 04:24:43 --> [DEPRECATED] Creation of dynamic property App\Models\CartModel::$builderCheckoutItems is deprecated in APPPATH\Models\CartModel.php on line 16.
 1 APPPATH\Controllers\CartController.php(26): App\Models\CartModel->__construct()
 2 SYSTEMPATH\CodeIgniter.php(904): App\Controllers\CartController->initController(Object(CodeIgniter\HTTP\IncomingRequest), Object(CodeIgniter\HTTP\Response), Object(CodeIgniter\Log\Logger))
 3 SYSTEMPATH\CodeIgniter.php(498): CodeIgniter\CodeIgniter->createController()
 4 SYSTEMPATH\CodeIgniter.php(354): CodeIgniter\CodeIgniter->handleRequest(null, Object(Config\Cache), false)
 5 SYSTEMPATH\Boot.php(363): CodeIgniter\CodeIgniter->run()
 6 SYSTEMPATH\Boot.php(68): CodeIgniter\Boot::runCodeIgniter(Object(CodeIgniter\CodeIgniter))
 7 FCPATH\index.php(67): CodeIgniter\Boot::bootWeb(Object(Config\Paths))
WARNING - 2026-02-18 04:24:43 --> [DEPRECATED] Creation of dynamic property App\Models\CartModel::$builderPaymentMethods is deprecated in APPPATH\Models\CartModel.php on line 17.
 1 APPPATH\Controllers\CartController.php(26): App\Models\CartModel->__construct()
 2 SYSTEMPATH\CodeIgniter.php(904): App\Controllers\CartController->initController(Object(CodeIgniter\HTTP\IncomingRequest), Object(CodeIgniter\HTTP\Response), Object(CodeIgniter\Log\Logger))
 3 SYSTEMPATH\CodeIgniter.php(498): CodeIgniter\CodeIgniter->createController()
 4 SYSTEMPATH\CodeIgniter.php(354): CodeIgniter\CodeIgniter->handleRequest(null, Object(Config\Cache), false)
 5 SYSTEMPATH\Boot.php(363): CodeIgniter\CodeIgniter->run()
 6 SYSTEMPATH\Boot.php(68): CodeIgniter\Boot::runCodeIgniter(Object(CodeIgniter\CodeIgniter))
 7 FCPATH\index.php(67): CodeIgniter\Boot::bootWeb(Object(Config\Paths))
WARNING - 2026-02-18 04:24:43 --> [DEPRECATED] Creation of dynamic property App\Controllers\CartController::$apiKey is deprecated in APPPATH\Controllers\CartController.php on line 34.
 1 SYSTEMPATH\CodeIgniter.php(904): App\Controllers\CartController->initController(Object(CodeIgniter\HTTP\IncomingRequest), Object(CodeIgniter\HTTP\Response), Object(CodeIgniter\Log\Logger))
 2 SYSTEMPATH\CodeIgniter.php(498): CodeIgniter\CodeIgniter->createController()
 3 SYSTEMPATH\CodeIgniter.php(354): CodeIgniter\CodeIgniter->handleRequest(null, Object(Config\Cache), false)
 4 SYSTEMPATH\Boot.php(363): CodeIgniter\CodeIgniter->run()
 5 SYSTEMPATH\Boot.php(68): CodeIgniter\Boot::runCodeIgniter(Object(CodeIgniter\CodeIgniter))
 6 FCPATH\index.php(67): CodeIgniter\Boot::bootWeb(Object(Config\Paths))
ERROR - 2026-02-18 04:24:43 --> Checkout Error: Call to undefined function App\Models\generateOrderNumber()
WARNING - 2026-02-18 04:26:02 --> [DEPRECATED] Creation of dynamic property App\Models\CartModel::$builderCheckouts is deprecated in APPPATH\Models\CartModel.php on line 15.
 1 APPPATH\Controllers\BaseController.php(147): App\Models\CartModel->__construct()
 2 APPPATH\Controllers\CartController.php(25): App\Controllers\BaseController->initController(Object(CodeIgniter\HTTP\IncomingRequest), Object(CodeIgniter\HTTP\Response), Object(CodeIgniter\Log\Logger))
 3 SYSTEMPATH\CodeIgniter.php(904): App\Controllers\CartController->initController(Object(CodeIgniter\HTTP\IncomingRequest), Object(CodeIgniter\HTTP\Response), Object(CodeIgniter\Log\Logger))
 4 SYSTEMPATH\CodeIgniter.php(498): CodeIgniter\CodeIgniter->createController()
 5 SYSTEMPATH\CodeIgniter.php(354): CodeIgniter\CodeIgniter->handleRequest(null, Object(Config\Cache), false)
 6 SYSTEMPATH\Boot.php(363): CodeIgniter\CodeIgniter->run()
 7 SYSTEMPATH\Boot.php(68): CodeIgniter\Boot::runCodeIgniter(Object(CodeIgniter\CodeIgniter))
 8 FCPATH\index.php(67): CodeIgniter\Boot::bootWeb(Object(Config\Paths))
WARNING - 2026-02-18 04:26:02 --> [DEPRECATED] Creation of dynamic property App\Models\CartModel::$builderCheckoutItems is deprecated in APPPATH\Models\CartModel.php on line 16.
 1 APPPATH\Controllers\BaseController.php(147): App\Models\CartModel->__construct()
 2 APPPATH\Controllers\CartController.php(25): App\Controllers\BaseController->initController(Object(CodeIgniter\HTTP\IncomingRequest), Object(CodeIgniter\HTTP\Response), Object(CodeIgniter\Log\Logger))
 3 SYSTEMPATH\CodeIgniter.php(904): App\Controllers\CartController->initController(Object(CodeIgniter\HTTP\IncomingRequest), Object(CodeIgniter\HTTP\Response), Object(CodeIgniter\Log\Logger))
 4 SYSTEMPATH\CodeIgniter.php(498): CodeIgniter\CodeIgniter->createController()
 5 SYSTEMPATH\CodeIgniter.php(354): CodeIgniter\CodeIgniter->handleRequest(null, Object(Config\Cache), false)
 6 SYSTEMPATH\Boot.php(363): CodeIgniter\CodeIgniter->run()
 7 SYSTEMPATH\Boot.php(68): CodeIgniter\Boot::runCodeIgniter(Object(CodeIgniter\CodeIgniter))
 8 FCPATH\index.php(67): CodeIgniter\Boot::bootWeb(Object(Config\Paths))
WARNING - 2026-02-18 04:26:02 --> [DEPRECATED] Creation of dynamic property App\Models\CartModel::$builderPaymentMethods is deprecated in APPPATH\Models\CartModel.php on line 17.
 1 APPPATH\Controllers\BaseController.php(147): App\Models\CartModel->__construct()
 2 APPPATH\Controllers\CartController.php(25): App\Controllers\BaseController->initController(Object(CodeIgniter\HTTP\IncomingRequest), Object(CodeIgniter\HTTP\Response), Object(CodeIgniter\Log\Logger))
 3 SYSTEMPATH\CodeIgniter.php(904): App\Controllers\CartController->initController(Object(CodeIgniter\HTTP\IncomingRequest), Object(CodeIgniter\HTTP\Response), Object(CodeIgniter\Log\Logger))
 4 SYSTEMPATH\CodeIgniter.php(498): CodeIgniter\CodeIgniter->createController()
 5 SYSTEMPATH\CodeIgniter.php(354): CodeIgniter\CodeIgniter->handleRequest(null, Object(Config\Cache), false)
 6 SYSTEMPATH\Boot.php(363): CodeIgniter\CodeIgniter->run()
 7 SYSTEMPATH\Boot.php(68): CodeIgniter\Boot::runCodeIgniter(Object(CodeIgniter\CodeIgniter))
 8 FCPATH\index.php(67): CodeIgniter\Boot::bootWeb(Object(Config\Paths))
WARNING - 2026-02-18 04:26:02 --> [DEPRECATED] Creation of dynamic property App\Models\CartModel::$builderCheckouts is deprecated in APPPATH\Models\CartModel.php on line 15.
 1 APPPATH\Controllers\CartController.php(26): App\Models\CartModel->__construct()
 2 SYSTEMPATH\CodeIgniter.php(904): App\Controllers\CartController->initController(Object(CodeIgniter\HTTP\IncomingRequest), Object(CodeIgniter\HTTP\Response), Object(CodeIgniter\Log\Logger))
 3 SYSTEMPATH\CodeIgniter.php(498): CodeIgniter\CodeIgniter->createController()
 4 SYSTEMPATH\CodeIgniter.php(354): CodeIgniter\CodeIgniter->handleRequest(null, Object(Config\Cache), false)
 5 SYSTEMPATH\Boot.php(363): CodeIgniter\CodeIgniter->run()
 6 SYSTEMPATH\Boot.php(68): CodeIgniter\Boot::runCodeIgniter(Object(CodeIgniter\CodeIgniter))
 7 FCPATH\index.php(67): CodeIgniter\Boot::bootWeb(Object(Config\Paths))
WARNING - 2026-02-18 04:26:02 --> [DEPRECATED] Creation of dynamic property App\Models\CartModel::$builderCheckoutItems is deprecated in APPPATH\Models\CartModel.php on line 16.
 1 APPPATH\Controllers\CartController.php(26): App\Models\CartModel->__construct()
 2 SYSTEMPATH\CodeIgniter.php(904): App\Controllers\CartController->initController(Object(CodeIgniter\HTTP\IncomingRequest), Object(CodeIgniter\HTTP\Response), Object(CodeIgniter\Log\Logger))
 3 SYSTEMPATH\CodeIgniter.php(498): CodeIgniter\CodeIgniter->createController()
 4 SYSTEMPATH\CodeIgniter.php(354): CodeIgniter\CodeIgniter->handleRequest(null, Object(Config\Cache), false)
 5 SYSTEMPATH\Boot.php(363): CodeIgniter\CodeIgniter->run()
 6 SYSTEMPATH\Boot.php(68): CodeIgniter\Boot::runCodeIgniter(Object(CodeIgniter\CodeIgniter))
 7 FCPATH\index.php(67): CodeIgniter\Boot::bootWeb(Object(Config\Paths))
WARNING - 2026-02-18 04:26:02 --> [DEPRECATED] Creation of dynamic property App\Models\CartModel::$builderPaymentMethods is deprecated in APPPATH\Models\CartModel.php on line 17.
 1 APPPATH\Controllers\CartController.php(26): App\Models\CartModel->__construct()
 2 SYSTEMPATH\CodeIgniter.php(904): App\Controllers\CartController->initController(Object(CodeIgniter\HTTP\IncomingRequest), Object(CodeIgniter\HTTP\Response), Object(CodeIgniter\Log\Logger))
 3 SYSTEMPATH\CodeIgniter.php(498): CodeIgniter\CodeIgniter->createController()
 4 SYSTEMPATH\CodeIgniter.php(354): CodeIgniter\CodeIgniter->handleRequest(null, Object(Config\Cache), false)
 5 SYSTEMPATH\Boot.php(363): CodeIgniter\CodeIgniter->run()
 6 SYSTEMPATH\Boot.php(68): CodeIgniter\Boot::runCodeIgniter(Object(CodeIgniter\CodeIgniter))
 7 FCPATH\index.php(67): CodeIgniter\Boot::bootWeb(Object(Config\Paths))
WARNING - 2026-02-18 04:26:02 --> [DEPRECATED] Creation of dynamic property App\Controllers\CartController::$apiKey is deprecated in APPPATH\Controllers\CartController.php on line 34.
 1 SYSTEMPATH\CodeIgniter.php(904): App\Controllers\CartController->initController(Object(CodeIgniter\HTTP\IncomingRequest), Object(CodeIgniter\HTTP\Response), Object(CodeIgniter\Log\Logger))
 2 SYSTEMPATH\CodeIgniter.php(498): CodeIgniter\CodeIgniter->createController()
 3 SYSTEMPATH\CodeIgniter.php(354): CodeIgniter\CodeIgniter->handleRequest(null, Object(Config\Cache), false)
 4 SYSTEMPATH\Boot.php(363): CodeIgniter\CodeIgniter->run()
 5 SYSTEMPATH\Boot.php(68): CodeIgniter\Boot::runCodeIgniter(Object(CodeIgniter\CodeIgniter))
 6 FCPATH\index.php(67): CodeIgniter\Boot::bootWeb(Object(Config\Paths))
ERROR - 2026-02-18 04:26:02 --> Checkout Error: Call to undefined function App\Models\generateOrderNumber()
WARNING - 2026-02-18 04:26:28 --> [DEPRECATED] Creation of dynamic property App\Models\CartModel::$builderCheckouts is deprecated in APPPATH\Models\CartModel.php on line 15.
 1 APPPATH\Controllers\BaseController.php(147): App\Models\CartModel->__construct()
 2 APPPATH\Controllers\CartController.php(25): App\Controllers\BaseController->initController(Object(CodeIgniter\HTTP\IncomingRequest), Object(CodeIgniter\HTTP\Response), Object(CodeIgniter\Log\Logger))
 3 SYSTEMPATH\CodeIgniter.php(904): App\Controllers\CartController->initController(Object(CodeIgniter\HTTP\IncomingRequest), Object(CodeIgniter\HTTP\Response), Object(CodeIgniter\Log\Logger))
 4 SYSTEMPATH\CodeIgniter.php(498): CodeIgniter\CodeIgniter->createController()
 5 SYSTEMPATH\CodeIgniter.php(354): CodeIgniter\CodeIgniter->handleRequest(null, Object(Config\Cache), false)
 6 SYSTEMPATH\Boot.php(363): CodeIgniter\CodeIgniter->run()
 7 SYSTEMPATH\Boot.php(68): CodeIgniter\Boot::runCodeIgniter(Object(CodeIgniter\CodeIgniter))
 8 FCPATH\index.php(67): CodeIgniter\Boot::bootWeb(Object(Config\Paths))
WARNING - 2026-02-18 04:26:28 --> [DEPRECATED] Creation of dynamic property App\Models\CartModel::$builderCheckoutItems is deprecated in APPPATH\Models\CartModel.php on line 16.
 1 APPPATH\Controllers\BaseController.php(147): App\Models\CartModel->__construct()
 2 APPPATH\Controllers\CartController.php(25): App\Controllers\BaseController->initController(Object(CodeIgniter\HTTP\IncomingRequest), Object(CodeIgniter\HTTP\Response), Object(CodeIgniter\Log\Logger))
 3 SYSTEMPATH\CodeIgniter.php(904): App\Controllers\CartController->initController(Object(CodeIgniter\HTTP\IncomingRequest), Object(CodeIgniter\HTTP\Response), Object(CodeIgniter\Log\Logger))
 4 SYSTEMPATH\CodeIgniter.php(498): CodeIgniter\CodeIgniter->createController()
 5 SYSTEMPATH\CodeIgniter.php(354): CodeIgniter\CodeIgniter->handleRequest(null, Object(Config\Cache), false)
 6 SYSTEMPATH\Boot.php(363): CodeIgniter\CodeIgniter->run()
 7 SYSTEMPATH\Boot.php(68): CodeIgniter\Boot::runCodeIgniter(Object(CodeIgniter\CodeIgniter))
 8 FCPATH\index.php(67): CodeIgniter\Boot::bootWeb(Object(Config\Paths))
WARNING - 2026-02-18 04:26:28 --> [DEPRECATED] Creation of dynamic property App\Models\CartModel::$builderPaymentMethods is deprecated in APPPATH\Models\CartModel.php on line 17.
 1 APPPATH\Controllers\BaseController.php(147): App\Models\CartModel->__construct()
 2 APPPATH\Controllers\CartController.php(25): App\Controllers\BaseController->initController(Object(CodeIgniter\HTTP\IncomingRequest), Object(CodeIgniter\HTTP\Response), Object(CodeIgniter\Log\Logger))
 3 SYSTEMPATH\CodeIgniter.php(904): App\Controllers\CartController->initController(Object(CodeIgniter\HTTP\IncomingRequest), Object(CodeIgniter\HTTP\Response), Object(CodeIgniter\Log\Logger))
 4 SYSTEMPATH\CodeIgniter.php(498): CodeIgniter\CodeIgniter->createController()
 5 SYSTEMPATH\CodeIgniter.php(354): CodeIgniter\CodeIgniter->handleRequest(null, Object(Config\Cache), false)
 6 SYSTEMPATH\Boot.php(363): CodeIgniter\CodeIgniter->run()
 7 SYSTEMPATH\Boot.php(68): CodeIgniter\Boot::runCodeIgniter(Object(CodeIgniter\CodeIgniter))
 8 FCPATH\index.php(67): CodeIgniter\Boot::bootWeb(Object(Config\Paths))
WARNING - 2026-02-18 04:26:28 --> [DEPRECATED] Creation of dynamic property App\Models\CartModel::$builderCheckouts is deprecated in APPPATH\Models\CartModel.php on line 15.
 1 APPPATH\Controllers\CartController.php(26): App\Models\CartModel->__construct()
 2 SYSTEMPATH\CodeIgniter.php(904): App\Controllers\CartController->initController(Object(CodeIgniter\HTTP\IncomingRequest), Object(CodeIgniter\HTTP\Response), Object(CodeIgniter\Log\Logger))
 3 SYSTEMPATH\CodeIgniter.php(498): CodeIgniter\CodeIgniter->createController()
 4 SYSTEMPATH\CodeIgniter.php(354): CodeIgniter\CodeIgniter->handleRequest(null, Object(Config\Cache), false)
 5 SYSTEMPATH\Boot.php(363): CodeIgniter\CodeIgniter->run()
 6 SYSTEMPATH\Boot.php(68): CodeIgniter\Boot::runCodeIgniter(Object(CodeIgniter\CodeIgniter))
 7 FCPATH\index.php(67): CodeIgniter\Boot::bootWeb(Object(Config\Paths))
WARNING - 2026-02-18 04:26:28 --> [DEPRECATED] Creation of dynamic property App\Models\CartModel::$builderCheckoutItems is deprecated in APPPATH\Models\CartModel.php on line 16.
 1 APPPATH\Controllers\CartController.php(26): App\Models\CartModel->__construct()
 2 SYSTEMPATH\CodeIgniter.php(904): App\Controllers\CartController->initController(Object(CodeIgniter\HTTP\IncomingRequest), Object(CodeIgniter\HTTP\Response), Object(CodeIgniter\Log\Logger))
 3 SYSTEMPATH\CodeIgniter.php(498): CodeIgniter\CodeIgniter->createController()
 4 SYSTEMPATH\CodeIgniter.php(354): CodeIgniter\CodeIgniter->handleRequest(null, Object(Config\Cache), false)
 5 SYSTEMPATH\Boot.php(363): CodeIgniter\CodeIgniter->run()
 6 SYSTEMPATH\Boot.php(68): CodeIgniter\Boot::runCodeIgniter(Object(CodeIgniter\CodeIgniter))
 7 FCPATH\index.php(67): CodeIgniter\Boot::bootWeb(Object(Config\Paths))
WARNING - 2026-02-18 04:26:28 --> [DEPRECATED] Creation of dynamic property App\Models\CartModel::$builderPaymentMethods is deprecated in APPPATH\Models\CartModel.php on line 17.
 1 APPPATH\Controllers\CartController.php(26): App\Models\CartModel->__construct()
 2 SYSTEMPATH\CodeIgniter.php(904): App\Controllers\CartController->initController(Object(CodeIgniter\HTTP\IncomingRequest), Object(CodeIgniter\HTTP\Response), Object(CodeIgniter\Log\Logger))
 3 SYSTEMPATH\CodeIgniter.php(498): CodeIgniter\CodeIgniter->createController()
 4 SYSTEMPATH\CodeIgniter.php(354): CodeIgniter\CodeIgniter->handleRequest(null, Object(Config\Cache), false)
 5 SYSTEMPATH\Boot.php(363): CodeIgniter\CodeIgniter->run()
 6 SYSTEMPATH\Boot.php(68): CodeIgniter\Boot::runCodeIgniter(Object(CodeIgniter\CodeIgniter))
 7 FCPATH\index.php(67): CodeIgniter\Boot::bootWeb(Object(Config\Paths))
WARNING - 2026-02-18 04:26:28 --> [DEPRECATED] Creation of dynamic property App\Controllers\CartController::$apiKey is deprecated in APPPATH\Controllers\CartController.php on line 34.
 1 SYSTEMPATH\CodeIgniter.php(904): App\Controllers\CartController->initController(Object(CodeIgniter\HTTP\IncomingRequest), Object(CodeIgniter\HTTP\Response), Object(CodeIgniter\Log\Logger))
 2 SYSTEMPATH\CodeIgniter.php(498): CodeIgniter\CodeIgniter->createController()
 3 SYSTEMPATH\CodeIgniter.php(354): CodeIgniter\CodeIgniter->handleRequest(null, Object(Config\Cache), false)
 4 SYSTEMPATH\Boot.php(363): CodeIgniter\CodeIgniter->run()
 5 SYSTEMPATH\Boot.php(68): CodeIgniter\Boot::runCodeIgniter(Object(CodeIgniter\CodeIgniter))
 6 FCPATH\index.php(67): CodeIgniter\Boot::bootWeb(Object(Config\Paths))
ERROR - 2026-02-18 04:26:28 --> Checkout Error: Call to undefined function App\Models\generateOrderNumber()
WARNING - 2026-02-18 04:26:58 --> [DEPRECATED] Creation of dynamic property App\Models\CartModel::$builderCheckouts is deprecated in APPPATH\Models\CartModel.php on line 15.
 1 APPPATH\Controllers\BaseController.php(147): App\Models\CartModel->__construct()
 2 APPPATH\Controllers\CartController.php(25): App\Controllers\BaseController->initController(Object(CodeIgniter\HTTP\IncomingRequest), Object(CodeIgniter\HTTP\Response), Object(CodeIgniter\Log\Logger))
 3 SYSTEMPATH\CodeIgniter.php(904): App\Controllers\CartController->initController(Object(CodeIgniter\HTTP\IncomingRequest), Object(CodeIgniter\HTTP\Response), Object(CodeIgniter\Log\Logger))
 4 SYSTEMPATH\CodeIgniter.php(498): CodeIgniter\CodeIgniter->createController()
 5 SYSTEMPATH\CodeIgniter.php(354): CodeIgniter\CodeIgniter->handleRequest(null, Object(Config\Cache), false)
 6 SYSTEMPATH\Boot.php(363): CodeIgniter\CodeIgniter->run()
 7 SYSTEMPATH\Boot.php(68): CodeIgniter\Boot::runCodeIgniter(Object(CodeIgniter\CodeIgniter))
 8 FCPATH\index.php(67): CodeIgniter\Boot::bootWeb(Object(Config\Paths))
WARNING - 2026-02-18 04:26:58 --> [DEPRECATED] Creation of dynamic property App\Models\CartModel::$builderCheckoutItems is deprecated in APPPATH\Models\CartModel.php on line 16.
 1 APPPATH\Controllers\BaseController.php(147): App\Models\CartModel->__construct()
 2 APPPATH\Controllers\CartController.php(25): App\Controllers\BaseController->initController(Object(CodeIgniter\HTTP\IncomingRequest), Object(CodeIgniter\HTTP\Response), Object(CodeIgniter\Log\Logger))
 3 SYSTEMPATH\CodeIgniter.php(904): App\Controllers\CartController->initController(Object(CodeIgniter\HTTP\IncomingRequest), Object(CodeIgniter\HTTP\Response), Object(CodeIgniter\Log\Logger))
 4 SYSTEMPATH\CodeIgniter.php(498): CodeIgniter\CodeIgniter->createController()
 5 SYSTEMPATH\CodeIgniter.php(354): CodeIgniter\CodeIgniter->handleRequest(null, Object(Config\Cache), false)
 6 SYSTEMPATH\Boot.php(363): CodeIgniter\CodeIgniter->run()
 7 SYSTEMPATH\Boot.php(68): CodeIgniter\Boot::runCodeIgniter(Object(CodeIgniter\CodeIgniter))
 8 FCPATH\index.php(67): CodeIgniter\Boot::bootWeb(Object(Config\Paths))
WARNING - 2026-02-18 04:26:58 --> [DEPRECATED] Creation of dynamic property App\Models\CartModel::$builderPaymentMethods is deprecated in APPPATH\Models\CartModel.php on line 17.
 1 APPPATH\Controllers\BaseController.php(147): App\Models\CartModel->__construct()
 2 APPPATH\Controllers\CartController.php(25): App\Controllers\BaseController->initController(Object(CodeIgniter\HTTP\IncomingRequest), Object(CodeIgniter\HTTP\Response), Object(CodeIgniter\Log\Logger))
 3 SYSTEMPATH\CodeIgniter.php(904): App\Controllers\CartController->initController(Object(CodeIgniter\HTTP\IncomingRequest), Object(CodeIgniter\HTTP\Response), Object(CodeIgniter\Log\Logger))
 4 SYSTEMPATH\CodeIgniter.php(498): CodeIgniter\CodeIgniter->createController()
 5 SYSTEMPATH\CodeIgniter.php(354): CodeIgniter\CodeIgniter->handleRequest(null, Object(Config\Cache), false)
 6 SYSTEMPATH\Boot.php(363): CodeIgniter\CodeIgniter->run()
 7 SYSTEMPATH\Boot.php(68): CodeIgniter\Boot::runCodeIgniter(Object(CodeIgniter\CodeIgniter))
 8 FCPATH\index.php(67): CodeIgniter\Boot::bootWeb(Object(Config\Paths))
WARNING - 2026-02-18 04:26:58 --> [DEPRECATED] Creation of dynamic property App\Models\CartModel::$builderCheckouts is deprecated in APPPATH\Models\CartModel.php on line 15.
 1 APPPATH\Controllers\CartController.php(26): App\Models\CartModel->__construct()
 2 SYSTEMPATH\CodeIgniter.php(904): App\Controllers\CartController->initController(Object(CodeIgniter\HTTP\IncomingRequest), Object(CodeIgniter\HTTP\Response), Object(CodeIgniter\Log\Logger))
 3 SYSTEMPATH\CodeIgniter.php(498): CodeIgniter\CodeIgniter->createController()
 4 SYSTEMPATH\CodeIgniter.php(354): CodeIgniter\CodeIgniter->handleRequest(null, Object(Config\Cache), false)
 5 SYSTEMPATH\Boot.php(363): CodeIgniter\CodeIgniter->run()
 6 SYSTEMPATH\Boot.php(68): CodeIgniter\Boot::runCodeIgniter(Object(CodeIgniter\CodeIgniter))
 7 FCPATH\index.php(67): CodeIgniter\Boot::bootWeb(Object(Config\Paths))
WARNING - 2026-02-18 04:26:58 --> [DEPRECATED] Creation of dynamic property App\Models\CartModel::$builderCheckoutItems is deprecated in APPPATH\Models\CartModel.php on line 16.
 1 APPPATH\Controllers\CartController.php(26): App\Models\CartModel->__construct()
 2 SYSTEMPATH\CodeIgniter.php(904): App\Controllers\CartController->initController(Object(CodeIgniter\HTTP\IncomingRequest), Object(CodeIgniter\HTTP\Response), Object(CodeIgniter\Log\Logger))
 3 SYSTEMPATH\CodeIgniter.php(498): CodeIgniter\CodeIgniter->createController()
 4 SYSTEMPATH\CodeIgniter.php(354): CodeIgniter\CodeIgniter->handleRequest(null, Object(Config\Cache), false)
 5 SYSTEMPATH\Boot.php(363): CodeIgniter\CodeIgniter->run()
 6 SYSTEMPATH\Boot.php(68): CodeIgniter\Boot::runCodeIgniter(Object(CodeIgniter\CodeIgniter))
 7 FCPATH\index.php(67): CodeIgniter\Boot::bootWeb(Object(Config\Paths))
WARNING - 2026-02-18 04:26:58 --> [DEPRECATED] Creation of dynamic property App\Models\CartModel::$builderPaymentMethods is deprecated in APPPATH\Models\CartModel.php on line 17.
 1 APPPATH\Controllers\CartController.php(26): App\Models\CartModel->__construct()
 2 SYSTEMPATH\CodeIgniter.php(904): App\Controllers\CartController->initController(Object(CodeIgniter\HTTP\IncomingRequest), Object(CodeIgniter\HTTP\Response), Object(CodeIgniter\Log\Logger))
 3 SYSTEMPATH\CodeIgniter.php(498): CodeIgniter\CodeIgniter->createController()
 4 SYSTEMPATH\CodeIgniter.php(354): CodeIgniter\CodeIgniter->handleRequest(null, Object(Config\Cache), false)
 5 SYSTEMPATH\Boot.php(363): CodeIgniter\CodeIgniter->run()
 6 SYSTEMPATH\Boot.php(68): CodeIgniter\Boot::runCodeIgniter(Object(CodeIgniter\CodeIgniter))
 7 FCPATH\index.php(67): CodeIgniter\Boot::bootWeb(Object(Config\Paths))
WARNING - 2026-02-18 04:26:58 --> [DEPRECATED] Creation of dynamic property App\Controllers\CartController::$apiKey is deprecated in APPPATH\Controllers\CartController.php on line 34.
 1 SYSTEMPATH\CodeIgniter.php(904): App\Controllers\CartController->initController(Object(CodeIgniter\HTTP\IncomingRequest), Object(CodeIgniter\HTTP\Response), Object(CodeIgniter\Log\Logger))
 2 SYSTEMPATH\CodeIgniter.php(498): CodeIgniter\CodeIgniter->createController()
 3 SYSTEMPATH\CodeIgniter.php(354): CodeIgniter\CodeIgniter->handleRequest(null, Object(Config\Cache), false)
 4 SYSTEMPATH\Boot.php(363): CodeIgniter\CodeIgniter->run()
 5 SYSTEMPATH\Boot.php(68): CodeIgniter\Boot::runCodeIgniter(Object(CodeIgniter\CodeIgniter))
 6 FCPATH\index.php(67): CodeIgniter\Boot::bootWeb(Object(Config\Paths))
WARNING - 2026-02-18 04:26:58 --> [DEPRECATED] Creation of dynamic property App\Services\OngkirService::$baseUrl is deprecated in APPPATH\Services\OngkirService.php on line 11.
 1 APPPATH\Controllers\CartController.php(186): App\Services\OngkirService->__construct()
 2 SYSTEMPATH\CodeIgniter.php(933): App\Controllers\CartController->shipping()
 3 SYSTEMPATH\CodeIgniter.php(507): CodeIgniter\CodeIgniter->runController(Object(App\Controllers\CartController))
 4 SYSTEMPATH\CodeIgniter.php(354): CodeIgniter\CodeIgniter->handleRequest(null, Object(Config\Cache), false)
 5 SYSTEMPATH\Boot.php(363): CodeIgniter\CodeIgniter->run()
 6 SYSTEMPATH\Boot.php(68): CodeIgniter\Boot::runCodeIgniter(Object(CodeIgniter\CodeIgniter))
 7 FCPATH\index.php(67): CodeIgniter\Boot::bootWeb(Object(Config\Paths))
WARNING - 2026-02-18 04:26:58 --> [DEPRECATED] Creation of dynamic property App\Services\OngkirService::$CALCULATE_DELIVERY_COST is deprecated in APPPATH\Services\OngkirService.php on line 12.
 1 APPPATH\Controllers\CartController.php(186): App\Services\OngkirService->__construct()
 2 SYSTEMPATH\CodeIgniter.php(933): App\Controllers\CartController->shipping()
 3 SYSTEMPATH\CodeIgniter.php(507): CodeIgniter\CodeIgniter->runController(Object(App\Controllers\CartController))
 4 SYSTEMPATH\CodeIgniter.php(354): CodeIgniter\CodeIgniter->handleRequest(null, Object(Config\Cache), false)
 5 SYSTEMPATH\Boot.php(363): CodeIgniter\CodeIgniter->run()
 6 SYSTEMPATH\Boot.php(68): CodeIgniter\Boot::runCodeIgniter(Object(CodeIgniter\CodeIgniter))
 7 FCPATH\index.php(67): CodeIgniter\Boot::bootWeb(Object(Config\Paths))
WARNING - 2026-02-18 04:26:58 --> [DEPRECATED] Creation of dynamic property App\Services\OngkirService::$apiKey is deprecated in APPPATH\Services\OngkirService.php on line 13.
 1 APPPATH\Controllers\CartController.php(186): App\Services\OngkirService->__construct()
 2 SYSTEMPATH\CodeIgniter.php(933): App\Controllers\CartController->shipping()
 3 SYSTEMPATH\CodeIgniter.php(507): CodeIgniter\CodeIgniter->runController(Object(App\Controllers\CartController))
 4 SYSTEMPATH\CodeIgniter.php(354): CodeIgniter\CodeIgniter->handleRequest(null, Object(Config\Cache), false)
 5 SYSTEMPATH\Boot.php(363): CodeIgniter\CodeIgniter->run()
 6 SYSTEMPATH\Boot.php(68): CodeIgniter\Boot::runCodeIgniter(Object(CodeIgniter\CodeIgniter))
 7 FCPATH\index.php(67): CodeIgniter\Boot::bootWeb(Object(Config\Paths))
WARNING - 2026-02-18 04:26:58 --> [DEPRECATED] Creation of dynamic property App\Services\OngkirService::$listCourier is deprecated in APPPATH\Services\OngkirService.php on line 14.
 1 APPPATH\Controllers\CartController.php(186): App\Services\OngkirService->__construct()
 2 SYSTEMPATH\CodeIgniter.php(933): App\Controllers\CartController->shipping()
 3 SYSTEMPATH\CodeIgniter.php(507): CodeIgniter\CodeIgniter->runController(Object(App\Controllers\CartController))
 4 SYSTEMPATH\CodeIgniter.php(354): CodeIgniter\CodeIgniter->handleRequest(null, Object(Config\Cache), false)
 5 SYSTEMPATH\Boot.php(363): CodeIgniter\CodeIgniter->run()
 6 SYSTEMPATH\Boot.php(68): CodeIgniter\Boot::runCodeIgniter(Object(CodeIgniter\CodeIgniter))
 7 FCPATH\index.php(67): CodeIgniter\Boot::bootWeb(Object(Config\Paths))
WARNING - 2026-02-18 04:26:58 --> [DEPRECATED] Creation of dynamic property App\Models\CartModel::$builderCheckouts is deprecated in APPPATH\Models\CartModel.php on line 15.
 1 APPPATH\Controllers\BaseController.php(147): App\Models\CartModel->__construct()
 2 APPPATH\Controllers\AjaxController.php(20): App\Controllers\BaseController->initController(Object(CodeIgniter\HTTP\IncomingRequest), Object(CodeIgniter\HTTP\Response), Object(CodeIgniter\Log\Logger))
 3 SYSTEMPATH\CodeIgniter.php(904): App\Controllers\AjaxController->initController(Object(CodeIgniter\HTTP\IncomingRequest), Object(CodeIgniter\HTTP\Response), Object(CodeIgniter\Log\Logger))
 4 SYSTEMPATH\CodeIgniter.php(498): CodeIgniter\CodeIgniter->createController()
 5 SYSTEMPATH\CodeIgniter.php(354): CodeIgniter\CodeIgniter->handleRequest(null, Object(Config\Cache), false)
 6 SYSTEMPATH\Boot.php(363): CodeIgniter\CodeIgniter->run()
 7 SYSTEMPATH\Boot.php(68): CodeIgniter\Boot::runCodeIgniter(Object(CodeIgniter\CodeIgniter))
 8 FCPATH\index.php(67): CodeIgniter\Boot::bootWeb(Object(Config\Paths))
WARNING - 2026-02-18 04:26:58 --> [DEPRECATED] Creation of dynamic property App\Models\CartModel::$builderCheckoutItems is deprecated in APPPATH\Models\CartModel.php on line 16.
 1 APPPATH\Controllers\BaseController.php(147): App\Models\CartModel->__construct()
 2 APPPATH\Controllers\AjaxController.php(20): App\Controllers\BaseController->initController(Object(CodeIgniter\HTTP\IncomingRequest), Object(CodeIgniter\HTTP\Response), Object(CodeIgniter\Log\Logger))
 3 SYSTEMPATH\CodeIgniter.php(904): App\Controllers\AjaxController->initController(Object(CodeIgniter\HTTP\IncomingRequest), Object(CodeIgniter\HTTP\Response), Object(CodeIgniter\Log\Logger))
 4 SYSTEMPATH\CodeIgniter.php(498): CodeIgniter\CodeIgniter->createController()
 5 SYSTEMPATH\CodeIgniter.php(354): CodeIgniter\CodeIgniter->handleRequest(null, Object(Config\Cache), false)
 6 SYSTEMPATH\Boot.php(363): CodeIgniter\CodeIgniter->run()
 7 SYSTEMPATH\Boot.php(68): CodeIgniter\Boot::runCodeIgniter(Object(CodeIgniter\CodeIgniter))
 8 FCPATH\index.php(67): CodeIgniter\Boot::bootWeb(Object(Config\Paths))
WARNING - 2026-02-18 04:26:58 --> [DEPRECATED] Creation of dynamic property App\Models\CartModel::$builderPaymentMethods is deprecated in APPPATH\Models\CartModel.php on line 17.
 1 APPPATH\Controllers\BaseController.php(147): App\Models\CartModel->__construct()
 2 APPPATH\Controllers\AjaxController.php(20): App\Controllers\BaseController->initController(Object(CodeIgniter\HTTP\IncomingRequest), Object(CodeIgniter\HTTP\Response), Object(CodeIgniter\Log\Logger))
 3 SYSTEMPATH\CodeIgniter.php(904): App\Controllers\AjaxController->initController(Object(CodeIgniter\HTTP\IncomingRequest), Object(CodeIgniter\HTTP\Response), Object(CodeIgniter\Log\Logger))
 4 SYSTEMPATH\CodeIgniter.php(498): CodeIgniter\CodeIgniter->createController()
 5 SYSTEMPATH\CodeIgniter.php(354): CodeIgniter\CodeIgniter->handleRequest(null, Object(Config\Cache), false)
 6 SYSTEMPATH\Boot.php(363): CodeIgniter\CodeIgniter->run()
 7 SYSTEMPATH\Boot.php(68): CodeIgniter\Boot::runCodeIgniter(Object(CodeIgniter\CodeIgniter))
 8 FCPATH\index.php(67): CodeIgniter\Boot::bootWeb(Object(Config\Paths))
WARNING - 2026-02-18 04:27:00 --> [DEPRECATED] Creation of dynamic property App\Models\CartModel::$builderCheckouts is deprecated in APPPATH\Models\CartModel.php on line 15.
 1 APPPATH\Controllers\BaseController.php(147): App\Models\CartModel->__construct()
 2 APPPATH\Controllers\CartController.php(25): App\Controllers\BaseController->initController(Object(CodeIgniter\HTTP\IncomingRequest), Object(CodeIgniter\HTTP\Response), Object(CodeIgniter\Log\Logger))
 3 SYSTEMPATH\CodeIgniter.php(904): App\Controllers\CartController->initController(Object(CodeIgniter\HTTP\IncomingRequest), Object(CodeIgniter\HTTP\Response), Object(CodeIgniter\Log\Logger))
 4 SYSTEMPATH\CodeIgniter.php(498): CodeIgniter\CodeIgniter->createController()
 5 SYSTEMPATH\CodeIgniter.php(354): CodeIgniter\CodeIgniter->handleRequest(null, Object(Config\Cache), false)
 6 SYSTEMPATH\Boot.php(363): CodeIgniter\CodeIgniter->run()
 7 SYSTEMPATH\Boot.php(68): CodeIgniter\Boot::runCodeIgniter(Object(CodeIgniter\CodeIgniter))
 8 FCPATH\index.php(67): CodeIgniter\Boot::bootWeb(Object(Config\Paths))
WARNING - 2026-02-18 04:27:00 --> [DEPRECATED] Creation of dynamic property App\Models\CartModel::$builderCheckoutItems is deprecated in APPPATH\Models\CartModel.php on line 16.
 1 APPPATH\Controllers\BaseController.php(147): App\Models\CartModel->__construct()
 2 APPPATH\Controllers\CartController.php(25): App\Controllers\BaseController->initController(Object(CodeIgniter\HTTP\IncomingRequest), Object(CodeIgniter\HTTP\Response), Object(CodeIgniter\Log\Logger))
 3 SYSTEMPATH\CodeIgniter.php(904): App\Controllers\CartController->initController(Object(CodeIgniter\HTTP\IncomingRequest), Object(CodeIgniter\HTTP\Response), Object(CodeIgniter\Log\Logger))
 4 SYSTEMPATH\CodeIgniter.php(498): CodeIgniter\CodeIgniter->createController()
 5 SYSTEMPATH\CodeIgniter.php(354): CodeIgniter\CodeIgniter->handleRequest(null, Object(Config\Cache), false)
 6 SYSTEMPATH\Boot.php(363): CodeIgniter\CodeIgniter->run()
 7 SYSTEMPATH\Boot.php(68): CodeIgniter\Boot::runCodeIgniter(Object(CodeIgniter\CodeIgniter))
 8 FCPATH\index.php(67): CodeIgniter\Boot::bootWeb(Object(Config\Paths))
WARNING - 2026-02-18 04:27:00 --> [DEPRECATED] Creation of dynamic property App\Models\CartModel::$builderPaymentMethods is deprecated in APPPATH\Models\CartModel.php on line 17.
 1 APPPATH\Controllers\BaseController.php(147): App\Models\CartModel->__construct()
 2 APPPATH\Controllers\CartController.php(25): App\Controllers\BaseController->initController(Object(CodeIgniter\HTTP\IncomingRequest), Object(CodeIgniter\HTTP\Response), Object(CodeIgniter\Log\Logger))
 3 SYSTEMPATH\CodeIgniter.php(904): App\Controllers\CartController->initController(Object(CodeIgniter\HTTP\IncomingRequest), Object(CodeIgniter\HTTP\Response), Object(CodeIgniter\Log\Logger))
 4 SYSTEMPATH\CodeIgniter.php(498): CodeIgniter\CodeIgniter->createController()
 5 SYSTEMPATH\CodeIgniter.php(354): CodeIgniter\CodeIgniter->handleRequest(null, Object(Config\Cache), false)
 6 SYSTEMPATH\Boot.php(363): CodeIgniter\CodeIgniter->run()
 7 SYSTEMPATH\Boot.php(68): CodeIgniter\Boot::runCodeIgniter(Object(CodeIgniter\CodeIgniter))
 8 FCPATH\index.php(67): CodeIgniter\Boot::bootWeb(Object(Config\Paths))
WARNING - 2026-02-18 04:27:00 --> [DEPRECATED] Creation of dynamic property App\Models\CartModel::$builderCheckouts is deprecated in APPPATH\Models\CartModel.php on line 15.
 1 APPPATH\Controllers\CartController.php(26): App\Models\CartModel->__construct()
 2 SYSTEMPATH\CodeIgniter.php(904): App\Controllers\CartController->initController(Object(CodeIgniter\HTTP\IncomingRequest), Object(CodeIgniter\HTTP\Response), Object(CodeIgniter\Log\Logger))
 3 SYSTEMPATH\CodeIgniter.php(498): CodeIgniter\CodeIgniter->createController()
 4 SYSTEMPATH\CodeIgniter.php(354): CodeIgniter\CodeIgniter->handleRequest(null, Object(Config\Cache), false)
 5 SYSTEMPATH\Boot.php(363): CodeIgniter\CodeIgniter->run()
 6 SYSTEMPATH\Boot.php(68): CodeIgniter\Boot::runCodeIgniter(Object(CodeIgniter\CodeIgniter))
 7 FCPATH\index.php(67): CodeIgniter\Boot::bootWeb(Object(Config\Paths))
WARNING - 2026-02-18 04:27:00 --> [DEPRECATED] Creation of dynamic property App\Models\CartModel::$builderCheckoutItems is deprecated in APPPATH\Models\CartModel.php on line 16.
 1 APPPATH\Controllers\CartController.php(26): App\Models\CartModel->__construct()
 2 SYSTEMPATH\CodeIgniter.php(904): App\Controllers\CartController->initController(Object(CodeIgniter\HTTP\IncomingRequest), Object(CodeIgniter\HTTP\Response), Object(CodeIgniter\Log\Logger))
 3 SYSTEMPATH\CodeIgniter.php(498): CodeIgniter\CodeIgniter->createController()
 4 SYSTEMPATH\CodeIgniter.php(354): CodeIgniter\CodeIgniter->handleRequest(null, Object(Config\Cache), false)
 5 SYSTEMPATH\Boot.php(363): CodeIgniter\CodeIgniter->run()
 6 SYSTEMPATH\Boot.php(68): CodeIgniter\Boot::runCodeIgniter(Object(CodeIgniter\CodeIgniter))
 7 FCPATH\index.php(67): CodeIgniter\Boot::bootWeb(Object(Config\Paths))
WARNING - 2026-02-18 04:27:00 --> [DEPRECATED] Creation of dynamic property App\Models\CartModel::$builderPaymentMethods is deprecated in APPPATH\Models\CartModel.php on line 17.
 1 APPPATH\Controllers\CartController.php(26): App\Models\CartModel->__construct()
 2 SYSTEMPATH\CodeIgniter.php(904): App\Controllers\CartController->initController(Object(CodeIgniter\HTTP\IncomingRequest), Object(CodeIgniter\HTTP\Response), Object(CodeIgniter\Log\Logger))
 3 SYSTEMPATH\CodeIgniter.php(498): CodeIgniter\CodeIgniter->createController()
 4 SYSTEMPATH\CodeIgniter.php(354): CodeIgniter\CodeIgniter->handleRequest(null, Object(Config\Cache), false)
 5 SYSTEMPATH\Boot.php(363): CodeIgniter\CodeIgniter->run()
 6 SYSTEMPATH\Boot.php(68): CodeIgniter\Boot::runCodeIgniter(Object(CodeIgniter\CodeIgniter))
 7 FCPATH\index.php(67): CodeIgniter\Boot::bootWeb(Object(Config\Paths))
WARNING - 2026-02-18 04:27:00 --> [DEPRECATED] Creation of dynamic property App\Controllers\CartController::$apiKey is deprecated in APPPATH\Controllers\CartController.php on line 34.
 1 SYSTEMPATH\CodeIgniter.php(904): App\Controllers\CartController->initController(Object(CodeIgniter\HTTP\IncomingRequest), Object(CodeIgniter\HTTP\Response), Object(CodeIgniter\Log\Logger))
 2 SYSTEMPATH\CodeIgniter.php(498): CodeIgniter\CodeIgniter->createController()
 3 SYSTEMPATH\CodeIgniter.php(354): CodeIgniter\CodeIgniter->handleRequest(null, Object(Config\Cache), false)
 4 SYSTEMPATH\Boot.php(363): CodeIgniter\CodeIgniter->run()
 5 SYSTEMPATH\Boot.php(68): CodeIgniter\Boot::runCodeIgniter(Object(CodeIgniter\CodeIgniter))
 6 FCPATH\index.php(67): CodeIgniter\Boot::bootWeb(Object(Config\Paths))
WARNING - 2026-02-18 04:27:26 --> [DEPRECATED] Creation of dynamic property App\Models\CartModel::$builderCheckouts is deprecated in APPPATH\Models\CartModel.php on line 15.
 1 APPPATH\Controllers\BaseController.php(147): App\Models\CartModel->__construct()
 2 APPPATH\Controllers\CartController.php(25): App\Controllers\BaseController->initController(Object(CodeIgniter\HTTP\IncomingRequest), Object(CodeIgniter\HTTP\Response), Object(CodeIgniter\Log\Logger))
 3 SYSTEMPATH\CodeIgniter.php(904): App\Controllers\CartController->initController(Object(CodeIgniter\HTTP\IncomingRequest), Object(CodeIgniter\HTTP\Response), Object(CodeIgniter\Log\Logger))
 4 SYSTEMPATH\CodeIgniter.php(498): CodeIgniter\CodeIgniter->createController()
 5 SYSTEMPATH\CodeIgniter.php(354): CodeIgniter\CodeIgniter->handleRequest(null, Object(Config\Cache), false)
 6 SYSTEMPATH\Boot.php(363): CodeIgniter\CodeIgniter->run()
 7 SYSTEMPATH\Boot.php(68): CodeIgniter\Boot::runCodeIgniter(Object(CodeIgniter\CodeIgniter))
 8 FCPATH\index.php(67): CodeIgniter\Boot::bootWeb(Object(Config\Paths))
WARNING - 2026-02-18 04:27:26 --> [DEPRECATED] Creation of dynamic property App\Models\CartModel::$builderCheckoutItems is deprecated in APPPATH\Models\CartModel.php on line 16.
 1 APPPATH\Controllers\BaseController.php(147): App\Models\CartModel->__construct()
 2 APPPATH\Controllers\CartController.php(25): App\Controllers\BaseController->initController(Object(CodeIgniter\HTTP\IncomingRequest), Object(CodeIgniter\HTTP\Response), Object(CodeIgniter\Log\Logger))
 3 SYSTEMPATH\CodeIgniter.php(904): App\Controllers\CartController->initController(Object(CodeIgniter\HTTP\IncomingRequest), Object(CodeIgniter\HTTP\Response), Object(CodeIgniter\Log\Logger))
 4 SYSTEMPATH\CodeIgniter.php(498): CodeIgniter\CodeIgniter->createController()
 5 SYSTEMPATH\CodeIgniter.php(354): CodeIgniter\CodeIgniter->handleRequest(null, Object(Config\Cache), false)
 6 SYSTEMPATH\Boot.php(363): CodeIgniter\CodeIgniter->run()
 7 SYSTEMPATH\Boot.php(68): CodeIgniter\Boot::runCodeIgniter(Object(CodeIgniter\CodeIgniter))
 8 FCPATH\index.php(67): CodeIgniter\Boot::bootWeb(Object(Config\Paths))
WARNING - 2026-02-18 04:27:26 --> [DEPRECATED] Creation of dynamic property App\Models\CartModel::$builderPaymentMethods is deprecated in APPPATH\Models\CartModel.php on line 17.
 1 APPPATH\Controllers\BaseController.php(147): App\Models\CartModel->__construct()
 2 APPPATH\Controllers\CartController.php(25): App\Controllers\BaseController->initController(Object(CodeIgniter\HTTP\IncomingRequest), Object(CodeIgniter\HTTP\Response), Object(CodeIgniter\Log\Logger))
 3 SYSTEMPATH\CodeIgniter.php(904): App\Controllers\CartController->initController(Object(CodeIgniter\HTTP\IncomingRequest), Object(CodeIgniter\HTTP\Response), Object(CodeIgniter\Log\Logger))
 4 SYSTEMPATH\CodeIgniter.php(498): CodeIgniter\CodeIgniter->createController()
 5 SYSTEMPATH\CodeIgniter.php(354): CodeIgniter\CodeIgniter->handleRequest(null, Object(Config\Cache), false)
 6 SYSTEMPATH\Boot.php(363): CodeIgniter\CodeIgniter->run()
 7 SYSTEMPATH\Boot.php(68): CodeIgniter\Boot::runCodeIgniter(Object(CodeIgniter\CodeIgniter))
 8 FCPATH\index.php(67): CodeIgniter\Boot::bootWeb(Object(Config\Paths))
WARNING - 2026-02-18 04:27:26 --> [DEPRECATED] Creation of dynamic property App\Models\CartModel::$builderCheckouts is deprecated in APPPATH\Models\CartModel.php on line 15.
 1 APPPATH\Controllers\CartController.php(26): App\Models\CartModel->__construct()
 2 SYSTEMPATH\CodeIgniter.php(904): App\Controllers\CartController->initController(Object(CodeIgniter\HTTP\IncomingRequest), Object(CodeIgniter\HTTP\Response), Object(CodeIgniter\Log\Logger))
 3 SYSTEMPATH\CodeIgniter.php(498): CodeIgniter\CodeIgniter->createController()
 4 SYSTEMPATH\CodeIgniter.php(354): CodeIgniter\CodeIgniter->handleRequest(null, Object(Config\Cache), false)
 5 SYSTEMPATH\Boot.php(363): CodeIgniter\CodeIgniter->run()
 6 SYSTEMPATH\Boot.php(68): CodeIgniter\Boot::runCodeIgniter(Object(CodeIgniter\CodeIgniter))
 7 FCPATH\index.php(67): CodeIgniter\Boot::bootWeb(Object(Config\Paths))
WARNING - 2026-02-18 04:27:26 --> [DEPRECATED] Creation of dynamic property App\Models\CartModel::$builderCheckoutItems is deprecated in APPPATH\Models\CartModel.php on line 16.
 1 APPPATH\Controllers\CartController.php(26): App\Models\CartModel->__construct()
 2 SYSTEMPATH\CodeIgniter.php(904): App\Controllers\CartController->initController(Object(CodeIgniter\HTTP\IncomingRequest), Object(CodeIgniter\HTTP\Response), Object(CodeIgniter\Log\Logger))
 3 SYSTEMPATH\CodeIgniter.php(498): CodeIgniter\CodeIgniter->createController()
 4 SYSTEMPATH\CodeIgniter.php(354): CodeIgniter\CodeIgniter->handleRequest(null, Object(Config\Cache), false)
 5 SYSTEMPATH\Boot.php(363): CodeIgniter\CodeIgniter->run()
 6 SYSTEMPATH\Boot.php(68): CodeIgniter\Boot::runCodeIgniter(Object(CodeIgniter\CodeIgniter))
 7 FCPATH\index.php(67): CodeIgniter\Boot::bootWeb(Object(Config\Paths))
WARNING - 2026-02-18 04:27:26 --> [DEPRECATED] Creation of dynamic property App\Models\CartModel::$builderPaymentMethods is deprecated in APPPATH\Models\CartModel.php on line 17.
 1 APPPATH\Controllers\CartController.php(26): App\Models\CartModel->__construct()
 2 SYSTEMPATH\CodeIgniter.php(904): App\Controllers\CartController->initController(Object(CodeIgniter\HTTP\IncomingRequest), Object(CodeIgniter\HTTP\Response), Object(CodeIgniter\Log\Logger))
 3 SYSTEMPATH\CodeIgniter.php(498): CodeIgniter\CodeIgniter->createController()
 4 SYSTEMPATH\CodeIgniter.php(354): CodeIgniter\CodeIgniter->handleRequest(null, Object(Config\Cache), false)
 5 SYSTEMPATH\Boot.php(363): CodeIgniter\CodeIgniter->run()
 6 SYSTEMPATH\Boot.php(68): CodeIgniter\Boot::runCodeIgniter(Object(CodeIgniter\CodeIgniter))
 7 FCPATH\index.php(67): CodeIgniter\Boot::bootWeb(Object(Config\Paths))
WARNING - 2026-02-18 04:27:26 --> [DEPRECATED] Creation of dynamic property App\Controllers\CartController::$apiKey is deprecated in APPPATH\Controllers\CartController.php on line 34.
 1 SYSTEMPATH\CodeIgniter.php(904): App\Controllers\CartController->initController(Object(CodeIgniter\HTTP\IncomingRequest), Object(CodeIgniter\HTTP\Response), Object(CodeIgniter\Log\Logger))
 2 SYSTEMPATH\CodeIgniter.php(498): CodeIgniter\CodeIgniter->createController()
 3 SYSTEMPATH\CodeIgniter.php(354): CodeIgniter\CodeIgniter->handleRequest(null, Object(Config\Cache), false)
 4 SYSTEMPATH\Boot.php(363): CodeIgniter\CodeIgniter->run()
 5 SYSTEMPATH\Boot.php(68): CodeIgniter\Boot::runCodeIgniter(Object(CodeIgniter\CodeIgniter))
 6 FCPATH\index.php(67): CodeIgniter\Boot::bootWeb(Object(Config\Paths))
WARNING - 2026-02-18 04:27:26 --> [DEPRECATED] Creation of dynamic property App\Services\OngkirService::$baseUrl is deprecated in APPPATH\Services\OngkirService.php on line 11.
 1 APPPATH\Controllers\CartController.php(186): App\Services\OngkirService->__construct()
 2 SYSTEMPATH\CodeIgniter.php(933): App\Controllers\CartController->shipping()
 3 SYSTEMPATH\CodeIgniter.php(507): CodeIgniter\CodeIgniter->runController(Object(App\Controllers\CartController))
 4 SYSTEMPATH\CodeIgniter.php(354): CodeIgniter\CodeIgniter->handleRequest(null, Object(Config\Cache), false)
 5 SYSTEMPATH\Boot.php(363): CodeIgniter\CodeIgniter->run()
 6 SYSTEMPATH\Boot.php(68): CodeIgniter\Boot::runCodeIgniter(Object(CodeIgniter\CodeIgniter))
 7 FCPATH\index.php(67): CodeIgniter\Boot::bootWeb(Object(Config\Paths))
WARNING - 2026-02-18 04:27:26 --> [DEPRECATED] Creation of dynamic property App\Services\OngkirService::$CALCULATE_DELIVERY_COST is deprecated in APPPATH\Services\OngkirService.php on line 12.
 1 APPPATH\Controllers\CartController.php(186): App\Services\OngkirService->__construct()
 2 SYSTEMPATH\CodeIgniter.php(933): App\Controllers\CartController->shipping()
 3 SYSTEMPATH\CodeIgniter.php(507): CodeIgniter\CodeIgniter->runController(Object(App\Controllers\CartController))
 4 SYSTEMPATH\CodeIgniter.php(354): CodeIgniter\CodeIgniter->handleRequest(null, Object(Config\Cache), false)
 5 SYSTEMPATH\Boot.php(363): CodeIgniter\CodeIgniter->run()
 6 SYSTEMPATH\Boot.php(68): CodeIgniter\Boot::runCodeIgniter(Object(CodeIgniter\CodeIgniter))
 7 FCPATH\index.php(67): CodeIgniter\Boot::bootWeb(Object(Config\Paths))
WARNING - 2026-02-18 04:27:26 --> [DEPRECATED] Creation of dynamic property App\Services\OngkirService::$apiKey is deprecated in APPPATH\Services\OngkirService.php on line 13.
 1 APPPATH\Controllers\CartController.php(186): App\Services\OngkirService->__construct()
 2 SYSTEMPATH\CodeIgniter.php(933): App\Controllers\CartController->shipping()
 3 SYSTEMPATH\CodeIgniter.php(507): CodeIgniter\CodeIgniter->runController(Object(App\Controllers\CartController))
 4 SYSTEMPATH\CodeIgniter.php(354): CodeIgniter\CodeIgniter->handleRequest(null, Object(Config\Cache), false)
 5 SYSTEMPATH\Boot.php(363): CodeIgniter\CodeIgniter->run()
 6 SYSTEMPATH\Boot.php(68): CodeIgniter\Boot::runCodeIgniter(Object(CodeIgniter\CodeIgniter))
 7 FCPATH\index.php(67): CodeIgniter\Boot::bootWeb(Object(Config\Paths))
WARNING - 2026-02-18 04:27:26 --> [DEPRECATED] Creation of dynamic property App\Services\OngkirService::$listCourier is deprecated in APPPATH\Services\OngkirService.php on line 14.
 1 APPPATH\Controllers\CartController.php(186): App\Services\OngkirService->__construct()
 2 SYSTEMPATH\CodeIgniter.php(933): App\Controllers\CartController->shipping()
 3 SYSTEMPATH\CodeIgniter.php(507): CodeIgniter\CodeIgniter->runController(Object(App\Controllers\CartController))
 4 SYSTEMPATH\CodeIgniter.php(354): CodeIgniter\CodeIgniter->handleRequest(null, Object(Config\Cache), false)
 5 SYSTEMPATH\Boot.php(363): CodeIgniter\CodeIgniter->run()
 6 SYSTEMPATH\Boot.php(68): CodeIgniter\Boot::runCodeIgniter(Object(CodeIgniter\CodeIgniter))
 7 FCPATH\index.php(67): CodeIgniter\Boot::bootWeb(Object(Config\Paths))
WARNING - 2026-02-18 04:27:27 --> [DEPRECATED] Creation of dynamic property App\Models\CartModel::$builderCheckouts is deprecated in APPPATH\Models\CartModel.php on line 15.
 1 APPPATH\Controllers\BaseController.php(147): App\Models\CartModel->__construct()
 2 APPPATH\Controllers\AjaxController.php(20): App\Controllers\BaseController->initController(Object(CodeIgniter\HTTP\IncomingRequest), Object(CodeIgniter\HTTP\Response), Object(CodeIgniter\Log\Logger))
 3 SYSTEMPATH\CodeIgniter.php(904): App\Controllers\AjaxController->initController(Object(CodeIgniter\HTTP\IncomingRequest), Object(CodeIgniter\HTTP\Response), Object(CodeIgniter\Log\Logger))
 4 SYSTEMPATH\CodeIgniter.php(498): CodeIgniter\CodeIgniter->createController()
 5 SYSTEMPATH\CodeIgniter.php(354): CodeIgniter\CodeIgniter->handleRequest(null, Object(Config\Cache), false)
 6 SYSTEMPATH\Boot.php(363): CodeIgniter\CodeIgniter->run()
 7 SYSTEMPATH\Boot.php(68): CodeIgniter\Boot::runCodeIgniter(Object(CodeIgniter\CodeIgniter))
 8 FCPATH\index.php(67): CodeIgniter\Boot::bootWeb(Object(Config\Paths))
WARNING - 2026-02-18 04:27:27 --> [DEPRECATED] Creation of dynamic property App\Models\CartModel::$builderCheckoutItems is deprecated in APPPATH\Models\CartModel.php on line 16.
 1 APPPATH\Controllers\BaseController.php(147): App\Models\CartModel->__construct()
 2 APPPATH\Controllers\AjaxController.php(20): App\Controllers\BaseController->initController(Object(CodeIgniter\HTTP\IncomingRequest), Object(CodeIgniter\HTTP\Response), Object(CodeIgniter\Log\Logger))
 3 SYSTEMPATH\CodeIgniter.php(904): App\Controllers\AjaxController->initController(Object(CodeIgniter\HTTP\IncomingRequest), Object(CodeIgniter\HTTP\Response), Object(CodeIgniter\Log\Logger))
 4 SYSTEMPATH\CodeIgniter.php(498): CodeIgniter\CodeIgniter->createController()
 5 SYSTEMPATH\CodeIgniter.php(354): CodeIgniter\CodeIgniter->handleRequest(null, Object(Config\Cache), false)
 6 SYSTEMPATH\Boot.php(363): CodeIgniter\CodeIgniter->run()
 7 SYSTEMPATH\Boot.php(68): CodeIgniter\Boot::runCodeIgniter(Object(CodeIgniter\CodeIgniter))
 8 FCPATH\index.php(67): CodeIgniter\Boot::bootWeb(Object(Config\Paths))
WARNING - 2026-02-18 04:27:27 --> [DEPRECATED] Creation of dynamic property App\Models\CartModel::$builderPaymentMethods is deprecated in APPPATH\Models\CartModel.php on line 17.
 1 APPPATH\Controllers\BaseController.php(147): App\Models\CartModel->__construct()
 2 APPPATH\Controllers\AjaxController.php(20): App\Controllers\BaseController->initController(Object(CodeIgniter\HTTP\IncomingRequest), Object(CodeIgniter\HTTP\Response), Object(CodeIgniter\Log\Logger))
 3 SYSTEMPATH\CodeIgniter.php(904): App\Controllers\AjaxController->initController(Object(CodeIgniter\HTTP\IncomingRequest), Object(CodeIgniter\HTTP\Response), Object(CodeIgniter\Log\Logger))
 4 SYSTEMPATH\CodeIgniter.php(498): CodeIgniter\CodeIgniter->createController()
 5 SYSTEMPATH\CodeIgniter.php(354): CodeIgniter\CodeIgniter->handleRequest(null, Object(Config\Cache), false)
 6 SYSTEMPATH\Boot.php(363): CodeIgniter\CodeIgniter->run()
 7 SYSTEMPATH\Boot.php(68): CodeIgniter\Boot::runCodeIgniter(Object(CodeIgniter\CodeIgniter))
 8 FCPATH\index.php(67): CodeIgniter\Boot::bootWeb(Object(Config\Paths))
WARNING - 2026-02-18 04:27:28 --> [DEPRECATED] Creation of dynamic property App\Models\CartModel::$builderCheckouts is deprecated in APPPATH\Models\CartModel.php on line 15.
 1 APPPATH\Controllers\BaseController.php(147): App\Models\CartModel->__construct()
 2 APPPATH\Controllers\CartController.php(25): App\Controllers\BaseController->initController(Object(CodeIgniter\HTTP\IncomingRequest), Object(CodeIgniter\HTTP\Response), Object(CodeIgniter\Log\Logger))
 3 SYSTEMPATH\CodeIgniter.php(904): App\Controllers\CartController->initController(Object(CodeIgniter\HTTP\IncomingRequest), Object(CodeIgniter\HTTP\Response), Object(CodeIgniter\Log\Logger))
 4 SYSTEMPATH\CodeIgniter.php(498): CodeIgniter\CodeIgniter->createController()
 5 SYSTEMPATH\CodeIgniter.php(354): CodeIgniter\CodeIgniter->handleRequest(null, Object(Config\Cache), false)
 6 SYSTEMPATH\Boot.php(363): CodeIgniter\CodeIgniter->run()
 7 SYSTEMPATH\Boot.php(68): CodeIgniter\Boot::runCodeIgniter(Object(CodeIgniter\CodeIgniter))
 8 FCPATH\index.php(67): CodeIgniter\Boot::bootWeb(Object(Config\Paths))
WARNING - 2026-02-18 04:27:28 --> [DEPRECATED] Creation of dynamic property App\Models\CartModel::$builderCheckoutItems is deprecated in APPPATH\Models\CartModel.php on line 16.
 1 APPPATH\Controllers\BaseController.php(147): App\Models\CartModel->__construct()
 2 APPPATH\Controllers\CartController.php(25): App\Controllers\BaseController->initController(Object(CodeIgniter\HTTP\IncomingRequest), Object(CodeIgniter\HTTP\Response), Object(CodeIgniter\Log\Logger))
 3 SYSTEMPATH\CodeIgniter.php(904): App\Controllers\CartController->initController(Object(CodeIgniter\HTTP\IncomingRequest), Object(CodeIgniter\HTTP\Response), Object(CodeIgniter\Log\Logger))
 4 SYSTEMPATH\CodeIgniter.php(498): CodeIgniter\CodeIgniter->createController()
 5 SYSTEMPATH\CodeIgniter.php(354): CodeIgniter\CodeIgniter->handleRequest(null, Object(Config\Cache), false)
 6 SYSTEMPATH\Boot.php(363): CodeIgniter\CodeIgniter->run()
 7 SYSTEMPATH\Boot.php(68): CodeIgniter\Boot::runCodeIgniter(Object(CodeIgniter\CodeIgniter))
 8 FCPATH\index.php(67): CodeIgniter\Boot::bootWeb(Object(Config\Paths))
WARNING - 2026-02-18 04:27:28 --> [DEPRECATED] Creation of dynamic property App\Models\CartModel::$builderPaymentMethods is deprecated in APPPATH\Models\CartModel.php on line 17.
 1 APPPATH\Controllers\BaseController.php(147): App\Models\CartModel->__construct()
 2 APPPATH\Controllers\CartController.php(25): App\Controllers\BaseController->initController(Object(CodeIgniter\HTTP\IncomingRequest), Object(CodeIgniter\HTTP\Response), Object(CodeIgniter\Log\Logger))
 3 SYSTEMPATH\CodeIgniter.php(904): App\Controllers\CartController->initController(Object(CodeIgniter\HTTP\IncomingRequest), Object(CodeIgniter\HTTP\Response), Object(CodeIgniter\Log\Logger))
 4 SYSTEMPATH\CodeIgniter.php(498): CodeIgniter\CodeIgniter->createController()
 5 SYSTEMPATH\CodeIgniter.php(354): CodeIgniter\CodeIgniter->handleRequest(null, Object(Config\Cache), false)
 6 SYSTEMPATH\Boot.php(363): CodeIgniter\CodeIgniter->run()
 7 SYSTEMPATH\Boot.php(68): CodeIgniter\Boot::runCodeIgniter(Object(CodeIgniter\CodeIgniter))
 8 FCPATH\index.php(67): CodeIgniter\Boot::bootWeb(Object(Config\Paths))
WARNING - 2026-02-18 04:27:28 --> [DEPRECATED] Creation of dynamic property App\Models\CartModel::$builderCheckouts is deprecated in APPPATH\Models\CartModel.php on line 15.
 1 APPPATH\Controllers\CartController.php(26): App\Models\CartModel->__construct()
 2 SYSTEMPATH\CodeIgniter.php(904): App\Controllers\CartController->initController(Object(CodeIgniter\HTTP\IncomingRequest), Object(CodeIgniter\HTTP\Response), Object(CodeIgniter\Log\Logger))
 3 SYSTEMPATH\CodeIgniter.php(498): CodeIgniter\CodeIgniter->createController()
 4 SYSTEMPATH\CodeIgniter.php(354): CodeIgniter\CodeIgniter->handleRequest(null, Object(Config\Cache), false)
 5 SYSTEMPATH\Boot.php(363): CodeIgniter\CodeIgniter->run()
 6 SYSTEMPATH\Boot.php(68): CodeIgniter\Boot::runCodeIgniter(Object(CodeIgniter\CodeIgniter))
 7 FCPATH\index.php(67): CodeIgniter\Boot::bootWeb(Object(Config\Paths))
WARNING - 2026-02-18 04:27:28 --> [DEPRECATED] Creation of dynamic property App\Models\CartModel::$builderCheckoutItems is deprecated in APPPATH\Models\CartModel.php on line 16.
 1 APPPATH\Controllers\CartController.php(26): App\Models\CartModel->__construct()
 2 SYSTEMPATH\CodeIgniter.php(904): App\Controllers\CartController->initController(Object(CodeIgniter\HTTP\IncomingRequest), Object(CodeIgniter\HTTP\Response), Object(CodeIgniter\Log\Logger))
 3 SYSTEMPATH\CodeIgniter.php(498): CodeIgniter\CodeIgniter->createController()
 4 SYSTEMPATH\CodeIgniter.php(354): CodeIgniter\CodeIgniter->handleRequest(null, Object(Config\Cache), false)
 5 SYSTEMPATH\Boot.php(363): CodeIgniter\CodeIgniter->run()
 6 SYSTEMPATH\Boot.php(68): CodeIgniter\Boot::runCodeIgniter(Object(CodeIgniter\CodeIgniter))
 7 FCPATH\index.php(67): CodeIgniter\Boot::bootWeb(Object(Config\Paths))
WARNING - 2026-02-18 04:27:28 --> [DEPRECATED] Creation of dynamic property App\Models\CartModel::$builderPaymentMethods is deprecated in APPPATH\Models\CartModel.php on line 17.
 1 APPPATH\Controllers\CartController.php(26): App\Models\CartModel->__construct()
 2 SYSTEMPATH\CodeIgniter.php(904): App\Controllers\CartController->initController(Object(CodeIgniter\HTTP\IncomingRequest), Object(CodeIgniter\HTTP\Response), Object(CodeIgniter\Log\Logger))
 3 SYSTEMPATH\CodeIgniter.php(498): CodeIgniter\CodeIgniter->createController()
 4 SYSTEMPATH\CodeIgniter.php(354): CodeIgniter\CodeIgniter->handleRequest(null, Object(Config\Cache), false)
 5 SYSTEMPATH\Boot.php(363): CodeIgniter\CodeIgniter->run()
 6 SYSTEMPATH\Boot.php(68): CodeIgniter\Boot::runCodeIgniter(Object(CodeIgniter\CodeIgniter))
 7 FCPATH\index.php(67): CodeIgniter\Boot::bootWeb(Object(Config\Paths))
WARNING - 2026-02-18 04:27:28 --> [DEPRECATED] Creation of dynamic property App\Controllers\CartController::$apiKey is deprecated in APPPATH\Controllers\CartController.php on line 34.
 1 SYSTEMPATH\CodeIgniter.php(904): App\Controllers\CartController->initController(Object(CodeIgniter\HTTP\IncomingRequest), Object(CodeIgniter\HTTP\Response), Object(CodeIgniter\Log\Logger))
 2 SYSTEMPATH\CodeIgniter.php(498): CodeIgniter\CodeIgniter->createController()
 3 SYSTEMPATH\CodeIgniter.php(354): CodeIgniter\CodeIgniter->handleRequest(null, Object(Config\Cache), false)
 4 SYSTEMPATH\Boot.php(363): CodeIgniter\CodeIgniter->run()
 5 SYSTEMPATH\Boot.php(68): CodeIgniter\Boot::runCodeIgniter(Object(CodeIgniter\CodeIgniter))
 6 FCPATH\index.php(67): CodeIgniter\Boot::bootWeb(Object(Config\Paths))
WARNING - 2026-02-18 04:28:30 --> [DEPRECATED] Creation of dynamic property App\Models\CartModel::$builderCheckouts is deprecated in APPPATH\Models\CartModel.php on line 15.
 1 APPPATH\Controllers\BaseController.php(147): App\Models\CartModel->__construct()
 2 APPPATH\Controllers\CartController.php(25): App\Controllers\BaseController->initController(Object(CodeIgniter\HTTP\IncomingRequest), Object(CodeIgniter\HTTP\Response), Object(CodeIgniter\Log\Logger))
 3 SYSTEMPATH\CodeIgniter.php(904): App\Controllers\CartController->initController(Object(CodeIgniter\HTTP\IncomingRequest), Object(CodeIgniter\HTTP\Response), Object(CodeIgniter\Log\Logger))
 4 SYSTEMPATH\CodeIgniter.php(498): CodeIgniter\CodeIgniter->createController()
 5 SYSTEMPATH\CodeIgniter.php(354): CodeIgniter\CodeIgniter->handleRequest(null, Object(Config\Cache), false)
 6 SYSTEMPATH\Boot.php(363): CodeIgniter\CodeIgniter->run()
 7 SYSTEMPATH\Boot.php(68): CodeIgniter\Boot::runCodeIgniter(Object(CodeIgniter\CodeIgniter))
 8 FCPATH\index.php(67): CodeIgniter\Boot::bootWeb(Object(Config\Paths))
WARNING - 2026-02-18 04:28:30 --> [DEPRECATED] Creation of dynamic property App\Models\CartModel::$builderCheckoutItems is deprecated in APPPATH\Models\CartModel.php on line 16.
 1 APPPATH\Controllers\BaseController.php(147): App\Models\CartModel->__construct()
 2 APPPATH\Controllers\CartController.php(25): App\Controllers\BaseController->initController(Object(CodeIgniter\HTTP\IncomingRequest), Object(CodeIgniter\HTTP\Response), Object(CodeIgniter\Log\Logger))
 3 SYSTEMPATH\CodeIgniter.php(904): App\Controllers\CartController->initController(Object(CodeIgniter\HTTP\IncomingRequest), Object(CodeIgniter\HTTP\Response), Object(CodeIgniter\Log\Logger))
 4 SYSTEMPATH\CodeIgniter.php(498): CodeIgniter\CodeIgniter->createController()
 5 SYSTEMPATH\CodeIgniter.php(354): CodeIgniter\CodeIgniter->handleRequest(null, Object(Config\Cache), false)
 6 SYSTEMPATH\Boot.php(363): CodeIgniter\CodeIgniter->run()
 7 SYSTEMPATH\Boot.php(68): CodeIgniter\Boot::runCodeIgniter(Object(CodeIgniter\CodeIgniter))
 8 FCPATH\index.php(67): CodeIgniter\Boot::bootWeb(Object(Config\Paths))
WARNING - 2026-02-18 04:28:30 --> [DEPRECATED] Creation of dynamic property App\Models\CartModel::$builderPaymentMethods is deprecated in APPPATH\Models\CartModel.php on line 17.
 1 APPPATH\Controllers\BaseController.php(147): App\Models\CartModel->__construct()
 2 APPPATH\Controllers\CartController.php(25): App\Controllers\BaseController->initController(Object(CodeIgniter\HTTP\IncomingRequest), Object(CodeIgniter\HTTP\Response), Object(CodeIgniter\Log\Logger))
 3 SYSTEMPATH\CodeIgniter.php(904): App\Controllers\CartController->initController(Object(CodeIgniter\HTTP\IncomingRequest), Object(CodeIgniter\HTTP\Response), Object(CodeIgniter\Log\Logger))
 4 SYSTEMPATH\CodeIgniter.php(498): CodeIgniter\CodeIgniter->createController()
 5 SYSTEMPATH\CodeIgniter.php(354): CodeIgniter\CodeIgniter->handleRequest(null, Object(Config\Cache), false)
 6 SYSTEMPATH\Boot.php(363): CodeIgniter\CodeIgniter->run()
 7 SYSTEMPATH\Boot.php(68): CodeIgniter\Boot::runCodeIgniter(Object(CodeIgniter\CodeIgniter))
 8 FCPATH\index.php(67): CodeIgniter\Boot::bootWeb(Object(Config\Paths))
WARNING - 2026-02-18 04:28:30 --> [DEPRECATED] Creation of dynamic property App\Models\CartModel::$builderCheckouts is deprecated in APPPATH\Models\CartModel.php on line 15.
 1 APPPATH\Controllers\CartController.php(26): App\Models\CartModel->__construct()
 2 SYSTEMPATH\CodeIgniter.php(904): App\Controllers\CartController->initController(Object(CodeIgniter\HTTP\IncomingRequest), Object(CodeIgniter\HTTP\Response), Object(CodeIgniter\Log\Logger))
 3 SYSTEMPATH\CodeIgniter.php(498): CodeIgniter\CodeIgniter->createController()
 4 SYSTEMPATH\CodeIgniter.php(354): CodeIgniter\CodeIgniter->handleRequest(null, Object(Config\Cache), false)
 5 SYSTEMPATH\Boot.php(363): CodeIgniter\CodeIgniter->run()
 6 SYSTEMPATH\Boot.php(68): CodeIgniter\Boot::runCodeIgniter(Object(CodeIgniter\CodeIgniter))
 7 FCPATH\index.php(67): CodeIgniter\Boot::bootWeb(Object(Config\Paths))
WARNING - 2026-02-18 04:28:30 --> [DEPRECATED] Creation of dynamic property App\Models\CartModel::$builderCheckoutItems is deprecated in APPPATH\Models\CartModel.php on line 16.
 1 APPPATH\Controllers\CartController.php(26): App\Models\CartModel->__construct()
 2 SYSTEMPATH\CodeIgniter.php(904): App\Controllers\CartController->initController(Object(CodeIgniter\HTTP\IncomingRequest), Object(CodeIgniter\HTTP\Response), Object(CodeIgniter\Log\Logger))
 3 SYSTEMPATH\CodeIgniter.php(498): CodeIgniter\CodeIgniter->createController()
 4 SYSTEMPATH\CodeIgniter.php(354): CodeIgniter\CodeIgniter->handleRequest(null, Object(Config\Cache), false)
 5 SYSTEMPATH\Boot.php(363): CodeIgniter\CodeIgniter->run()
 6 SYSTEMPATH\Boot.php(68): CodeIgniter\Boot::runCodeIgniter(Object(CodeIgniter\CodeIgniter))
 7 FCPATH\index.php(67): CodeIgniter\Boot::bootWeb(Object(Config\Paths))
WARNING - 2026-02-18 04:28:30 --> [DEPRECATED] Creation of dynamic property App\Models\CartModel::$builderPaymentMethods is deprecated in APPPATH\Models\CartModel.php on line 17.
 1 APPPATH\Controllers\CartController.php(26): App\Models\CartModel->__construct()
 2 SYSTEMPATH\CodeIgniter.php(904): App\Controllers\CartController->initController(Object(CodeIgniter\HTTP\IncomingRequest), Object(CodeIgniter\HTTP\Response), Object(CodeIgniter\Log\Logger))
 3 SYSTEMPATH\CodeIgniter.php(498): CodeIgniter\CodeIgniter->createController()
 4 SYSTEMPATH\CodeIgniter.php(354): CodeIgniter\CodeIgniter->handleRequest(null, Object(Config\Cache), false)
 5 SYSTEMPATH\Boot.php(363): CodeIgniter\CodeIgniter->run()
 6 SYSTEMPATH\Boot.php(68): CodeIgniter\Boot::runCodeIgniter(Object(CodeIgniter\CodeIgniter))
 7 FCPATH\index.php(67): CodeIgniter\Boot::bootWeb(Object(Config\Paths))
WARNING - 2026-02-18 04:28:30 --> [DEPRECATED] Creation of dynamic property App\Controllers\CartController::$apiKey is deprecated in APPPATH\Controllers\CartController.php on line 34.
 1 SYSTEMPATH\CodeIgniter.php(904): App\Controllers\CartController->initController(Object(CodeIgniter\HTTP\IncomingRequest), Object(CodeIgniter\HTTP\Response), Object(CodeIgniter\Log\Logger))
 2 SYSTEMPATH\CodeIgniter.php(498): CodeIgniter\CodeIgniter->createController()
 3 SYSTEMPATH\CodeIgniter.php(354): CodeIgniter\CodeIgniter->handleRequest(null, Object(Config\Cache), false)
 4 SYSTEMPATH\Boot.php(363): CodeIgniter\CodeIgniter->run()
 5 SYSTEMPATH\Boot.php(68): CodeIgniter\Boot::runCodeIgniter(Object(CodeIgniter\CodeIgniter))
 6 FCPATH\index.php(67): CodeIgniter\Boot::bootWeb(Object(Config\Paths))
WARNING - 2026-02-18 04:28:30 --> [DEPRECATED] Creation of dynamic property App\Services\OngkirService::$baseUrl is deprecated in APPPATH\Services\OngkirService.php on line 11.
 1 APPPATH\Controllers\CartController.php(186): App\Services\OngkirService->__construct()
 2 SYSTEMPATH\CodeIgniter.php(933): App\Controllers\CartController->shipping()
 3 SYSTEMPATH\CodeIgniter.php(507): CodeIgniter\CodeIgniter->runController(Object(App\Controllers\CartController))
 4 SYSTEMPATH\CodeIgniter.php(354): CodeIgniter\CodeIgniter->handleRequest(null, Object(Config\Cache), false)
 5 SYSTEMPATH\Boot.php(363): CodeIgniter\CodeIgniter->run()
 6 SYSTEMPATH\Boot.php(68): CodeIgniter\Boot::runCodeIgniter(Object(CodeIgniter\CodeIgniter))
 7 FCPATH\index.php(67): CodeIgniter\Boot::bootWeb(Object(Config\Paths))
WARNING - 2026-02-18 04:28:30 --> [DEPRECATED] Creation of dynamic property App\Services\OngkirService::$CALCULATE_DELIVERY_COST is deprecated in APPPATH\Services\OngkirService.php on line 12.
 1 APPPATH\Controllers\CartController.php(186): App\Services\OngkirService->__construct()
 2 SYSTEMPATH\CodeIgniter.php(933): App\Controllers\CartController->shipping()
 3 SYSTEMPATH\CodeIgniter.php(507): CodeIgniter\CodeIgniter->runController(Object(App\Controllers\CartController))
 4 SYSTEMPATH\CodeIgniter.php(354): CodeIgniter\CodeIgniter->handleRequest(null, Object(Config\Cache), false)
 5 SYSTEMPATH\Boot.php(363): CodeIgniter\CodeIgniter->run()
 6 SYSTEMPATH\Boot.php(68): CodeIgniter\Boot::runCodeIgniter(Object(CodeIgniter\CodeIgniter))
 7 FCPATH\index.php(67): CodeIgniter\Boot::bootWeb(Object(Config\Paths))
WARNING - 2026-02-18 04:28:30 --> [DEPRECATED] Creation of dynamic property App\Services\OngkirService::$apiKey is deprecated in APPPATH\Services\OngkirService.php on line 13.
 1 APPPATH\Controllers\CartController.php(186): App\Services\OngkirService->__construct()
 2 SYSTEMPATH\CodeIgniter.php(933): App\Controllers\CartController->shipping()
 3 SYSTEMPATH\CodeIgniter.php(507): CodeIgniter\CodeIgniter->runController(Object(App\Controllers\CartController))
 4 SYSTEMPATH\CodeIgniter.php(354): CodeIgniter\CodeIgniter->handleRequest(null, Object(Config\Cache), false)
 5 SYSTEMPATH\Boot.php(363): CodeIgniter\CodeIgniter->run()
 6 SYSTEMPATH\Boot.php(68): CodeIgniter\Boot::runCodeIgniter(Object(CodeIgniter\CodeIgniter))
 7 FCPATH\index.php(67): CodeIgniter\Boot::bootWeb(Object(Config\Paths))
WARNING - 2026-02-18 04:28:30 --> [DEPRECATED] Creation of dynamic property App\Services\OngkirService::$listCourier is deprecated in APPPATH\Services\OngkirService.php on line 14.
 1 APPPATH\Controllers\CartController.php(186): App\Services\OngkirService->__construct()
 2 SYSTEMPATH\CodeIgniter.php(933): App\Controllers\CartController->shipping()
 3 SYSTEMPATH\CodeIgniter.php(507): CodeIgniter\CodeIgniter->runController(Object(App\Controllers\CartController))
 4 SYSTEMPATH\CodeIgniter.php(354): CodeIgniter\CodeIgniter->handleRequest(null, Object(Config\Cache), false)
 5 SYSTEMPATH\Boot.php(363): CodeIgniter\CodeIgniter->run()
 6 SYSTEMPATH\Boot.php(68): CodeIgniter\Boot::runCodeIgniter(Object(CodeIgniter\CodeIgniter))
 7 FCPATH\index.php(67): CodeIgniter\Boot::bootWeb(Object(Config\Paths))
WARNING - 2026-02-18 04:28:31 --> [DEPRECATED] Creation of dynamic property App\Models\CartModel::$builderCheckouts is deprecated in APPPATH\Models\CartModel.php on line 15.
 1 APPPATH\Controllers\BaseController.php(147): App\Models\CartModel->__construct()
 2 APPPATH\Controllers\AjaxController.php(20): App\Controllers\BaseController->initController(Object(CodeIgniter\HTTP\IncomingRequest), Object(CodeIgniter\HTTP\Response), Object(CodeIgniter\Log\Logger))
 3 SYSTEMPATH\CodeIgniter.php(904): App\Controllers\AjaxController->initController(Object(CodeIgniter\HTTP\IncomingRequest), Object(CodeIgniter\HTTP\Response), Object(CodeIgniter\Log\Logger))
 4 SYSTEMPATH\CodeIgniter.php(498): CodeIgniter\CodeIgniter->createController()
 5 SYSTEMPATH\CodeIgniter.php(354): CodeIgniter\CodeIgniter->handleRequest(null, Object(Config\Cache), false)
 6 SYSTEMPATH\Boot.php(363): CodeIgniter\CodeIgniter->run()
 7 SYSTEMPATH\Boot.php(68): CodeIgniter\Boot::runCodeIgniter(Object(CodeIgniter\CodeIgniter))
 8 FCPATH\index.php(67): CodeIgniter\Boot::bootWeb(Object(Config\Paths))
WARNING - 2026-02-18 04:28:31 --> [DEPRECATED] Creation of dynamic property App\Models\CartModel::$builderCheckoutItems is deprecated in APPPATH\Models\CartModel.php on line 16.
 1 APPPATH\Controllers\BaseController.php(147): App\Models\CartModel->__construct()
 2 APPPATH\Controllers\AjaxController.php(20): App\Controllers\BaseController->initController(Object(CodeIgniter\HTTP\IncomingRequest), Object(CodeIgniter\HTTP\Response), Object(CodeIgniter\Log\Logger))
 3 SYSTEMPATH\CodeIgniter.php(904): App\Controllers\AjaxController->initController(Object(CodeIgniter\HTTP\IncomingRequest), Object(CodeIgniter\HTTP\Response), Object(CodeIgniter\Log\Logger))
 4 SYSTEMPATH\CodeIgniter.php(498): CodeIgniter\CodeIgniter->createController()
 5 SYSTEMPATH\CodeIgniter.php(354): CodeIgniter\CodeIgniter->handleRequest(null, Object(Config\Cache), false)
 6 SYSTEMPATH\Boot.php(363): CodeIgniter\CodeIgniter->run()
 7 SYSTEMPATH\Boot.php(68): CodeIgniter\Boot::runCodeIgniter(Object(CodeIgniter\CodeIgniter))
 8 FCPATH\index.php(67): CodeIgniter\Boot::bootWeb(Object(Config\Paths))
WARNING - 2026-02-18 04:28:31 --> [DEPRECATED] Creation of dynamic property App\Models\CartModel::$builderPaymentMethods is deprecated in APPPATH\Models\CartModel.php on line 17.
 1 APPPATH\Controllers\BaseController.php(147): App\Models\CartModel->__construct()
 2 APPPATH\Controllers\AjaxController.php(20): App\Controllers\BaseController->initController(Object(CodeIgniter\HTTP\IncomingRequest), Object(CodeIgniter\HTTP\Response), Object(CodeIgniter\Log\Logger))
 3 SYSTEMPATH\CodeIgniter.php(904): App\Controllers\AjaxController->initController(Object(CodeIgniter\HTTP\IncomingRequest), Object(CodeIgniter\HTTP\Response), Object(CodeIgniter\Log\Logger))
 4 SYSTEMPATH\CodeIgniter.php(498): CodeIgniter\CodeIgniter->createController()
 5 SYSTEMPATH\CodeIgniter.php(354): CodeIgniter\CodeIgniter->handleRequest(null, Object(Config\Cache), false)
 6 SYSTEMPATH\Boot.php(363): CodeIgniter\CodeIgniter->run()
 7 SYSTEMPATH\Boot.php(68): CodeIgniter\Boot::runCodeIgniter(Object(CodeIgniter\CodeIgniter))
 8 FCPATH\index.php(67): CodeIgniter\Boot::bootWeb(Object(Config\Paths))
WARNING - 2026-02-18 04:28:32 --> [DEPRECATED] Creation of dynamic property App\Models\CartModel::$builderCheckouts is deprecated in APPPATH\Models\CartModel.php on line 15.
 1 APPPATH\Controllers\BaseController.php(147): App\Models\CartModel->__construct()
 2 APPPATH\Controllers\CartController.php(25): App\Controllers\BaseController->initController(Object(CodeIgniter\HTTP\IncomingRequest), Object(CodeIgniter\HTTP\Response), Object(CodeIgniter\Log\Logger))
 3 SYSTEMPATH\CodeIgniter.php(904): App\Controllers\CartController->initController(Object(CodeIgniter\HTTP\IncomingRequest), Object(CodeIgniter\HTTP\Response), Object(CodeIgniter\Log\Logger))
 4 SYSTEMPATH\CodeIgniter.php(498): CodeIgniter\CodeIgniter->createController()
 5 SYSTEMPATH\CodeIgniter.php(354): CodeIgniter\CodeIgniter->handleRequest(null, Object(Config\Cache), false)
 6 SYSTEMPATH\Boot.php(363): CodeIgniter\CodeIgniter->run()
 7 SYSTEMPATH\Boot.php(68): CodeIgniter\Boot::runCodeIgniter(Object(CodeIgniter\CodeIgniter))
 8 FCPATH\index.php(67): CodeIgniter\Boot::bootWeb(Object(Config\Paths))
WARNING - 2026-02-18 04:28:32 --> [DEPRECATED] Creation of dynamic property App\Models\CartModel::$builderCheckoutItems is deprecated in APPPATH\Models\CartModel.php on line 16.
 1 APPPATH\Controllers\BaseController.php(147): App\Models\CartModel->__construct()
 2 APPPATH\Controllers\CartController.php(25): App\Controllers\BaseController->initController(Object(CodeIgniter\HTTP\IncomingRequest), Object(CodeIgniter\HTTP\Response), Object(CodeIgniter\Log\Logger))
 3 SYSTEMPATH\CodeIgniter.php(904): App\Controllers\CartController->initController(Object(CodeIgniter\HTTP\IncomingRequest), Object(CodeIgniter\HTTP\Response), Object(CodeIgniter\Log\Logger))
 4 SYSTEMPATH\CodeIgniter.php(498): CodeIgniter\CodeIgniter->createController()
 5 SYSTEMPATH\CodeIgniter.php(354): CodeIgniter\CodeIgniter->handleRequest(null, Object(Config\Cache), false)
 6 SYSTEMPATH\Boot.php(363): CodeIgniter\CodeIgniter->run()
 7 SYSTEMPATH\Boot.php(68): CodeIgniter\Boot::runCodeIgniter(Object(CodeIgniter\CodeIgniter))
 8 FCPATH\index.php(67): CodeIgniter\Boot::bootWeb(Object(Config\Paths))
WARNING - 2026-02-18 04:28:32 --> [DEPRECATED] Creation of dynamic property App\Models\CartModel::$builderPaymentMethods is deprecated in APPPATH\Models\CartModel.php on line 17.
 1 APPPATH\Controllers\BaseController.php(147): App\Models\CartModel->__construct()
 2 APPPATH\Controllers\CartController.php(25): App\Controllers\BaseController->initController(Object(CodeIgniter\HTTP\IncomingRequest), Object(CodeIgniter\HTTP\Response), Object(CodeIgniter\Log\Logger))
 3 SYSTEMPATH\CodeIgniter.php(904): App\Controllers\CartController->initController(Object(CodeIgniter\HTTP\IncomingRequest), Object(CodeIgniter\HTTP\Response), Object(CodeIgniter\Log\Logger))
 4 SYSTEMPATH\CodeIgniter.php(498): CodeIgniter\CodeIgniter->createController()
 5 SYSTEMPATH\CodeIgniter.php(354): CodeIgniter\CodeIgniter->handleRequest(null, Object(Config\Cache), false)
 6 SYSTEMPATH\Boot.php(363): CodeIgniter\CodeIgniter->run()
 7 SYSTEMPATH\Boot.php(68): CodeIgniter\Boot::runCodeIgniter(Object(CodeIgniter\CodeIgniter))
 8 FCPATH\index.php(67): CodeIgniter\Boot::bootWeb(Object(Config\Paths))
WARNING - 2026-02-18 04:28:32 --> [DEPRECATED] Creation of dynamic property App\Models\CartModel::$builderCheckouts is deprecated in APPPATH\Models\CartModel.php on line 15.
 1 APPPATH\Controllers\CartController.php(26): App\Models\CartModel->__construct()
 2 SYSTEMPATH\CodeIgniter.php(904): App\Controllers\CartController->initController(Object(CodeIgniter\HTTP\IncomingRequest), Object(CodeIgniter\HTTP\Response), Object(CodeIgniter\Log\Logger))
 3 SYSTEMPATH\CodeIgniter.php(498): CodeIgniter\CodeIgniter->createController()
 4 SYSTEMPATH\CodeIgniter.php(354): CodeIgniter\CodeIgniter->handleRequest(null, Object(Config\Cache), false)
 5 SYSTEMPATH\Boot.php(363): CodeIgniter\CodeIgniter->run()
 6 SYSTEMPATH\Boot.php(68): CodeIgniter\Boot::runCodeIgniter(Object(CodeIgniter\CodeIgniter))
 7 FCPATH\index.php(67): CodeIgniter\Boot::bootWeb(Object(Config\Paths))
WARNING - 2026-02-18 04:28:32 --> [DEPRECATED] Creation of dynamic property App\Models\CartModel::$builderCheckoutItems is deprecated in APPPATH\Models\CartModel.php on line 16.
 1 APPPATH\Controllers\CartController.php(26): App\Models\CartModel->__construct()
 2 SYSTEMPATH\CodeIgniter.php(904): App\Controllers\CartController->initController(Object(CodeIgniter\HTTP\IncomingRequest), Object(CodeIgniter\HTTP\Response), Object(CodeIgniter\Log\Logger))
 3 SYSTEMPATH\CodeIgniter.php(498): CodeIgniter\CodeIgniter->createController()
 4 SYSTEMPATH\CodeIgniter.php(354): CodeIgniter\CodeIgniter->handleRequest(null, Object(Config\Cache), false)
 5 SYSTEMPATH\Boot.php(363): CodeIgniter\CodeIgniter->run()
 6 SYSTEMPATH\Boot.php(68): CodeIgniter\Boot::runCodeIgniter(Object(CodeIgniter\CodeIgniter))
 7 FCPATH\index.php(67): CodeIgniter\Boot::bootWeb(Object(Config\Paths))
WARNING - 2026-02-18 04:28:32 --> [DEPRECATED] Creation of dynamic property App\Models\CartModel::$builderPaymentMethods is deprecated in APPPATH\Models\CartModel.php on line 17.
 1 APPPATH\Controllers\CartController.php(26): App\Models\CartModel->__construct()
 2 SYSTEMPATH\CodeIgniter.php(904): App\Controllers\CartController->initController(Object(CodeIgniter\HTTP\IncomingRequest), Object(CodeIgniter\HTTP\Response), Object(CodeIgniter\Log\Logger))
 3 SYSTEMPATH\CodeIgniter.php(498): CodeIgniter\CodeIgniter->createController()
 4 SYSTEMPATH\CodeIgniter.php(354): CodeIgniter\CodeIgniter->handleRequest(null, Object(Config\Cache), false)
 5 SYSTEMPATH\Boot.php(363): CodeIgniter\CodeIgniter->run()
 6 SYSTEMPATH\Boot.php(68): CodeIgniter\Boot::runCodeIgniter(Object(CodeIgniter\CodeIgniter))
 7 FCPATH\index.php(67): CodeIgniter\Boot::bootWeb(Object(Config\Paths))
WARNING - 2026-02-18 04:28:32 --> [DEPRECATED] Creation of dynamic property App\Controllers\CartController::$apiKey is deprecated in APPPATH\Controllers\CartController.php on line 34.
 1 SYSTEMPATH\CodeIgniter.php(904): App\Controllers\CartController->initController(Object(CodeIgniter\HTTP\IncomingRequest), Object(CodeIgniter\HTTP\Response), Object(CodeIgniter\Log\Logger))
 2 SYSTEMPATH\CodeIgniter.php(498): CodeIgniter\CodeIgniter->createController()
 3 SYSTEMPATH\CodeIgniter.php(354): CodeIgniter\CodeIgniter->handleRequest(null, Object(Config\Cache), false)
 4 SYSTEMPATH\Boot.php(363): CodeIgniter\CodeIgniter->run()
 5 SYSTEMPATH\Boot.php(68): CodeIgniter\Boot::runCodeIgniter(Object(CodeIgniter\CodeIgniter))
 6 FCPATH\index.php(67): CodeIgniter\Boot::bootWeb(Object(Config\Paths))
WARNING - 2026-02-18 04:28:42 --> [DEPRECATED] Creation of dynamic property App\Models\CartModel::$builderCheckouts is deprecated in APPPATH\Models\CartModel.php on line 15.
 1 APPPATH\Controllers\BaseController.php(147): App\Models\CartModel->__construct()
 2 APPPATH\Controllers\CartController.php(25): App\Controllers\BaseController->initController(Object(CodeIgniter\HTTP\IncomingRequest), Object(CodeIgniter\HTTP\Response), Object(CodeIgniter\Log\Logger))
 3 SYSTEMPATH\CodeIgniter.php(904): App\Controllers\CartController->initController(Object(CodeIgniter\HTTP\IncomingRequest), Object(CodeIgniter\HTTP\Response), Object(CodeIgniter\Log\Logger))
 4 SYSTEMPATH\CodeIgniter.php(498): CodeIgniter\CodeIgniter->createController()
 5 SYSTEMPATH\CodeIgniter.php(354): CodeIgniter\CodeIgniter->handleRequest(null, Object(Config\Cache), false)
 6 SYSTEMPATH\Boot.php(363): CodeIgniter\CodeIgniter->run()
 7 SYSTEMPATH\Boot.php(68): CodeIgniter\Boot::runCodeIgniter(Object(CodeIgniter\CodeIgniter))
 8 FCPATH\index.php(67): CodeIgniter\Boot::bootWeb(Object(Config\Paths))
WARNING - 2026-02-18 04:28:42 --> [DEPRECATED] Creation of dynamic property App\Models\CartModel::$builderCheckoutItems is deprecated in APPPATH\Models\CartModel.php on line 16.
 1 APPPATH\Controllers\BaseController.php(147): App\Models\CartModel->__construct()
 2 APPPATH\Controllers\CartController.php(25): App\Controllers\BaseController->initController(Object(CodeIgniter\HTTP\IncomingRequest), Object(CodeIgniter\HTTP\Response), Object(CodeIgniter\Log\Logger))
 3 SYSTEMPATH\CodeIgniter.php(904): App\Controllers\CartController->initController(Object(CodeIgniter\HTTP\IncomingRequest), Object(CodeIgniter\HTTP\Response), Object(CodeIgniter\Log\Logger))
 4 SYSTEMPATH\CodeIgniter.php(498): CodeIgniter\CodeIgniter->createController()
 5 SYSTEMPATH\CodeIgniter.php(354): CodeIgniter\CodeIgniter->handleRequest(null, Object(Config\Cache), false)
 6 SYSTEMPATH\Boot.php(363): CodeIgniter\CodeIgniter->run()
 7 SYSTEMPATH\Boot.php(68): CodeIgniter\Boot::runCodeIgniter(Object(CodeIgniter\CodeIgniter))
 8 FCPATH\index.php(67): CodeIgniter\Boot::bootWeb(Object(Config\Paths))
WARNING - 2026-02-18 04:28:42 --> [DEPRECATED] Creation of dynamic property App\Models\CartModel::$builderPaymentMethods is deprecated in APPPATH\Models\CartModel.php on line 17.
 1 APPPATH\Controllers\BaseController.php(147): App\Models\CartModel->__construct()
 2 APPPATH\Controllers\CartController.php(25): App\Controllers\BaseController->initController(Object(CodeIgniter\HTTP\IncomingRequest), Object(CodeIgniter\HTTP\Response), Object(CodeIgniter\Log\Logger))
 3 SYSTEMPATH\CodeIgniter.php(904): App\Controllers\CartController->initController(Object(CodeIgniter\HTTP\IncomingRequest), Object(CodeIgniter\HTTP\Response), Object(CodeIgniter\Log\Logger))
 4 SYSTEMPATH\CodeIgniter.php(498): CodeIgniter\CodeIgniter->createController()
 5 SYSTEMPATH\CodeIgniter.php(354): CodeIgniter\CodeIgniter->handleRequest(null, Object(Config\Cache), false)
 6 SYSTEMPATH\Boot.php(363): CodeIgniter\CodeIgniter->run()
 7 SYSTEMPATH\Boot.php(68): CodeIgniter\Boot::runCodeIgniter(Object(CodeIgniter\CodeIgniter))
 8 FCPATH\index.php(67): CodeIgniter\Boot::bootWeb(Object(Config\Paths))
WARNING - 2026-02-18 04:28:42 --> [DEPRECATED] Creation of dynamic property App\Models\CartModel::$builderCheckouts is deprecated in APPPATH\Models\CartModel.php on line 15.
 1 APPPATH\Controllers\CartController.php(26): App\Models\CartModel->__construct()
 2 SYSTEMPATH\CodeIgniter.php(904): App\Controllers\CartController->initController(Object(CodeIgniter\HTTP\IncomingRequest), Object(CodeIgniter\HTTP\Response), Object(CodeIgniter\Log\Logger))
 3 SYSTEMPATH\CodeIgniter.php(498): CodeIgniter\CodeIgniter->createController()
 4 SYSTEMPATH\CodeIgniter.php(354): CodeIgniter\CodeIgniter->handleRequest(null, Object(Config\Cache), false)
 5 SYSTEMPATH\Boot.php(363): CodeIgniter\CodeIgniter->run()
 6 SYSTEMPATH\Boot.php(68): CodeIgniter\Boot::runCodeIgniter(Object(CodeIgniter\CodeIgniter))
 7 FCPATH\index.php(67): CodeIgniter\Boot::bootWeb(Object(Config\Paths))
WARNING - 2026-02-18 04:28:42 --> [DEPRECATED] Creation of dynamic property App\Models\CartModel::$builderCheckoutItems is deprecated in APPPATH\Models\CartModel.php on line 16.
 1 APPPATH\Controllers\CartController.php(26): App\Models\CartModel->__construct()
 2 SYSTEMPATH\CodeIgniter.php(904): App\Controllers\CartController->initController(Object(CodeIgniter\HTTP\IncomingRequest), Object(CodeIgniter\HTTP\Response), Object(CodeIgniter\Log\Logger))
 3 SYSTEMPATH\CodeIgniter.php(498): CodeIgniter\CodeIgniter->createController()
 4 SYSTEMPATH\CodeIgniter.php(354): CodeIgniter\CodeIgniter->handleRequest(null, Object(Config\Cache), false)
 5 SYSTEMPATH\Boot.php(363): CodeIgniter\CodeIgniter->run()
 6 SYSTEMPATH\Boot.php(68): CodeIgniter\Boot::runCodeIgniter(Object(CodeIgniter\CodeIgniter))
 7 FCPATH\index.php(67): CodeIgniter\Boot::bootWeb(Object(Config\Paths))
WARNING - 2026-02-18 04:28:42 --> [DEPRECATED] Creation of dynamic property App\Models\CartModel::$builderPaymentMethods is deprecated in APPPATH\Models\CartModel.php on line 17.
 1 APPPATH\Controllers\CartController.php(26): App\Models\CartModel->__construct()
 2 SYSTEMPATH\CodeIgniter.php(904): App\Controllers\CartController->initController(Object(CodeIgniter\HTTP\IncomingRequest), Object(CodeIgniter\HTTP\Response), Object(CodeIgniter\Log\Logger))
 3 SYSTEMPATH\CodeIgniter.php(498): CodeIgniter\CodeIgniter->createController()
 4 SYSTEMPATH\CodeIgniter.php(354): CodeIgniter\CodeIgniter->handleRequest(null, Object(Config\Cache), false)
 5 SYSTEMPATH\Boot.php(363): CodeIgniter\CodeIgniter->run()
 6 SYSTEMPATH\Boot.php(68): CodeIgniter\Boot::runCodeIgniter(Object(CodeIgniter\CodeIgniter))
 7 FCPATH\index.php(67): CodeIgniter\Boot::bootWeb(Object(Config\Paths))
WARNING - 2026-02-18 04:28:42 --> [DEPRECATED] Creation of dynamic property App\Controllers\CartController::$apiKey is deprecated in APPPATH\Controllers\CartController.php on line 34.
 1 SYSTEMPATH\CodeIgniter.php(904): App\Controllers\CartController->initController(Object(CodeIgniter\HTTP\IncomingRequest), Object(CodeIgniter\HTTP\Response), Object(CodeIgniter\Log\Logger))
 2 SYSTEMPATH\CodeIgniter.php(498): CodeIgniter\CodeIgniter->createController()
 3 SYSTEMPATH\CodeIgniter.php(354): CodeIgniter\CodeIgniter->handleRequest(null, Object(Config\Cache), false)
 4 SYSTEMPATH\Boot.php(363): CodeIgniter\CodeIgniter->run()
 5 SYSTEMPATH\Boot.php(68): CodeIgniter\Boot::runCodeIgniter(Object(CodeIgniter\CodeIgniter))
 6 FCPATH\index.php(67): CodeIgniter\Boot::bootWeb(Object(Config\Paths))
WARNING - 2026-02-18 04:30:06 --> [DEPRECATED] Creation of dynamic property App\Models\CartModel::$builderCheckouts is deprecated in APPPATH\Models\CartModel.php on line 15.
 1 APPPATH\Controllers\BaseController.php(147): App\Models\CartModel->__construct()
 2 APPPATH\Controllers\CartController.php(25): App\Controllers\BaseController->initController(Object(CodeIgniter\HTTP\IncomingRequest), Object(CodeIgniter\HTTP\Response), Object(CodeIgniter\Log\Logger))
 3 SYSTEMPATH\CodeIgniter.php(904): App\Controllers\CartController->initController(Object(CodeIgniter\HTTP\IncomingRequest), Object(CodeIgniter\HTTP\Response), Object(CodeIgniter\Log\Logger))
 4 SYSTEMPATH\CodeIgniter.php(498): CodeIgniter\CodeIgniter->createController()
 5 SYSTEMPATH\CodeIgniter.php(354): CodeIgniter\CodeIgniter->handleRequest(null, Object(Config\Cache), false)
 6 SYSTEMPATH\Boot.php(363): CodeIgniter\CodeIgniter->run()
 7 SYSTEMPATH\Boot.php(68): CodeIgniter\Boot::runCodeIgniter(Object(CodeIgniter\CodeIgniter))
 8 FCPATH\index.php(67): CodeIgniter\Boot::bootWeb(Object(Config\Paths))
WARNING - 2026-02-18 04:30:06 --> [DEPRECATED] Creation of dynamic property App\Models\CartModel::$builderCheckoutItems is deprecated in APPPATH\Models\CartModel.php on line 16.
 1 APPPATH\Controllers\BaseController.php(147): App\Models\CartModel->__construct()
 2 APPPATH\Controllers\CartController.php(25): App\Controllers\BaseController->initController(Object(CodeIgniter\HTTP\IncomingRequest), Object(CodeIgniter\HTTP\Response), Object(CodeIgniter\Log\Logger))
 3 SYSTEMPATH\CodeIgniter.php(904): App\Controllers\CartController->initController(Object(CodeIgniter\HTTP\IncomingRequest), Object(CodeIgniter\HTTP\Response), Object(CodeIgniter\Log\Logger))
 4 SYSTEMPATH\CodeIgniter.php(498): CodeIgniter\CodeIgniter->createController()
 5 SYSTEMPATH\CodeIgniter.php(354): CodeIgniter\CodeIgniter->handleRequest(null, Object(Config\Cache), false)
 6 SYSTEMPATH\Boot.php(363): CodeIgniter\CodeIgniter->run()
 7 SYSTEMPATH\Boot.php(68): CodeIgniter\Boot::runCodeIgniter(Object(CodeIgniter\CodeIgniter))
 8 FCPATH\index.php(67): CodeIgniter\Boot::bootWeb(Object(Config\Paths))
WARNING - 2026-02-18 04:30:06 --> [DEPRECATED] Creation of dynamic property App\Models\CartModel::$builderPaymentMethods is deprecated in APPPATH\Models\CartModel.php on line 17.
 1 APPPATH\Controllers\BaseController.php(147): App\Models\CartModel->__construct()
 2 APPPATH\Controllers\CartController.php(25): App\Controllers\BaseController->initController(Object(CodeIgniter\HTTP\IncomingRequest), Object(CodeIgniter\HTTP\Response), Object(CodeIgniter\Log\Logger))
 3 SYSTEMPATH\CodeIgniter.php(904): App\Controllers\CartController->initController(Object(CodeIgniter\HTTP\IncomingRequest), Object(CodeIgniter\HTTP\Response), Object(CodeIgniter\Log\Logger))
 4 SYSTEMPATH\CodeIgniter.php(498): CodeIgniter\CodeIgniter->createController()
 5 SYSTEMPATH\CodeIgniter.php(354): CodeIgniter\CodeIgniter->handleRequest(null, Object(Config\Cache), false)
 6 SYSTEMPATH\Boot.php(363): CodeIgniter\CodeIgniter->run()
 7 SYSTEMPATH\Boot.php(68): CodeIgniter\Boot::runCodeIgniter(Object(CodeIgniter\CodeIgniter))
 8 FCPATH\index.php(67): CodeIgniter\Boot::bootWeb(Object(Config\Paths))
WARNING - 2026-02-18 04:30:06 --> [DEPRECATED] Creation of dynamic property App\Models\CartModel::$builderCheckouts is deprecated in APPPATH\Models\CartModel.php on line 15.
 1 APPPATH\Controllers\CartController.php(26): App\Models\CartModel->__construct()
 2 SYSTEMPATH\CodeIgniter.php(904): App\Controllers\CartController->initController(Object(CodeIgniter\HTTP\IncomingRequest), Object(CodeIgniter\HTTP\Response), Object(CodeIgniter\Log\Logger))
 3 SYSTEMPATH\CodeIgniter.php(498): CodeIgniter\CodeIgniter->createController()
 4 SYSTEMPATH\CodeIgniter.php(354): CodeIgniter\CodeIgniter->handleRequest(null, Object(Config\Cache), false)
 5 SYSTEMPATH\Boot.php(363): CodeIgniter\CodeIgniter->run()
 6 SYSTEMPATH\Boot.php(68): CodeIgniter\Boot::runCodeIgniter(Object(CodeIgniter\CodeIgniter))
 7 FCPATH\index.php(67): CodeIgniter\Boot::bootWeb(Object(Config\Paths))
WARNING - 2026-02-18 04:30:06 --> [DEPRECATED] Creation of dynamic property App\Models\CartModel::$builderCheckoutItems is deprecated in APPPATH\Models\CartModel.php on line 16.
 1 APPPATH\Controllers\CartController.php(26): App\Models\CartModel->__construct()
 2 SYSTEMPATH\CodeIgniter.php(904): App\Controllers\CartController->initController(Object(CodeIgniter\HTTP\IncomingRequest), Object(CodeIgniter\HTTP\Response), Object(CodeIgniter\Log\Logger))
 3 SYSTEMPATH\CodeIgniter.php(498): CodeIgniter\CodeIgniter->createController()
 4 SYSTEMPATH\CodeIgniter.php(354): CodeIgniter\CodeIgniter->handleRequest(null, Object(Config\Cache), false)
 5 SYSTEMPATH\Boot.php(363): CodeIgniter\CodeIgniter->run()
 6 SYSTEMPATH\Boot.php(68): CodeIgniter\Boot::runCodeIgniter(Object(CodeIgniter\CodeIgniter))
 7 FCPATH\index.php(67): CodeIgniter\Boot::bootWeb(Object(Config\Paths))
WARNING - 2026-02-18 04:30:06 --> [DEPRECATED] Creation of dynamic property App\Models\CartModel::$builderPaymentMethods is deprecated in APPPATH\Models\CartModel.php on line 17.
 1 APPPATH\Controllers\CartController.php(26): App\Models\CartModel->__construct()
 2 SYSTEMPATH\CodeIgniter.php(904): App\Controllers\CartController->initController(Object(CodeIgniter\HTTP\IncomingRequest), Object(CodeIgniter\HTTP\Response), Object(CodeIgniter\Log\Logger))
 3 SYSTEMPATH\CodeIgniter.php(498): CodeIgniter\CodeIgniter->createController()
 4 SYSTEMPATH\CodeIgniter.php(354): CodeIgniter\CodeIgniter->handleRequest(null, Object(Config\Cache), false)
 5 SYSTEMPATH\Boot.php(363): CodeIgniter\CodeIgniter->run()
 6 SYSTEMPATH\Boot.php(68): CodeIgniter\Boot::runCodeIgniter(Object(CodeIgniter\CodeIgniter))
 7 FCPATH\index.php(67): CodeIgniter\Boot::bootWeb(Object(Config\Paths))
WARNING - 2026-02-18 04:30:06 --> [DEPRECATED] Creation of dynamic property App\Controllers\CartController::$apiKey is deprecated in APPPATH\Controllers\CartController.php on line 34.
 1 SYSTEMPATH\CodeIgniter.php(904): App\Controllers\CartController->initController(Object(CodeIgniter\HTTP\IncomingRequest), Object(CodeIgniter\HTTP\Response), Object(CodeIgniter\Log\Logger))
 2 SYSTEMPATH\CodeIgniter.php(498): CodeIgniter\CodeIgniter->createController()
 3 SYSTEMPATH\CodeIgniter.php(354): CodeIgniter\CodeIgniter->handleRequest(null, Object(Config\Cache), false)
 4 SYSTEMPATH\Boot.php(363): CodeIgniter\CodeIgniter->run()
 5 SYSTEMPATH\Boot.php(68): CodeIgniter\Boot::runCodeIgniter(Object(CodeIgniter\CodeIgniter))
 6 FCPATH\index.php(67): CodeIgniter\Boot::bootWeb(Object(Config\Paths))
WARNING - 2026-02-18 04:31:45 --> [DEPRECATED] Creation of dynamic property App\Models\CartModel::$builderCheckouts is deprecated in APPPATH\Models\CartModel.php on line 15.
 1 APPPATH\Controllers\BaseController.php(147): App\Models\CartModel->__construct()
 2 APPPATH\Controllers\OrderController.php(18): App\Controllers\BaseController->initController(Object(CodeIgniter\HTTP\IncomingRequest), Object(CodeIgniter\HTTP\Response), Object(CodeIgniter\Log\Logger))
 3 SYSTEMPATH\CodeIgniter.php(904): App\Controllers\OrderController->initController(Object(CodeIgniter\HTTP\IncomingRequest), Object(CodeIgniter\HTTP\Response), Object(CodeIgniter\Log\Logger))
 4 SYSTEMPATH\CodeIgniter.php(498): CodeIgniter\CodeIgniter->createController()
 5 SYSTEMPATH\CodeIgniter.php(354): CodeIgniter\CodeIgniter->handleRequest(null, Object(Config\Cache), false)
 6 SYSTEMPATH\Boot.php(363): CodeIgniter\CodeIgniter->run()
 7 SYSTEMPATH\Boot.php(68): CodeIgniter\Boot::runCodeIgniter(Object(CodeIgniter\CodeIgniter))
 8 FCPATH\index.php(67): CodeIgniter\Boot::bootWeb(Object(Config\Paths))
WARNING - 2026-02-18 04:31:45 --> [DEPRECATED] Creation of dynamic property App\Models\CartModel::$builderCheckoutItems is deprecated in APPPATH\Models\CartModel.php on line 16.
 1 APPPATH\Controllers\BaseController.php(147): App\Models\CartModel->__construct()
 2 APPPATH\Controllers\OrderController.php(18): App\Controllers\BaseController->initController(Object(CodeIgniter\HTTP\IncomingRequest), Object(CodeIgniter\HTTP\Response), Object(CodeIgniter\Log\Logger))
 3 SYSTEMPATH\CodeIgniter.php(904): App\Controllers\OrderController->initController(Object(CodeIgniter\HTTP\IncomingRequest), Object(CodeIgniter\HTTP\Response), Object(CodeIgniter\Log\Logger))
 4 SYSTEMPATH\CodeIgniter.php(498): CodeIgniter\CodeIgniter->createController()
 5 SYSTEMPATH\CodeIgniter.php(354): CodeIgniter\CodeIgniter->handleRequest(null, Object(Config\Cache), false)
 6 SYSTEMPATH\Boot.php(363): CodeIgniter\CodeIgniter->run()
 7 SYSTEMPATH\Boot.php(68): CodeIgniter\Boot::runCodeIgniter(Object(CodeIgniter\CodeIgniter))
 8 FCPATH\index.php(67): CodeIgniter\Boot::bootWeb(Object(Config\Paths))
WARNING - 2026-02-18 04:31:45 --> [DEPRECATED] Creation of dynamic property App\Models\CartModel::$builderPaymentMethods is deprecated in APPPATH\Models\CartModel.php on line 17.
 1 APPPATH\Controllers\BaseController.php(147): App\Models\CartModel->__construct()
 2 APPPATH\Controllers\OrderController.php(18): App\Controllers\BaseController->initController(Object(CodeIgniter\HTTP\IncomingRequest), Object(CodeIgniter\HTTP\Response), Object(CodeIgniter\Log\Logger))
 3 SYSTEMPATH\CodeIgniter.php(904): App\Controllers\OrderController->initController(Object(CodeIgniter\HTTP\IncomingRequest), Object(CodeIgniter\HTTP\Response), Object(CodeIgniter\Log\Logger))
 4 SYSTEMPATH\CodeIgniter.php(498): CodeIgniter\CodeIgniter->createController()
 5 SYSTEMPATH\CodeIgniter.php(354): CodeIgniter\CodeIgniter->handleRequest(null, Object(Config\Cache), false)
 6 SYSTEMPATH\Boot.php(363): CodeIgniter\CodeIgniter->run()
 7 SYSTEMPATH\Boot.php(68): CodeIgniter\Boot::runCodeIgniter(Object(CodeIgniter\CodeIgniter))
 8 FCPATH\index.php(67): CodeIgniter\Boot::bootWeb(Object(Config\Paths))
WARNING - 2026-02-18 04:31:45 --> [DEPRECATED] Creation of dynamic property App\Models\CartModel::$builderCheckouts is deprecated in APPPATH\Models\CartModel.php on line 15.
 1 APPPATH\Controllers\BaseController.php(147): App\Models\CartModel->__construct()
 2 APPPATH\Controllers\AjaxController.php(20): App\Controllers\BaseController->initController(Object(CodeIgniter\HTTP\IncomingRequest), Object(CodeIgniter\HTTP\Response), Object(CodeIgniter\Log\Logger))
 3 SYSTEMPATH\CodeIgniter.php(904): App\Controllers\AjaxController->initController(Object(CodeIgniter\HTTP\IncomingRequest), Object(CodeIgniter\HTTP\Response), Object(CodeIgniter\Log\Logger))
 4 SYSTEMPATH\CodeIgniter.php(498): CodeIgniter\CodeIgniter->createController()
 5 SYSTEMPATH\CodeIgniter.php(354): CodeIgniter\CodeIgniter->handleRequest(null, Object(Config\Cache), false)
 6 SYSTEMPATH\Boot.php(363): CodeIgniter\CodeIgniter->run()
 7 SYSTEMPATH\Boot.php(68): CodeIgniter\Boot::runCodeIgniter(Object(CodeIgniter\CodeIgniter))
 8 FCPATH\index.php(67): CodeIgniter\Boot::bootWeb(Object(Config\Paths))
WARNING - 2026-02-18 04:31:45 --> [DEPRECATED] Creation of dynamic property App\Models\CartModel::$builderCheckoutItems is deprecated in APPPATH\Models\CartModel.php on line 16.
 1 APPPATH\Controllers\BaseController.php(147): App\Models\CartModel->__construct()
 2 APPPATH\Controllers\AjaxController.php(20): App\Controllers\BaseController->initController(Object(CodeIgniter\HTTP\IncomingRequest), Object(CodeIgniter\HTTP\Response), Object(CodeIgniter\Log\Logger))
 3 SYSTEMPATH\CodeIgniter.php(904): App\Controllers\AjaxController->initController(Object(CodeIgniter\HTTP\IncomingRequest), Object(CodeIgniter\HTTP\Response), Object(CodeIgniter\Log\Logger))
 4 SYSTEMPATH\CodeIgniter.php(498): CodeIgniter\CodeIgniter->createController()
 5 SYSTEMPATH\CodeIgniter.php(354): CodeIgniter\CodeIgniter->handleRequest(null, Object(Config\Cache), false)
 6 SYSTEMPATH\Boot.php(363): CodeIgniter\CodeIgniter->run()
 7 SYSTEMPATH\Boot.php(68): CodeIgniter\Boot::runCodeIgniter(Object(CodeIgniter\CodeIgniter))
 8 FCPATH\index.php(67): CodeIgniter\Boot::bootWeb(Object(Config\Paths))
WARNING - 2026-02-18 04:31:45 --> [DEPRECATED] Creation of dynamic property App\Models\CartModel::$builderPaymentMethods is deprecated in APPPATH\Models\CartModel.php on line 17.
 1 APPPATH\Controllers\BaseController.php(147): App\Models\CartModel->__construct()
 2 APPPATH\Controllers\AjaxController.php(20): App\Controllers\BaseController->initController(Object(CodeIgniter\HTTP\IncomingRequest), Object(CodeIgniter\HTTP\Response), Object(CodeIgniter\Log\Logger))
 3 SYSTEMPATH\CodeIgniter.php(904): App\Controllers\AjaxController->initController(Object(CodeIgniter\HTTP\IncomingRequest), Object(CodeIgniter\HTTP\Response), Object(CodeIgniter\Log\Logger))
 4 SYSTEMPATH\CodeIgniter.php(498): CodeIgniter\CodeIgniter->createController()
 5 SYSTEMPATH\CodeIgniter.php(354): CodeIgniter\CodeIgniter->handleRequest(null, Object(Config\Cache), false)
 6 SYSTEMPATH\Boot.php(363): CodeIgniter\CodeIgniter->run()
 7 SYSTEMPATH\Boot.php(68): CodeIgniter\Boot::runCodeIgniter(Object(CodeIgniter\CodeIgniter))
 8 FCPATH\index.php(67): CodeIgniter\Boot::bootWeb(Object(Config\Paths))
WARNING - 2026-02-18 04:31:49 --> [DEPRECATED] Creation of dynamic property App\Models\CartModel::$builderCheckouts is deprecated in APPPATH\Models\CartModel.php on line 15.
 1 APPPATH\Controllers\BaseController.php(147): App\Models\CartModel->__construct()
 2 APPPATH\Controllers\OrderController.php(18): App\Controllers\BaseController->initController(Object(CodeIgniter\HTTP\IncomingRequest), Object(CodeIgniter\HTTP\Response), Object(CodeIgniter\Log\Logger))
 3 SYSTEMPATH\CodeIgniter.php(904): App\Controllers\OrderController->initController(Object(CodeIgniter\HTTP\IncomingRequest), Object(CodeIgniter\HTTP\Response), Object(CodeIgniter\Log\Logger))
 4 SYSTEMPATH\CodeIgniter.php(498): CodeIgniter\CodeIgniter->createController()
 5 SYSTEMPATH\CodeIgniter.php(354): CodeIgniter\CodeIgniter->handleRequest(null, Object(Config\Cache), false)
 6 SYSTEMPATH\Boot.php(363): CodeIgniter\CodeIgniter->run()
 7 SYSTEMPATH\Boot.php(68): CodeIgniter\Boot::runCodeIgniter(Object(CodeIgniter\CodeIgniter))
 8 FCPATH\index.php(67): CodeIgniter\Boot::bootWeb(Object(Config\Paths))
WARNING - 2026-02-18 04:31:49 --> [DEPRECATED] Creation of dynamic property App\Models\CartModel::$builderCheckoutItems is deprecated in APPPATH\Models\CartModel.php on line 16.
 1 APPPATH\Controllers\BaseController.php(147): App\Models\CartModel->__construct()
 2 APPPATH\Controllers\OrderController.php(18): App\Controllers\BaseController->initController(Object(CodeIgniter\HTTP\IncomingRequest), Object(CodeIgniter\HTTP\Response), Object(CodeIgniter\Log\Logger))
 3 SYSTEMPATH\CodeIgniter.php(904): App\Controllers\OrderController->initController(Object(CodeIgniter\HTTP\IncomingRequest), Object(CodeIgniter\HTTP\Response), Object(CodeIgniter\Log\Logger))
 4 SYSTEMPATH\CodeIgniter.php(498): CodeIgniter\CodeIgniter->createController()
 5 SYSTEMPATH\CodeIgniter.php(354): CodeIgniter\CodeIgniter->handleRequest(null, Object(Config\Cache), false)
 6 SYSTEMPATH\Boot.php(363): CodeIgniter\CodeIgniter->run()
 7 SYSTEMPATH\Boot.php(68): CodeIgniter\Boot::runCodeIgniter(Object(CodeIgniter\CodeIgniter))
 8 FCPATH\index.php(67): CodeIgniter\Boot::bootWeb(Object(Config\Paths))
WARNING - 2026-02-18 04:31:49 --> [DEPRECATED] Creation of dynamic property App\Models\CartModel::$builderPaymentMethods is deprecated in APPPATH\Models\CartModel.php on line 17.
 1 APPPATH\Controllers\BaseController.php(147): App\Models\CartModel->__construct()
 2 APPPATH\Controllers\OrderController.php(18): App\Controllers\BaseController->initController(Object(CodeIgniter\HTTP\IncomingRequest), Object(CodeIgniter\HTTP\Response), Object(CodeIgniter\Log\Logger))
 3 SYSTEMPATH\CodeIgniter.php(904): App\Controllers\OrderController->initController(Object(CodeIgniter\HTTP\IncomingRequest), Object(CodeIgniter\HTTP\Response), Object(CodeIgniter\Log\Logger))
 4 SYSTEMPATH\CodeIgniter.php(498): CodeIgniter\CodeIgniter->createController()
 5 SYSTEMPATH\CodeIgniter.php(354): CodeIgniter\CodeIgniter->handleRequest(null, Object(Config\Cache), false)
 6 SYSTEMPATH\Boot.php(363): CodeIgniter\CodeIgniter->run()
 7 SYSTEMPATH\Boot.php(68): CodeIgniter\Boot::runCodeIgniter(Object(CodeIgniter\CodeIgniter))
 8 FCPATH\index.php(67): CodeIgniter\Boot::bootWeb(Object(Config\Paths))
CRITICAL - 2026-02-18 04:31:49 --> ErrorException: Undefined variable $data
[Method: GET, Route: order-details/9223372036854775807]
in APPPATH\Controllers\OrderController.php on line 53.
 1 APPPATH\Controllers\OrderController.php(53): CodeIgniter\Debug\Exceptions->errorHandler(2, 'Undefined variable $data', 'C:\\xampp\\htdocs\\marketplace\\app\\Controllers\\OrderController.php', 53)
 2 SYSTEMPATH\CodeIgniter.php(933): App\Controllers\OrderController->order('9223372036854775807')
 3 SYSTEMPATH\CodeIgniter.php(507): CodeIgniter\CodeIgniter->runController(Object(App\Controllers\OrderController))
 4 SYSTEMPATH\CodeIgniter.php(354): CodeIgniter\CodeIgniter->handleRequest(null, Object(Config\Cache), false)
 5 SYSTEMPATH\Boot.php(363): CodeIgniter\CodeIgniter->run()
 6 SYSTEMPATH\Boot.php(68): CodeIgniter\Boot::runCodeIgniter(Object(CodeIgniter\CodeIgniter))
 7 FCPATH\index.php(67): CodeIgniter\Boot::bootWeb(Object(Config\Paths))
WARNING - 2026-02-18 04:32:32 --> [DEPRECATED] Creation of dynamic property App\Models\CartModel::$builderCheckouts is deprecated in APPPATH\Models\CartModel.php on line 15.
 1 APPPATH\Controllers\BaseController.php(147): App\Models\CartModel->__construct()
 2 APPPATH\Controllers\OrderController.php(18): App\Controllers\BaseController->initController(Object(CodeIgniter\HTTP\IncomingRequest), Object(CodeIgniter\HTTP\Response), Object(CodeIgniter\Log\Logger))
 3 SYSTEMPATH\CodeIgniter.php(904): App\Controllers\OrderController->initController(Object(CodeIgniter\HTTP\IncomingRequest), Object(CodeIgniter\HTTP\Response), Object(CodeIgniter\Log\Logger))
 4 SYSTEMPATH\CodeIgniter.php(498): CodeIgniter\CodeIgniter->createController()
 5 SYSTEMPATH\CodeIgniter.php(354): CodeIgniter\CodeIgniter->handleRequest(null, Object(Config\Cache), false)
 6 SYSTEMPATH\Boot.php(363): CodeIgniter\CodeIgniter->run()
 7 SYSTEMPATH\Boot.php(68): CodeIgniter\Boot::runCodeIgniter(Object(CodeIgniter\CodeIgniter))
 8 FCPATH\index.php(67): CodeIgniter\Boot::bootWeb(Object(Config\Paths))
WARNING - 2026-02-18 04:32:32 --> [DEPRECATED] Creation of dynamic property App\Models\CartModel::$builderCheckoutItems is deprecated in APPPATH\Models\CartModel.php on line 16.
 1 APPPATH\Controllers\BaseController.php(147): App\Models\CartModel->__construct()
 2 APPPATH\Controllers\OrderController.php(18): App\Controllers\BaseController->initController(Object(CodeIgniter\HTTP\IncomingRequest), Object(CodeIgniter\HTTP\Response), Object(CodeIgniter\Log\Logger))
 3 SYSTEMPATH\CodeIgniter.php(904): App\Controllers\OrderController->initController(Object(CodeIgniter\HTTP\IncomingRequest), Object(CodeIgniter\HTTP\Response), Object(CodeIgniter\Log\Logger))
 4 SYSTEMPATH\CodeIgniter.php(498): CodeIgniter\CodeIgniter->createController()
 5 SYSTEMPATH\CodeIgniter.php(354): CodeIgniter\CodeIgniter->handleRequest(null, Object(Config\Cache), false)
 6 SYSTEMPATH\Boot.php(363): CodeIgniter\CodeIgniter->run()
 7 SYSTEMPATH\Boot.php(68): CodeIgniter\Boot::runCodeIgniter(Object(CodeIgniter\CodeIgniter))
 8 FCPATH\index.php(67): CodeIgniter\Boot::bootWeb(Object(Config\Paths))
WARNING - 2026-02-18 04:32:32 --> [DEPRECATED] Creation of dynamic property App\Models\CartModel::$builderPaymentMethods is deprecated in APPPATH\Models\CartModel.php on line 17.
 1 APPPATH\Controllers\BaseController.php(147): App\Models\CartModel->__construct()
 2 APPPATH\Controllers\OrderController.php(18): App\Controllers\BaseController->initController(Object(CodeIgniter\HTTP\IncomingRequest), Object(CodeIgniter\HTTP\Response), Object(CodeIgniter\Log\Logger))
 3 SYSTEMPATH\CodeIgniter.php(904): App\Controllers\OrderController->initController(Object(CodeIgniter\HTTP\IncomingRequest), Object(CodeIgniter\HTTP\Response), Object(CodeIgniter\Log\Logger))
 4 SYSTEMPATH\CodeIgniter.php(498): CodeIgniter\CodeIgniter->createController()
 5 SYSTEMPATH\CodeIgniter.php(354): CodeIgniter\CodeIgniter->handleRequest(null, Object(Config\Cache), false)
 6 SYSTEMPATH\Boot.php(363): CodeIgniter\CodeIgniter->run()
 7 SYSTEMPATH\Boot.php(68): CodeIgniter\Boot::runCodeIgniter(Object(CodeIgniter\CodeIgniter))
 8 FCPATH\index.php(67): CodeIgniter\Boot::bootWeb(Object(Config\Paths))
WARNING - 2026-02-18 04:32:32 --> [DEPRECATED] Creation of dynamic property App\Models\CartModel::$builderCheckouts is deprecated in APPPATH\Models\CartModel.php on line 15.
 1 APPPATH\Controllers\BaseController.php(147): App\Models\CartModel->__construct()
 2 APPPATH\Controllers\HomeController.php(35): App\Controllers\BaseController->initController(Object(CodeIgniter\HTTP\IncomingRequest), Object(CodeIgniter\HTTP\Response), Object(CodeIgniter\Log\Logger))
 3 SYSTEMPATH\CodeIgniter.php(904): App\Controllers\HomeController->initController(Object(CodeIgniter\HTTP\IncomingRequest), Object(CodeIgniter\HTTP\Response), Object(CodeIgniter\Log\Logger))
 4 SYSTEMPATH\CodeIgniter.php(498): CodeIgniter\CodeIgniter->createController()
 5 SYSTEMPATH\CodeIgniter.php(354): CodeIgniter\CodeIgniter->handleRequest(null, Object(Config\Cache), false)
 6 SYSTEMPATH\Boot.php(363): CodeIgniter\CodeIgniter->run()
 7 SYSTEMPATH\Boot.php(68): CodeIgniter\Boot::runCodeIgniter(Object(CodeIgniter\CodeIgniter))
 8 FCPATH\index.php(67): CodeIgniter\Boot::bootWeb(Object(Config\Paths))
WARNING - 2026-02-18 04:32:32 --> [DEPRECATED] Creation of dynamic property App\Models\CartModel::$builderCheckoutItems is deprecated in APPPATH\Models\CartModel.php on line 16.
 1 APPPATH\Controllers\BaseController.php(147): App\Models\CartModel->__construct()
 2 APPPATH\Controllers\HomeController.php(35): App\Controllers\BaseController->initController(Object(CodeIgniter\HTTP\IncomingRequest), Object(CodeIgniter\HTTP\Response), Object(CodeIgniter\Log\Logger))
 3 SYSTEMPATH\CodeIgniter.php(904): App\Controllers\HomeController->initController(Object(CodeIgniter\HTTP\IncomingRequest), Object(CodeIgniter\HTTP\Response), Object(CodeIgniter\Log\Logger))
 4 SYSTEMPATH\CodeIgniter.php(498): CodeIgniter\CodeIgniter->createController()
 5 SYSTEMPATH\CodeIgniter.php(354): CodeIgniter\CodeIgniter->handleRequest(null, Object(Config\Cache), false)
 6 SYSTEMPATH\Boot.php(363): CodeIgniter\CodeIgniter->run()
 7 SYSTEMPATH\Boot.php(68): CodeIgniter\Boot::runCodeIgniter(Object(CodeIgniter\CodeIgniter))
 8 FCPATH\index.php(67): CodeIgniter\Boot::bootWeb(Object(Config\Paths))
WARNING - 2026-02-18 04:32:32 --> [DEPRECATED] Creation of dynamic property App\Models\CartModel::$builderPaymentMethods is deprecated in APPPATH\Models\CartModel.php on line 17.
 1 APPPATH\Controllers\BaseController.php(147): App\Models\CartModel->__construct()
 2 APPPATH\Controllers\HomeController.php(35): App\Controllers\BaseController->initController(Object(CodeIgniter\HTTP\IncomingRequest), Object(CodeIgniter\HTTP\Response), Object(CodeIgniter\Log\Logger))
 3 SYSTEMPATH\CodeIgniter.php(904): App\Controllers\HomeController->initController(Object(CodeIgniter\HTTP\IncomingRequest), Object(CodeIgniter\HTTP\Response), Object(CodeIgniter\Log\Logger))
 4 SYSTEMPATH\CodeIgniter.php(498): CodeIgniter\CodeIgniter->createController()
 5 SYSTEMPATH\CodeIgniter.php(354): CodeIgniter\CodeIgniter->handleRequest(null, Object(Config\Cache), false)
 6 SYSTEMPATH\Boot.php(363): CodeIgniter\CodeIgniter->run()
 7 SYSTEMPATH\Boot.php(68): CodeIgniter\Boot::runCodeIgniter(Object(CodeIgniter\CodeIgniter))
 8 FCPATH\index.php(67): CodeIgniter\Boot::bootWeb(Object(Config\Paths))
WARNING - 2026-02-18 04:32:33 --> [DEPRECATED] Creation of dynamic property App\Models\CartModel::$builderCheckouts is deprecated in APPPATH\Models\CartModel.php on line 15.
 1 APPPATH\Controllers\BaseController.php(147): App\Models\CartModel->__construct()
 2 APPPATH\Controllers\AjaxController.php(20): App\Controllers\BaseController->initController(Object(CodeIgniter\HTTP\IncomingRequest), Object(CodeIgniter\HTTP\Response), Object(CodeIgniter\Log\Logger))
 3 SYSTEMPATH\CodeIgniter.php(904): App\Controllers\AjaxController->initController(Object(CodeIgniter\HTTP\IncomingRequest), Object(CodeIgniter\HTTP\Response), Object(CodeIgniter\Log\Logger))
 4 SYSTEMPATH\CodeIgniter.php(498): CodeIgniter\CodeIgniter->createController()
 5 SYSTEMPATH\CodeIgniter.php(354): CodeIgniter\CodeIgniter->handleRequest(null, Object(Config\Cache), false)
 6 SYSTEMPATH\Boot.php(363): CodeIgniter\CodeIgniter->run()
 7 SYSTEMPATH\Boot.php(68): CodeIgniter\Boot::runCodeIgniter(Object(CodeIgniter\CodeIgniter))
 8 FCPATH\index.php(67): CodeIgniter\Boot::bootWeb(Object(Config\Paths))
WARNING - 2026-02-18 04:32:33 --> [DEPRECATED] Creation of dynamic property App\Models\CartModel::$builderCheckoutItems is deprecated in APPPATH\Models\CartModel.php on line 16.
 1 APPPATH\Controllers\BaseController.php(147): App\Models\CartModel->__construct()
 2 APPPATH\Controllers\AjaxController.php(20): App\Controllers\BaseController->initController(Object(CodeIgniter\HTTP\IncomingRequest), Object(CodeIgniter\HTTP\Response), Object(CodeIgniter\Log\Logger))
 3 SYSTEMPATH\CodeIgniter.php(904): App\Controllers\AjaxController->initController(Object(CodeIgniter\HTTP\IncomingRequest), Object(CodeIgniter\HTTP\Response), Object(CodeIgniter\Log\Logger))
 4 SYSTEMPATH\CodeIgniter.php(498): CodeIgniter\CodeIgniter->createController()
 5 SYSTEMPATH\CodeIgniter.php(354): CodeIgniter\CodeIgniter->handleRequest(null, Object(Config\Cache), false)
 6 SYSTEMPATH\Boot.php(363): CodeIgniter\CodeIgniter->run()
 7 SYSTEMPATH\Boot.php(68): CodeIgniter\Boot::runCodeIgniter(Object(CodeIgniter\CodeIgniter))
 8 FCPATH\index.php(67): CodeIgniter\Boot::bootWeb(Object(Config\Paths))
WARNING - 2026-02-18 04:32:33 --> [DEPRECATED] Creation of dynamic property App\Models\CartModel::$builderPaymentMethods is deprecated in APPPATH\Models\CartModel.php on line 17.
 1 APPPATH\Controllers\BaseController.php(147): App\Models\CartModel->__construct()
 2 APPPATH\Controllers\AjaxController.php(20): App\Controllers\BaseController->initController(Object(CodeIgniter\HTTP\IncomingRequest), Object(CodeIgniter\HTTP\Response), Object(CodeIgniter\Log\Logger))
 3 SYSTEMPATH\CodeIgniter.php(904): App\Controllers\AjaxController->initController(Object(CodeIgniter\HTTP\IncomingRequest), Object(CodeIgniter\HTTP\Response), Object(CodeIgniter\Log\Logger))
 4 SYSTEMPATH\CodeIgniter.php(498): CodeIgniter\CodeIgniter->createController()
 5 SYSTEMPATH\CodeIgniter.php(354): CodeIgniter\CodeIgniter->handleRequest(null, Object(Config\Cache), false)
 6 SYSTEMPATH\Boot.php(363): CodeIgniter\CodeIgniter->run()
 7 SYSTEMPATH\Boot.php(68): CodeIgniter\Boot::runCodeIgniter(Object(CodeIgniter\CodeIgniter))
 8 FCPATH\index.php(67): CodeIgniter\Boot::bootWeb(Object(Config\Paths))
WARNING - 2026-02-18 04:32:38 --> [DEPRECATED] Creation of dynamic property App\Models\CartModel::$builderCheckouts is deprecated in APPPATH\Models\CartModel.php on line 15.
 1 APPPATH\Controllers\BaseController.php(147): App\Models\CartModel->__construct()
 2 APPPATH\Controllers\OrderController.php(18): App\Controllers\BaseController->initController(Object(CodeIgniter\HTTP\IncomingRequest), Object(CodeIgniter\HTTP\Response), Object(CodeIgniter\Log\Logger))
 3 SYSTEMPATH\CodeIgniter.php(904): App\Controllers\OrderController->initController(Object(CodeIgniter\HTTP\IncomingRequest), Object(CodeIgniter\HTTP\Response), Object(CodeIgniter\Log\Logger))
 4 SYSTEMPATH\CodeIgniter.php(498): CodeIgniter\CodeIgniter->createController()
 5 SYSTEMPATH\CodeIgniter.php(354): CodeIgniter\CodeIgniter->handleRequest(null, Object(Config\Cache), false)
 6 SYSTEMPATH\Boot.php(363): CodeIgniter\CodeIgniter->run()
 7 SYSTEMPATH\Boot.php(68): CodeIgniter\Boot::runCodeIgniter(Object(CodeIgniter\CodeIgniter))
 8 FCPATH\index.php(67): CodeIgniter\Boot::bootWeb(Object(Config\Paths))
WARNING - 2026-02-18 04:32:38 --> [DEPRECATED] Creation of dynamic property App\Models\CartModel::$builderCheckoutItems is deprecated in APPPATH\Models\CartModel.php on line 16.
 1 APPPATH\Controllers\BaseController.php(147): App\Models\CartModel->__construct()
 2 APPPATH\Controllers\OrderController.php(18): App\Controllers\BaseController->initController(Object(CodeIgniter\HTTP\IncomingRequest), Object(CodeIgniter\HTTP\Response), Object(CodeIgniter\Log\Logger))
 3 SYSTEMPATH\CodeIgniter.php(904): App\Controllers\OrderController->initController(Object(CodeIgniter\HTTP\IncomingRequest), Object(CodeIgniter\HTTP\Response), Object(CodeIgniter\Log\Logger))
 4 SYSTEMPATH\CodeIgniter.php(498): CodeIgniter\CodeIgniter->createController()
 5 SYSTEMPATH\CodeIgniter.php(354): CodeIgniter\CodeIgniter->handleRequest(null, Object(Config\Cache), false)
 6 SYSTEMPATH\Boot.php(363): CodeIgniter\CodeIgniter->run()
 7 SYSTEMPATH\Boot.php(68): CodeIgniter\Boot::runCodeIgniter(Object(CodeIgniter\CodeIgniter))
 8 FCPATH\index.php(67): CodeIgniter\Boot::bootWeb(Object(Config\Paths))
WARNING - 2026-02-18 04:32:38 --> [DEPRECATED] Creation of dynamic property App\Models\CartModel::$builderPaymentMethods is deprecated in APPPATH\Models\CartModel.php on line 17.
 1 APPPATH\Controllers\BaseController.php(147): App\Models\CartModel->__construct()
 2 APPPATH\Controllers\OrderController.php(18): App\Controllers\BaseController->initController(Object(CodeIgniter\HTTP\IncomingRequest), Object(CodeIgniter\HTTP\Response), Object(CodeIgniter\Log\Logger))
 3 SYSTEMPATH\CodeIgniter.php(904): App\Controllers\OrderController->initController(Object(CodeIgniter\HTTP\IncomingRequest), Object(CodeIgniter\HTTP\Response), Object(CodeIgniter\Log\Logger))
 4 SYSTEMPATH\CodeIgniter.php(498): CodeIgniter\CodeIgniter->createController()
 5 SYSTEMPATH\CodeIgniter.php(354): CodeIgniter\CodeIgniter->handleRequest(null, Object(Config\Cache), false)
 6 SYSTEMPATH\Boot.php(363): CodeIgniter\CodeIgniter->run()
 7 SYSTEMPATH\Boot.php(68): CodeIgniter\Boot::runCodeIgniter(Object(CodeIgniter\CodeIgniter))
 8 FCPATH\index.php(67): CodeIgniter\Boot::bootWeb(Object(Config\Paths))
WARNING - 2026-02-18 04:32:38 --> [DEPRECATED] Creation of dynamic property App\Models\CartModel::$builderCheckouts is deprecated in APPPATH\Models\CartModel.php on line 15.
 1 APPPATH\Controllers\BaseController.php(147): App\Models\CartModel->__construct()
 2 APPPATH\Controllers\AjaxController.php(20): App\Controllers\BaseController->initController(Object(CodeIgniter\HTTP\IncomingRequest), Object(CodeIgniter\HTTP\Response), Object(CodeIgniter\Log\Logger))
 3 SYSTEMPATH\CodeIgniter.php(904): App\Controllers\AjaxController->initController(Object(CodeIgniter\HTTP\IncomingRequest), Object(CodeIgniter\HTTP\Response), Object(CodeIgniter\Log\Logger))
 4 SYSTEMPATH\CodeIgniter.php(498): CodeIgniter\CodeIgniter->createController()
 5 SYSTEMPATH\CodeIgniter.php(354): CodeIgniter\CodeIgniter->handleRequest(null, Object(Config\Cache), false)
 6 SYSTEMPATH\Boot.php(363): CodeIgniter\CodeIgniter->run()
 7 SYSTEMPATH\Boot.php(68): CodeIgniter\Boot::runCodeIgniter(Object(CodeIgniter\CodeIgniter))
 8 FCPATH\index.php(67): CodeIgniter\Boot::bootWeb(Object(Config\Paths))
WARNING - 2026-02-18 04:32:38 --> [DEPRECATED] Creation of dynamic property App\Models\CartModel::$builderCheckoutItems is deprecated in APPPATH\Models\CartModel.php on line 16.
 1 APPPATH\Controllers\BaseController.php(147): App\Models\CartModel->__construct()
 2 APPPATH\Controllers\AjaxController.php(20): App\Controllers\BaseController->initController(Object(CodeIgniter\HTTP\IncomingRequest), Object(CodeIgniter\HTTP\Response), Object(CodeIgniter\Log\Logger))
 3 SYSTEMPATH\CodeIgniter.php(904): App\Controllers\AjaxController->initController(Object(CodeIgniter\HTTP\IncomingRequest), Object(CodeIgniter\HTTP\Response), Object(CodeIgniter\Log\Logger))
 4 SYSTEMPATH\CodeIgniter.php(498): CodeIgniter\CodeIgniter->createController()
 5 SYSTEMPATH\CodeIgniter.php(354): CodeIgniter\CodeIgniter->handleRequest(null, Object(Config\Cache), false)
 6 SYSTEMPATH\Boot.php(363): CodeIgniter\CodeIgniter->run()
 7 SYSTEMPATH\Boot.php(68): CodeIgniter\Boot::runCodeIgniter(Object(CodeIgniter\CodeIgniter))
 8 FCPATH\index.php(67): CodeIgniter\Boot::bootWeb(Object(Config\Paths))
WARNING - 2026-02-18 04:32:38 --> [DEPRECATED] Creation of dynamic property App\Models\CartModel::$builderPaymentMethods is deprecated in APPPATH\Models\CartModel.php on line 17.
 1 APPPATH\Controllers\BaseController.php(147): App\Models\CartModel->__construct()
 2 APPPATH\Controllers\AjaxController.php(20): App\Controllers\BaseController->initController(Object(CodeIgniter\HTTP\IncomingRequest), Object(CodeIgniter\HTTP\Response), Object(CodeIgniter\Log\Logger))
 3 SYSTEMPATH\CodeIgniter.php(904): App\Controllers\AjaxController->initController(Object(CodeIgniter\HTTP\IncomingRequest), Object(CodeIgniter\HTTP\Response), Object(CodeIgniter\Log\Logger))
 4 SYSTEMPATH\CodeIgniter.php(498): CodeIgniter\CodeIgniter->createController()
 5 SYSTEMPATH\CodeIgniter.php(354): CodeIgniter\CodeIgniter->handleRequest(null, Object(Config\Cache), false)
 6 SYSTEMPATH\Boot.php(363): CodeIgniter\CodeIgniter->run()
 7 SYSTEMPATH\Boot.php(68): CodeIgniter\Boot::runCodeIgniter(Object(CodeIgniter\CodeIgniter))
 8 FCPATH\index.php(67): CodeIgniter\Boot::bootWeb(Object(Config\Paths))
WARNING - 2026-02-18 04:32:41 --> [DEPRECATED] Creation of dynamic property App\Models\CartModel::$builderCheckouts is deprecated in APPPATH\Models\CartModel.php on line 15.
 1 APPPATH\Controllers\BaseController.php(147): App\Models\CartModel->__construct()
 2 APPPATH\Controllers\OrderController.php(18): App\Controllers\BaseController->initController(Object(CodeIgniter\HTTP\IncomingRequest), Object(CodeIgniter\HTTP\Response), Object(CodeIgniter\Log\Logger))
 3 SYSTEMPATH\CodeIgniter.php(904): App\Controllers\OrderController->initController(Object(CodeIgniter\HTTP\IncomingRequest), Object(CodeIgniter\HTTP\Response), Object(CodeIgniter\Log\Logger))
 4 SYSTEMPATH\CodeIgniter.php(498): CodeIgniter\CodeIgniter->createController()
 5 SYSTEMPATH\CodeIgniter.php(354): CodeIgniter\CodeIgniter->handleRequest(null, Object(Config\Cache), false)
 6 SYSTEMPATH\Boot.php(363): CodeIgniter\CodeIgniter->run()
 7 SYSTEMPATH\Boot.php(68): CodeIgniter\Boot::runCodeIgniter(Object(CodeIgniter\CodeIgniter))
 8 FCPATH\index.php(67): CodeIgniter\Boot::bootWeb(Object(Config\Paths))
WARNING - 2026-02-18 04:32:41 --> [DEPRECATED] Creation of dynamic property App\Models\CartModel::$builderCheckoutItems is deprecated in APPPATH\Models\CartModel.php on line 16.
 1 APPPATH\Controllers\BaseController.php(147): App\Models\CartModel->__construct()
 2 APPPATH\Controllers\OrderController.php(18): App\Controllers\BaseController->initController(Object(CodeIgniter\HTTP\IncomingRequest), Object(CodeIgniter\HTTP\Response), Object(CodeIgniter\Log\Logger))
 3 SYSTEMPATH\CodeIgniter.php(904): App\Controllers\OrderController->initController(Object(CodeIgniter\HTTP\IncomingRequest), Object(CodeIgniter\HTTP\Response), Object(CodeIgniter\Log\Logger))
 4 SYSTEMPATH\CodeIgniter.php(498): CodeIgniter\CodeIgniter->createController()
 5 SYSTEMPATH\CodeIgniter.php(354): CodeIgniter\CodeIgniter->handleRequest(null, Object(Config\Cache), false)
 6 SYSTEMPATH\Boot.php(363): CodeIgniter\CodeIgniter->run()
 7 SYSTEMPATH\Boot.php(68): CodeIgniter\Boot::runCodeIgniter(Object(CodeIgniter\CodeIgniter))
 8 FCPATH\index.php(67): CodeIgniter\Boot::bootWeb(Object(Config\Paths))
WARNING - 2026-02-18 04:32:41 --> [DEPRECATED] Creation of dynamic property App\Models\CartModel::$builderPaymentMethods is deprecated in APPPATH\Models\CartModel.php on line 17.
 1 APPPATH\Controllers\BaseController.php(147): App\Models\CartModel->__construct()
 2 APPPATH\Controllers\OrderController.php(18): App\Controllers\BaseController->initController(Object(CodeIgniter\HTTP\IncomingRequest), Object(CodeIgniter\HTTP\Response), Object(CodeIgniter\Log\Logger))
 3 SYSTEMPATH\CodeIgniter.php(904): App\Controllers\OrderController->initController(Object(CodeIgniter\HTTP\IncomingRequest), Object(CodeIgniter\HTTP\Response), Object(CodeIgniter\Log\Logger))
 4 SYSTEMPATH\CodeIgniter.php(498): CodeIgniter\CodeIgniter->createController()
 5 SYSTEMPATH\CodeIgniter.php(354): CodeIgniter\CodeIgniter->handleRequest(null, Object(Config\Cache), false)
 6 SYSTEMPATH\Boot.php(363): CodeIgniter\CodeIgniter->run()
 7 SYSTEMPATH\Boot.php(68): CodeIgniter\Boot::runCodeIgniter(Object(CodeIgniter\CodeIgniter))
 8 FCPATH\index.php(67): CodeIgniter\Boot::bootWeb(Object(Config\Paths))
WARNING - 2026-02-18 04:32:41 --> [DEPRECATED] Creation of dynamic property App\Models\CartModel::$builderCheckouts is deprecated in APPPATH\Models\CartModel.php on line 15.
 1 APPPATH\Controllers\BaseController.php(147): App\Models\CartModel->__construct()
 2 APPPATH\Controllers\HomeController.php(35): App\Controllers\BaseController->initController(Object(CodeIgniter\HTTP\IncomingRequest), Object(CodeIgniter\HTTP\Response), Object(CodeIgniter\Log\Logger))
 3 SYSTEMPATH\CodeIgniter.php(904): App\Controllers\HomeController->initController(Object(CodeIgniter\HTTP\IncomingRequest), Object(CodeIgniter\HTTP\Response), Object(CodeIgniter\Log\Logger))
 4 SYSTEMPATH\CodeIgniter.php(498): CodeIgniter\CodeIgniter->createController()
 5 SYSTEMPATH\CodeIgniter.php(354): CodeIgniter\CodeIgniter->handleRequest(null, Object(Config\Cache), false)
 6 SYSTEMPATH\Boot.php(363): CodeIgniter\CodeIgniter->run()
 7 SYSTEMPATH\Boot.php(68): CodeIgniter\Boot::runCodeIgniter(Object(CodeIgniter\CodeIgniter))
 8 FCPATH\index.php(67): CodeIgniter\Boot::bootWeb(Object(Config\Paths))
WARNING - 2026-02-18 04:32:41 --> [DEPRECATED] Creation of dynamic property App\Models\CartModel::$builderCheckoutItems is deprecated in APPPATH\Models\CartModel.php on line 16.
 1 APPPATH\Controllers\BaseController.php(147): App\Models\CartModel->__construct()
 2 APPPATH\Controllers\HomeController.php(35): App\Controllers\BaseController->initController(Object(CodeIgniter\HTTP\IncomingRequest), Object(CodeIgniter\HTTP\Response), Object(CodeIgniter\Log\Logger))
 3 SYSTEMPATH\CodeIgniter.php(904): App\Controllers\HomeController->initController(Object(CodeIgniter\HTTP\IncomingRequest), Object(CodeIgniter\HTTP\Response), Object(CodeIgniter\Log\Logger))
 4 SYSTEMPATH\CodeIgniter.php(498): CodeIgniter\CodeIgniter->createController()
 5 SYSTEMPATH\CodeIgniter.php(354): CodeIgniter\CodeIgniter->handleRequest(null, Object(Config\Cache), false)
 6 SYSTEMPATH\Boot.php(363): CodeIgniter\CodeIgniter->run()
 7 SYSTEMPATH\Boot.php(68): CodeIgniter\Boot::runCodeIgniter(Object(CodeIgniter\CodeIgniter))
 8 FCPATH\index.php(67): CodeIgniter\Boot::bootWeb(Object(Config\Paths))
WARNING - 2026-02-18 04:32:41 --> [DEPRECATED] Creation of dynamic property App\Models\CartModel::$builderPaymentMethods is deprecated in APPPATH\Models\CartModel.php on line 17.
 1 APPPATH\Controllers\BaseController.php(147): App\Models\CartModel->__construct()
 2 APPPATH\Controllers\HomeController.php(35): App\Controllers\BaseController->initController(Object(CodeIgniter\HTTP\IncomingRequest), Object(CodeIgniter\HTTP\Response), Object(CodeIgniter\Log\Logger))
 3 SYSTEMPATH\CodeIgniter.php(904): App\Controllers\HomeController->initController(Object(CodeIgniter\HTTP\IncomingRequest), Object(CodeIgniter\HTTP\Response), Object(CodeIgniter\Log\Logger))
 4 SYSTEMPATH\CodeIgniter.php(498): CodeIgniter\CodeIgniter->createController()
 5 SYSTEMPATH\CodeIgniter.php(354): CodeIgniter\CodeIgniter->handleRequest(null, Object(Config\Cache), false)
 6 SYSTEMPATH\Boot.php(363): CodeIgniter\CodeIgniter->run()
 7 SYSTEMPATH\Boot.php(68): CodeIgniter\Boot::runCodeIgniter(Object(CodeIgniter\CodeIgniter))
 8 FCPATH\index.php(67): CodeIgniter\Boot::bootWeb(Object(Config\Paths))
WARNING - 2026-02-18 04:32:41 --> [DEPRECATED] Creation of dynamic property App\Models\CartModel::$builderCheckouts is deprecated in APPPATH\Models\CartModel.php on line 15.
 1 APPPATH\Controllers\BaseController.php(147): App\Models\CartModel->__construct()
 2 APPPATH\Controllers\AjaxController.php(20): App\Controllers\BaseController->initController(Object(CodeIgniter\HTTP\IncomingRequest), Object(CodeIgniter\HTTP\Response), Object(CodeIgniter\Log\Logger))
 3 SYSTEMPATH\CodeIgniter.php(904): App\Controllers\AjaxController->initController(Object(CodeIgniter\HTTP\IncomingRequest), Object(CodeIgniter\HTTP\Response), Object(CodeIgniter\Log\Logger))
 4 SYSTEMPATH\CodeIgniter.php(498): CodeIgniter\CodeIgniter->createController()
 5 SYSTEMPATH\CodeIgniter.php(354): CodeIgniter\CodeIgniter->handleRequest(null, Object(Config\Cache), false)
 6 SYSTEMPATH\Boot.php(363): CodeIgniter\CodeIgniter->run()
 7 SYSTEMPATH\Boot.php(68): CodeIgniter\Boot::runCodeIgniter(Object(CodeIgniter\CodeIgniter))
 8 FCPATH\index.php(67): CodeIgniter\Boot::bootWeb(Object(Config\Paths))
WARNING - 2026-02-18 04:32:41 --> [DEPRECATED] Creation of dynamic property App\Models\CartModel::$builderCheckoutItems is deprecated in APPPATH\Models\CartModel.php on line 16.
 1 APPPATH\Controllers\BaseController.php(147): App\Models\CartModel->__construct()
 2 APPPATH\Controllers\AjaxController.php(20): App\Controllers\BaseController->initController(Object(CodeIgniter\HTTP\IncomingRequest), Object(CodeIgniter\HTTP\Response), Object(CodeIgniter\Log\Logger))
 3 SYSTEMPATH\CodeIgniter.php(904): App\Controllers\AjaxController->initController(Object(CodeIgniter\HTTP\IncomingRequest), Object(CodeIgniter\HTTP\Response), Object(CodeIgniter\Log\Logger))
 4 SYSTEMPATH\CodeIgniter.php(498): CodeIgniter\CodeIgniter->createController()
 5 SYSTEMPATH\CodeIgniter.php(354): CodeIgniter\CodeIgniter->handleRequest(null, Object(Config\Cache), false)
 6 SYSTEMPATH\Boot.php(363): CodeIgniter\CodeIgniter->run()
 7 SYSTEMPATH\Boot.php(68): CodeIgniter\Boot::runCodeIgniter(Object(CodeIgniter\CodeIgniter))
 8 FCPATH\index.php(67): CodeIgniter\Boot::bootWeb(Object(Config\Paths))
WARNING - 2026-02-18 04:32:41 --> [DEPRECATED] Creation of dynamic property App\Models\CartModel::$builderPaymentMethods is deprecated in APPPATH\Models\CartModel.php on line 17.
 1 APPPATH\Controllers\BaseController.php(147): App\Models\CartModel->__construct()
 2 APPPATH\Controllers\AjaxController.php(20): App\Controllers\BaseController->initController(Object(CodeIgniter\HTTP\IncomingRequest), Object(CodeIgniter\HTTP\Response), Object(CodeIgniter\Log\Logger))
 3 SYSTEMPATH\CodeIgniter.php(904): App\Controllers\AjaxController->initController(Object(CodeIgniter\HTTP\IncomingRequest), Object(CodeIgniter\HTTP\Response), Object(CodeIgniter\Log\Logger))
 4 SYSTEMPATH\CodeIgniter.php(498): CodeIgniter\CodeIgniter->createController()
 5 SYSTEMPATH\CodeIgniter.php(354): CodeIgniter\CodeIgniter->handleRequest(null, Object(Config\Cache), false)
 6 SYSTEMPATH\Boot.php(363): CodeIgniter\CodeIgniter->run()
 7 SYSTEMPATH\Boot.php(68): CodeIgniter\Boot::runCodeIgniter(Object(CodeIgniter\CodeIgniter))
 8 FCPATH\index.php(67): CodeIgniter\Boot::bootWeb(Object(Config\Paths))
WARNING - 2026-02-18 04:32:43 --> [DEPRECATED] Creation of dynamic property App\Models\CartModel::$builderCheckouts is deprecated in APPPATH\Models\CartModel.php on line 15.
 1 APPPATH\Controllers\BaseController.php(147): App\Models\CartModel->__construct()
 2 APPPATH\Controllers\OrderController.php(18): App\Controllers\BaseController->initController(Object(CodeIgniter\HTTP\IncomingRequest), Object(CodeIgniter\HTTP\Response), Object(CodeIgniter\Log\Logger))
 3 SYSTEMPATH\CodeIgniter.php(904): App\Controllers\OrderController->initController(Object(CodeIgniter\HTTP\IncomingRequest), Object(CodeIgniter\HTTP\Response), Object(CodeIgniter\Log\Logger))
 4 SYSTEMPATH\CodeIgniter.php(498): CodeIgniter\CodeIgniter->createController()
 5 SYSTEMPATH\CodeIgniter.php(354): CodeIgniter\CodeIgniter->handleRequest(null, Object(Config\Cache), false)
 6 SYSTEMPATH\Boot.php(363): CodeIgniter\CodeIgniter->run()
 7 SYSTEMPATH\Boot.php(68): CodeIgniter\Boot::runCodeIgniter(Object(CodeIgniter\CodeIgniter))
 8 FCPATH\index.php(67): CodeIgniter\Boot::bootWeb(Object(Config\Paths))
WARNING - 2026-02-18 04:32:43 --> [DEPRECATED] Creation of dynamic property App\Models\CartModel::$builderCheckoutItems is deprecated in APPPATH\Models\CartModel.php on line 16.
 1 APPPATH\Controllers\BaseController.php(147): App\Models\CartModel->__construct()
 2 APPPATH\Controllers\OrderController.php(18): App\Controllers\BaseController->initController(Object(CodeIgniter\HTTP\IncomingRequest), Object(CodeIgniter\HTTP\Response), Object(CodeIgniter\Log\Logger))
 3 SYSTEMPATH\CodeIgniter.php(904): App\Controllers\OrderController->initController(Object(CodeIgniter\HTTP\IncomingRequest), Object(CodeIgniter\HTTP\Response), Object(CodeIgniter\Log\Logger))
 4 SYSTEMPATH\CodeIgniter.php(498): CodeIgniter\CodeIgniter->createController()
 5 SYSTEMPATH\CodeIgniter.php(354): CodeIgniter\CodeIgniter->handleRequest(null, Object(Config\Cache), false)
 6 SYSTEMPATH\Boot.php(363): CodeIgniter\CodeIgniter->run()
 7 SYSTEMPATH\Boot.php(68): CodeIgniter\Boot::runCodeIgniter(Object(CodeIgniter\CodeIgniter))
 8 FCPATH\index.php(67): CodeIgniter\Boot::bootWeb(Object(Config\Paths))
WARNING - 2026-02-18 04:32:43 --> [DEPRECATED] Creation of dynamic property App\Models\CartModel::$builderPaymentMethods is deprecated in APPPATH\Models\CartModel.php on line 17.
 1 APPPATH\Controllers\BaseController.php(147): App\Models\CartModel->__construct()
 2 APPPATH\Controllers\OrderController.php(18): App\Controllers\BaseController->initController(Object(CodeIgniter\HTTP\IncomingRequest), Object(CodeIgniter\HTTP\Response), Object(CodeIgniter\Log\Logger))
 3 SYSTEMPATH\CodeIgniter.php(904): App\Controllers\OrderController->initController(Object(CodeIgniter\HTTP\IncomingRequest), Object(CodeIgniter\HTTP\Response), Object(CodeIgniter\Log\Logger))
 4 SYSTEMPATH\CodeIgniter.php(498): CodeIgniter\CodeIgniter->createController()
 5 SYSTEMPATH\CodeIgniter.php(354): CodeIgniter\CodeIgniter->handleRequest(null, Object(Config\Cache), false)
 6 SYSTEMPATH\Boot.php(363): CodeIgniter\CodeIgniter->run()
 7 SYSTEMPATH\Boot.php(68): CodeIgniter\Boot::runCodeIgniter(Object(CodeIgniter\CodeIgniter))
 8 FCPATH\index.php(67): CodeIgniter\Boot::bootWeb(Object(Config\Paths))
WARNING - 2026-02-18 04:32:44 --> [DEPRECATED] Creation of dynamic property App\Models\CartModel::$builderCheckouts is deprecated in APPPATH\Models\CartModel.php on line 15.
 1 APPPATH\Controllers\BaseController.php(147): App\Models\CartModel->__construct()
 2 APPPATH\Controllers\AjaxController.php(20): App\Controllers\BaseController->initController(Object(CodeIgniter\HTTP\IncomingRequest), Object(CodeIgniter\HTTP\Response), Object(CodeIgniter\Log\Logger))
 3 SYSTEMPATH\CodeIgniter.php(904): App\Controllers\AjaxController->initController(Object(CodeIgniter\HTTP\IncomingRequest), Object(CodeIgniter\HTTP\Response), Object(CodeIgniter\Log\Logger))
 4 SYSTEMPATH\CodeIgniter.php(498): CodeIgniter\CodeIgniter->createController()
 5 SYSTEMPATH\CodeIgniter.php(354): CodeIgniter\CodeIgniter->handleRequest(null, Object(Config\Cache), false)
 6 SYSTEMPATH\Boot.php(363): CodeIgniter\CodeIgniter->run()
 7 SYSTEMPATH\Boot.php(68): CodeIgniter\Boot::runCodeIgniter(Object(CodeIgniter\CodeIgniter))
 8 FCPATH\index.php(67): CodeIgniter\Boot::bootWeb(Object(Config\Paths))
WARNING - 2026-02-18 04:32:44 --> [DEPRECATED] Creation of dynamic property App\Models\CartModel::$builderCheckoutItems is deprecated in APPPATH\Models\CartModel.php on line 16.
 1 APPPATH\Controllers\BaseController.php(147): App\Models\CartModel->__construct()
 2 APPPATH\Controllers\AjaxController.php(20): App\Controllers\BaseController->initController(Object(CodeIgniter\HTTP\IncomingRequest), Object(CodeIgniter\HTTP\Response), Object(CodeIgniter\Log\Logger))
 3 SYSTEMPATH\CodeIgniter.php(904): App\Controllers\AjaxController->initController(Object(CodeIgniter\HTTP\IncomingRequest), Object(CodeIgniter\HTTP\Response), Object(CodeIgniter\Log\Logger))
 4 SYSTEMPATH\CodeIgniter.php(498): CodeIgniter\CodeIgniter->createController()
 5 SYSTEMPATH\CodeIgniter.php(354): CodeIgniter\CodeIgniter->handleRequest(null, Object(Config\Cache), false)
 6 SYSTEMPATH\Boot.php(363): CodeIgniter\CodeIgniter->run()
 7 SYSTEMPATH\Boot.php(68): CodeIgniter\Boot::runCodeIgniter(Object(CodeIgniter\CodeIgniter))
 8 FCPATH\index.php(67): CodeIgniter\Boot::bootWeb(Object(Config\Paths))
WARNING - 2026-02-18 04:32:44 --> [DEPRECATED] Creation of dynamic property App\Models\CartModel::$builderPaymentMethods is deprecated in APPPATH\Models\CartModel.php on line 17.
 1 APPPATH\Controllers\BaseController.php(147): App\Models\CartModel->__construct()
 2 APPPATH\Controllers\AjaxController.php(20): App\Controllers\BaseController->initController(Object(CodeIgniter\HTTP\IncomingRequest), Object(CodeIgniter\HTTP\Response), Object(CodeIgniter\Log\Logger))
 3 SYSTEMPATH\CodeIgniter.php(904): App\Controllers\AjaxController->initController(Object(CodeIgniter\HTTP\IncomingRequest), Object(CodeIgniter\HTTP\Response), Object(CodeIgniter\Log\Logger))
 4 SYSTEMPATH\CodeIgniter.php(498): CodeIgniter\CodeIgniter->createController()
 5 SYSTEMPATH\CodeIgniter.php(354): CodeIgniter\CodeIgniter->handleRequest(null, Object(Config\Cache), false)
 6 SYSTEMPATH\Boot.php(363): CodeIgniter\CodeIgniter->run()
 7 SYSTEMPATH\Boot.php(68): CodeIgniter\Boot::runCodeIgniter(Object(CodeIgniter\CodeIgniter))
 8 FCPATH\index.php(67): CodeIgniter\Boot::bootWeb(Object(Config\Paths))
WARNING - 2026-02-18 04:32:51 --> [DEPRECATED] Creation of dynamic property App\Models\CartModel::$builderCheckouts is deprecated in APPPATH\Models\CartModel.php on line 15.
 1 APPPATH\Controllers\BaseController.php(147): App\Models\CartModel->__construct()
 2 APPPATH\Controllers\OrderController.php(18): App\Controllers\BaseController->initController(Object(CodeIgniter\HTTP\IncomingRequest), Object(CodeIgniter\HTTP\Response), Object(CodeIgniter\Log\Logger))
 3 SYSTEMPATH\CodeIgniter.php(904): App\Controllers\OrderController->initController(Object(CodeIgniter\HTTP\IncomingRequest), Object(CodeIgniter\HTTP\Response), Object(CodeIgniter\Log\Logger))
 4 SYSTEMPATH\CodeIgniter.php(498): CodeIgniter\CodeIgniter->createController()
 5 SYSTEMPATH\CodeIgniter.php(354): CodeIgniter\CodeIgniter->handleRequest(null, Object(Config\Cache), false)
 6 SYSTEMPATH\Boot.php(363): CodeIgniter\CodeIgniter->run()
 7 SYSTEMPATH\Boot.php(68): CodeIgniter\Boot::runCodeIgniter(Object(CodeIgniter\CodeIgniter))
 8 FCPATH\index.php(67): CodeIgniter\Boot::bootWeb(Object(Config\Paths))
WARNING - 2026-02-18 04:32:51 --> [DEPRECATED] Creation of dynamic property App\Models\CartModel::$builderCheckoutItems is deprecated in APPPATH\Models\CartModel.php on line 16.
 1 APPPATH\Controllers\BaseController.php(147): App\Models\CartModel->__construct()
 2 APPPATH\Controllers\OrderController.php(18): App\Controllers\BaseController->initController(Object(CodeIgniter\HTTP\IncomingRequest), Object(CodeIgniter\HTTP\Response), Object(CodeIgniter\Log\Logger))
 3 SYSTEMPATH\CodeIgniter.php(904): App\Controllers\OrderController->initController(Object(CodeIgniter\HTTP\IncomingRequest), Object(CodeIgniter\HTTP\Response), Object(CodeIgniter\Log\Logger))
 4 SYSTEMPATH\CodeIgniter.php(498): CodeIgniter\CodeIgniter->createController()
 5 SYSTEMPATH\CodeIgniter.php(354): CodeIgniter\CodeIgniter->handleRequest(null, Object(Config\Cache), false)
 6 SYSTEMPATH\Boot.php(363): CodeIgniter\CodeIgniter->run()
 7 SYSTEMPATH\Boot.php(68): CodeIgniter\Boot::runCodeIgniter(Object(CodeIgniter\CodeIgniter))
 8 FCPATH\index.php(67): CodeIgniter\Boot::bootWeb(Object(Config\Paths))
WARNING - 2026-02-18 04:32:51 --> [DEPRECATED] Creation of dynamic property App\Models\CartModel::$builderPaymentMethods is deprecated in APPPATH\Models\CartModel.php on line 17.
 1 APPPATH\Controllers\BaseController.php(147): App\Models\CartModel->__construct()
 2 APPPATH\Controllers\OrderController.php(18): App\Controllers\BaseController->initController(Object(CodeIgniter\HTTP\IncomingRequest), Object(CodeIgniter\HTTP\Response), Object(CodeIgniter\Log\Logger))
 3 SYSTEMPATH\CodeIgniter.php(904): App\Controllers\OrderController->initController(Object(CodeIgniter\HTTP\IncomingRequest), Object(CodeIgniter\HTTP\Response), Object(CodeIgniter\Log\Logger))
 4 SYSTEMPATH\CodeIgniter.php(498): CodeIgniter\CodeIgniter->createController()
 5 SYSTEMPATH\CodeIgniter.php(354): CodeIgniter\CodeIgniter->handleRequest(null, Object(Config\Cache), false)
 6 SYSTEMPATH\Boot.php(363): CodeIgniter\CodeIgniter->run()
 7 SYSTEMPATH\Boot.php(68): CodeIgniter\Boot::runCodeIgniter(Object(CodeIgniter\CodeIgniter))
 8 FCPATH\index.php(67): CodeIgniter\Boot::bootWeb(Object(Config\Paths))
WARNING - 2026-02-18 04:32:51 --> [DEPRECATED] Creation of dynamic property App\Models\CartModel::$builderCheckouts is deprecated in APPPATH\Models\CartModel.php on line 15.
 1 APPPATH\Controllers\BaseController.php(147): App\Models\CartModel->__construct()
 2 APPPATH\Controllers\HomeController.php(35): App\Controllers\BaseController->initController(Object(CodeIgniter\HTTP\IncomingRequest), Object(CodeIgniter\HTTP\Response), Object(CodeIgniter\Log\Logger))
 3 SYSTEMPATH\CodeIgniter.php(904): App\Controllers\HomeController->initController(Object(CodeIgniter\HTTP\IncomingRequest), Object(CodeIgniter\HTTP\Response), Object(CodeIgniter\Log\Logger))
 4 SYSTEMPATH\CodeIgniter.php(498): CodeIgniter\CodeIgniter->createController()
 5 SYSTEMPATH\CodeIgniter.php(354): CodeIgniter\CodeIgniter->handleRequest(null, Object(Config\Cache), false)
 6 SYSTEMPATH\Boot.php(363): CodeIgniter\CodeIgniter->run()
 7 SYSTEMPATH\Boot.php(68): CodeIgniter\Boot::runCodeIgniter(Object(CodeIgniter\CodeIgniter))
 8 FCPATH\index.php(67): CodeIgniter\Boot::bootWeb(Object(Config\Paths))
WARNING - 2026-02-18 04:32:51 --> [DEPRECATED] Creation of dynamic property App\Models\CartModel::$builderCheckoutItems is deprecated in APPPATH\Models\CartModel.php on line 16.
 1 APPPATH\Controllers\BaseController.php(147): App\Models\CartModel->__construct()
 2 APPPATH\Controllers\HomeController.php(35): App\Controllers\BaseController->initController(Object(CodeIgniter\HTTP\IncomingRequest), Object(CodeIgniter\HTTP\Response), Object(CodeIgniter\Log\Logger))
 3 SYSTEMPATH\CodeIgniter.php(904): App\Controllers\HomeController->initController(Object(CodeIgniter\HTTP\IncomingRequest), Object(CodeIgniter\HTTP\Response), Object(CodeIgniter\Log\Logger))
 4 SYSTEMPATH\CodeIgniter.php(498): CodeIgniter\CodeIgniter->createController()
 5 SYSTEMPATH\CodeIgniter.php(354): CodeIgniter\CodeIgniter->handleRequest(null, Object(Config\Cache), false)
 6 SYSTEMPATH\Boot.php(363): CodeIgniter\CodeIgniter->run()
 7 SYSTEMPATH\Boot.php(68): CodeIgniter\Boot::runCodeIgniter(Object(CodeIgniter\CodeIgniter))
 8 FCPATH\index.php(67): CodeIgniter\Boot::bootWeb(Object(Config\Paths))
WARNING - 2026-02-18 04:32:51 --> [DEPRECATED] Creation of dynamic property App\Models\CartModel::$builderPaymentMethods is deprecated in APPPATH\Models\CartModel.php on line 17.
 1 APPPATH\Controllers\BaseController.php(147): App\Models\CartModel->__construct()
 2 APPPATH\Controllers\HomeController.php(35): App\Controllers\BaseController->initController(Object(CodeIgniter\HTTP\IncomingRequest), Object(CodeIgniter\HTTP\Response), Object(CodeIgniter\Log\Logger))
 3 SYSTEMPATH\CodeIgniter.php(904): App\Controllers\HomeController->initController(Object(CodeIgniter\HTTP\IncomingRequest), Object(CodeIgniter\HTTP\Response), Object(CodeIgniter\Log\Logger))
 4 SYSTEMPATH\CodeIgniter.php(498): CodeIgniter\CodeIgniter->createController()
 5 SYSTEMPATH\CodeIgniter.php(354): CodeIgniter\CodeIgniter->handleRequest(null, Object(Config\Cache), false)
 6 SYSTEMPATH\Boot.php(363): CodeIgniter\CodeIgniter->run()
 7 SYSTEMPATH\Boot.php(68): CodeIgniter\Boot::runCodeIgniter(Object(CodeIgniter\CodeIgniter))
 8 FCPATH\index.php(67): CodeIgniter\Boot::bootWeb(Object(Config\Paths))
WARNING - 2026-02-18 04:32:52 --> [DEPRECATED] Creation of dynamic property App\Models\CartModel::$builderCheckouts is deprecated in APPPATH\Models\CartModel.php on line 15.
 1 APPPATH\Controllers\BaseController.php(147): App\Models\CartModel->__construct()
 2 APPPATH\Controllers\AjaxController.php(20): App\Controllers\BaseController->initController(Object(CodeIgniter\HTTP\IncomingRequest), Object(CodeIgniter\HTTP\Response), Object(CodeIgniter\Log\Logger))
 3 SYSTEMPATH\CodeIgniter.php(904): App\Controllers\AjaxController->initController(Object(CodeIgniter\HTTP\IncomingRequest), Object(CodeIgniter\HTTP\Response), Object(CodeIgniter\Log\Logger))
 4 SYSTEMPATH\CodeIgniter.php(498): CodeIgniter\CodeIgniter->createController()
 5 SYSTEMPATH\CodeIgniter.php(354): CodeIgniter\CodeIgniter->handleRequest(null, Object(Config\Cache), false)
 6 SYSTEMPATH\Boot.php(363): CodeIgniter\CodeIgniter->run()
 7 SYSTEMPATH\Boot.php(68): CodeIgniter\Boot::runCodeIgniter(Object(CodeIgniter\CodeIgniter))
 8 FCPATH\index.php(67): CodeIgniter\Boot::bootWeb(Object(Config\Paths))
WARNING - 2026-02-18 04:32:52 --> [DEPRECATED] Creation of dynamic property App\Models\CartModel::$builderCheckoutItems is deprecated in APPPATH\Models\CartModel.php on line 16.
 1 APPPATH\Controllers\BaseController.php(147): App\Models\CartModel->__construct()
 2 APPPATH\Controllers\AjaxController.php(20): App\Controllers\BaseController->initController(Object(CodeIgniter\HTTP\IncomingRequest), Object(CodeIgniter\HTTP\Response), Object(CodeIgniter\Log\Logger))
 3 SYSTEMPATH\CodeIgniter.php(904): App\Controllers\AjaxController->initController(Object(CodeIgniter\HTTP\IncomingRequest), Object(CodeIgniter\HTTP\Response), Object(CodeIgniter\Log\Logger))
 4 SYSTEMPATH\CodeIgniter.php(498): CodeIgniter\CodeIgniter->createController()
 5 SYSTEMPATH\CodeIgniter.php(354): CodeIgniter\CodeIgniter->handleRequest(null, Object(Config\Cache), false)
 6 SYSTEMPATH\Boot.php(363): CodeIgniter\CodeIgniter->run()
 7 SYSTEMPATH\Boot.php(68): CodeIgniter\Boot::runCodeIgniter(Object(CodeIgniter\CodeIgniter))
 8 FCPATH\index.php(67): CodeIgniter\Boot::bootWeb(Object(Config\Paths))
WARNING - 2026-02-18 04:32:52 --> [DEPRECATED] Creation of dynamic property App\Models\CartModel::$builderPaymentMethods is deprecated in APPPATH\Models\CartModel.php on line 17.
 1 APPPATH\Controllers\BaseController.php(147): App\Models\CartModel->__construct()
 2 APPPATH\Controllers\AjaxController.php(20): App\Controllers\BaseController->initController(Object(CodeIgniter\HTTP\IncomingRequest), Object(CodeIgniter\HTTP\Response), Object(CodeIgniter\Log\Logger))
 3 SYSTEMPATH\CodeIgniter.php(904): App\Controllers\AjaxController->initController(Object(CodeIgniter\HTTP\IncomingRequest), Object(CodeIgniter\HTTP\Response), Object(CodeIgniter\Log\Logger))
 4 SYSTEMPATH\CodeIgniter.php(498): CodeIgniter\CodeIgniter->createController()
 5 SYSTEMPATH\CodeIgniter.php(354): CodeIgniter\CodeIgniter->handleRequest(null, Object(Config\Cache), false)
 6 SYSTEMPATH\Boot.php(363): CodeIgniter\CodeIgniter->run()
 7 SYSTEMPATH\Boot.php(68): CodeIgniter\Boot::runCodeIgniter(Object(CodeIgniter\CodeIgniter))
 8 FCPATH\index.php(67): CodeIgniter\Boot::bootWeb(Object(Config\Paths))
WARNING - 2026-02-18 04:33:22 --> [DEPRECATED] Creation of dynamic property App\Models\CartModel::$builderCheckouts is deprecated in APPPATH\Models\CartModel.php on line 15.
 1 APPPATH\Controllers\BaseController.php(147): App\Models\CartModel->__construct()
 2 APPPATH\Controllers\HomeController.php(35): App\Controllers\BaseController->initController(Object(CodeIgniter\HTTP\IncomingRequest), Object(CodeIgniter\HTTP\Response), Object(CodeIgniter\Log\Logger))
 3 SYSTEMPATH\CodeIgniter.php(904): App\Controllers\HomeController->initController(Object(CodeIgniter\HTTP\IncomingRequest), Object(CodeIgniter\HTTP\Response), Object(CodeIgniter\Log\Logger))
 4 SYSTEMPATH\CodeIgniter.php(498): CodeIgniter\CodeIgniter->createController()
 5 SYSTEMPATH\CodeIgniter.php(354): CodeIgniter\CodeIgniter->handleRequest(null, Object(Config\Cache), false)
 6 SYSTEMPATH\Boot.php(363): CodeIgniter\CodeIgniter->run()
 7 SYSTEMPATH\Boot.php(68): CodeIgniter\Boot::runCodeIgniter(Object(CodeIgniter\CodeIgniter))
 8 FCPATH\index.php(67): CodeIgniter\Boot::bootWeb(Object(Config\Paths))
WARNING - 2026-02-18 04:33:22 --> [DEPRECATED] Creation of dynamic property App\Models\CartModel::$builderCheckoutItems is deprecated in APPPATH\Models\CartModel.php on line 16.
 1 APPPATH\Controllers\BaseController.php(147): App\Models\CartModel->__construct()
 2 APPPATH\Controllers\HomeController.php(35): App\Controllers\BaseController->initController(Object(CodeIgniter\HTTP\IncomingRequest), Object(CodeIgniter\HTTP\Response), Object(CodeIgniter\Log\Logger))
 3 SYSTEMPATH\CodeIgniter.php(904): App\Controllers\HomeController->initController(Object(CodeIgniter\HTTP\IncomingRequest), Object(CodeIgniter\HTTP\Response), Object(CodeIgniter\Log\Logger))
 4 SYSTEMPATH\CodeIgniter.php(498): CodeIgniter\CodeIgniter->createController()
 5 SYSTEMPATH\CodeIgniter.php(354): CodeIgniter\CodeIgniter->handleRequest(null, Object(Config\Cache), false)
 6 SYSTEMPATH\Boot.php(363): CodeIgniter\CodeIgniter->run()
 7 SYSTEMPATH\Boot.php(68): CodeIgniter\Boot::runCodeIgniter(Object(CodeIgniter\CodeIgniter))
 8 FCPATH\index.php(67): CodeIgniter\Boot::bootWeb(Object(Config\Paths))
WARNING - 2026-02-18 04:33:22 --> [DEPRECATED] Creation of dynamic property App\Models\CartModel::$builderPaymentMethods is deprecated in APPPATH\Models\CartModel.php on line 17.
 1 APPPATH\Controllers\BaseController.php(147): App\Models\CartModel->__construct()
 2 APPPATH\Controllers\HomeController.php(35): App\Controllers\BaseController->initController(Object(CodeIgniter\HTTP\IncomingRequest), Object(CodeIgniter\HTTP\Response), Object(CodeIgniter\Log\Logger))
 3 SYSTEMPATH\CodeIgniter.php(904): App\Controllers\HomeController->initController(Object(CodeIgniter\HTTP\IncomingRequest), Object(CodeIgniter\HTTP\Response), Object(CodeIgniter\Log\Logger))
 4 SYSTEMPATH\CodeIgniter.php(498): CodeIgniter\CodeIgniter->createController()
 5 SYSTEMPATH\CodeIgniter.php(354): CodeIgniter\CodeIgniter->handleRequest(null, Object(Config\Cache), false)
 6 SYSTEMPATH\Boot.php(363): CodeIgniter\CodeIgniter->run()
 7 SYSTEMPATH\Boot.php(68): CodeIgniter\Boot::runCodeIgniter(Object(CodeIgniter\CodeIgniter))
 8 FCPATH\index.php(67): CodeIgniter\Boot::bootWeb(Object(Config\Paths))
WARNING - 2026-02-18 04:33:23 --> [DEPRECATED] Creation of dynamic property App\Models\CartModel::$builderCheckouts is deprecated in APPPATH\Models\CartModel.php on line 15.
 1 APPPATH\Controllers\BaseController.php(147): App\Models\CartModel->__construct()
 2 APPPATH\Controllers\AjaxController.php(20): App\Controllers\BaseController->initController(Object(CodeIgniter\HTTP\IncomingRequest), Object(CodeIgniter\HTTP\Response), Object(CodeIgniter\Log\Logger))
 3 SYSTEMPATH\CodeIgniter.php(904): App\Controllers\AjaxController->initController(Object(CodeIgniter\HTTP\IncomingRequest), Object(CodeIgniter\HTTP\Response), Object(CodeIgniter\Log\Logger))
 4 SYSTEMPATH\CodeIgniter.php(498): CodeIgniter\CodeIgniter->createController()
 5 SYSTEMPATH\CodeIgniter.php(354): CodeIgniter\CodeIgniter->handleRequest(null, Object(Config\Cache), false)
 6 SYSTEMPATH\Boot.php(363): CodeIgniter\CodeIgniter->run()
 7 SYSTEMPATH\Boot.php(68): CodeIgniter\Boot::runCodeIgniter(Object(CodeIgniter\CodeIgniter))
 8 FCPATH\index.php(67): CodeIgniter\Boot::bootWeb(Object(Config\Paths))
WARNING - 2026-02-18 04:33:23 --> [DEPRECATED] Creation of dynamic property App\Models\CartModel::$builderCheckoutItems is deprecated in APPPATH\Models\CartModel.php on line 16.
 1 APPPATH\Controllers\BaseController.php(147): App\Models\CartModel->__construct()
 2 APPPATH\Controllers\AjaxController.php(20): App\Controllers\BaseController->initController(Object(CodeIgniter\HTTP\IncomingRequest), Object(CodeIgniter\HTTP\Response), Object(CodeIgniter\Log\Logger))
 3 SYSTEMPATH\CodeIgniter.php(904): App\Controllers\AjaxController->initController(Object(CodeIgniter\HTTP\IncomingRequest), Object(CodeIgniter\HTTP\Response), Object(CodeIgniter\Log\Logger))
 4 SYSTEMPATH\CodeIgniter.php(498): CodeIgniter\CodeIgniter->createController()
 5 SYSTEMPATH\CodeIgniter.php(354): CodeIgniter\CodeIgniter->handleRequest(null, Object(Config\Cache), false)
 6 SYSTEMPATH\Boot.php(363): CodeIgniter\CodeIgniter->run()
 7 SYSTEMPATH\Boot.php(68): CodeIgniter\Boot::runCodeIgniter(Object(CodeIgniter\CodeIgniter))
 8 FCPATH\index.php(67): CodeIgniter\Boot::bootWeb(Object(Config\Paths))
WARNING - 2026-02-18 04:33:23 --> [DEPRECATED] Creation of dynamic property App\Models\CartModel::$builderPaymentMethods is deprecated in APPPATH\Models\CartModel.php on line 17.
 1 APPPATH\Controllers\BaseController.php(147): App\Models\CartModel->__construct()
 2 APPPATH\Controllers\AjaxController.php(20): App\Controllers\BaseController->initController(Object(CodeIgniter\HTTP\IncomingRequest), Object(CodeIgniter\HTTP\Response), Object(CodeIgniter\Log\Logger))
 3 SYSTEMPATH\CodeIgniter.php(904): App\Controllers\AjaxController->initController(Object(CodeIgniter\HTTP\IncomingRequest), Object(CodeIgniter\HTTP\Response), Object(CodeIgniter\Log\Logger))
 4 SYSTEMPATH\CodeIgniter.php(498): CodeIgniter\CodeIgniter->createController()
 5 SYSTEMPATH\CodeIgniter.php(354): CodeIgniter\CodeIgniter->handleRequest(null, Object(Config\Cache), false)
 6 SYSTEMPATH\Boot.php(363): CodeIgniter\CodeIgniter->run()
 7 SYSTEMPATH\Boot.php(68): CodeIgniter\Boot::runCodeIgniter(Object(CodeIgniter\CodeIgniter))
 8 FCPATH\index.php(67): CodeIgniter\Boot::bootWeb(Object(Config\Paths))
WARNING - 2026-02-18 04:33:25 --> [DEPRECATED] Creation of dynamic property App\Models\CartModel::$builderCheckouts is deprecated in APPPATH\Models\CartModel.php on line 15.
 1 APPPATH\Controllers\BaseController.php(147): App\Models\CartModel->__construct()
 2 APPPATH\Controllers\OrderController.php(18): App\Controllers\BaseController->initController(Object(CodeIgniter\HTTP\IncomingRequest), Object(CodeIgniter\HTTP\Response), Object(CodeIgniter\Log\Logger))
 3 SYSTEMPATH\CodeIgniter.php(904): App\Controllers\OrderController->initController(Object(CodeIgniter\HTTP\IncomingRequest), Object(CodeIgniter\HTTP\Response), Object(CodeIgniter\Log\Logger))
 4 SYSTEMPATH\CodeIgniter.php(498): CodeIgniter\CodeIgniter->createController()
 5 SYSTEMPATH\CodeIgniter.php(354): CodeIgniter\CodeIgniter->handleRequest(null, Object(Config\Cache), false)
 6 SYSTEMPATH\Boot.php(363): CodeIgniter\CodeIgniter->run()
 7 SYSTEMPATH\Boot.php(68): CodeIgniter\Boot::runCodeIgniter(Object(CodeIgniter\CodeIgniter))
 8 FCPATH\index.php(67): CodeIgniter\Boot::bootWeb(Object(Config\Paths))
WARNING - 2026-02-18 04:33:25 --> [DEPRECATED] Creation of dynamic property App\Models\CartModel::$builderCheckoutItems is deprecated in APPPATH\Models\CartModel.php on line 16.
 1 APPPATH\Controllers\BaseController.php(147): App\Models\CartModel->__construct()
 2 APPPATH\Controllers\OrderController.php(18): App\Controllers\BaseController->initController(Object(CodeIgniter\HTTP\IncomingRequest), Object(CodeIgniter\HTTP\Response), Object(CodeIgniter\Log\Logger))
 3 SYSTEMPATH\CodeIgniter.php(904): App\Controllers\OrderController->initController(Object(CodeIgniter\HTTP\IncomingRequest), Object(CodeIgniter\HTTP\Response), Object(CodeIgniter\Log\Logger))
 4 SYSTEMPATH\CodeIgniter.php(498): CodeIgniter\CodeIgniter->createController()
 5 SYSTEMPATH\CodeIgniter.php(354): CodeIgniter\CodeIgniter->handleRequest(null, Object(Config\Cache), false)
 6 SYSTEMPATH\Boot.php(363): CodeIgniter\CodeIgniter->run()
 7 SYSTEMPATH\Boot.php(68): CodeIgniter\Boot::runCodeIgniter(Object(CodeIgniter\CodeIgniter))
 8 FCPATH\index.php(67): CodeIgniter\Boot::bootWeb(Object(Config\Paths))
WARNING - 2026-02-18 04:33:25 --> [DEPRECATED] Creation of dynamic property App\Models\CartModel::$builderPaymentMethods is deprecated in APPPATH\Models\CartModel.php on line 17.
 1 APPPATH\Controllers\BaseController.php(147): App\Models\CartModel->__construct()
 2 APPPATH\Controllers\OrderController.php(18): App\Controllers\BaseController->initController(Object(CodeIgniter\HTTP\IncomingRequest), Object(CodeIgniter\HTTP\Response), Object(CodeIgniter\Log\Logger))
 3 SYSTEMPATH\CodeIgniter.php(904): App\Controllers\OrderController->initController(Object(CodeIgniter\HTTP\IncomingRequest), Object(CodeIgniter\HTTP\Response), Object(CodeIgniter\Log\Logger))
 4 SYSTEMPATH\CodeIgniter.php(498): CodeIgniter\CodeIgniter->createController()
 5 SYSTEMPATH\CodeIgniter.php(354): CodeIgniter\CodeIgniter->handleRequest(null, Object(Config\Cache), false)
 6 SYSTEMPATH\Boot.php(363): CodeIgniter\CodeIgniter->run()
 7 SYSTEMPATH\Boot.php(68): CodeIgniter\Boot::runCodeIgniter(Object(CodeIgniter\CodeIgniter))
 8 FCPATH\index.php(67): CodeIgniter\Boot::bootWeb(Object(Config\Paths))
WARNING - 2026-02-18 04:33:25 --> [DEPRECATED] Creation of dynamic property App\Models\CartModel::$builderCheckouts is deprecated in APPPATH\Models\CartModel.php on line 15.
 1 APPPATH\Controllers\BaseController.php(147): App\Models\CartModel->__construct()
 2 APPPATH\Controllers\AjaxController.php(20): App\Controllers\BaseController->initController(Object(CodeIgniter\HTTP\IncomingRequest), Object(CodeIgniter\HTTP\Response), Object(CodeIgniter\Log\Logger))
 3 SYSTEMPATH\CodeIgniter.php(904): App\Controllers\AjaxController->initController(Object(CodeIgniter\HTTP\IncomingRequest), Object(CodeIgniter\HTTP\Response), Object(CodeIgniter\Log\Logger))
 4 SYSTEMPATH\CodeIgniter.php(498): CodeIgniter\CodeIgniter->createController()
 5 SYSTEMPATH\CodeIgniter.php(354): CodeIgniter\CodeIgniter->handleRequest(null, Object(Config\Cache), false)
 6 SYSTEMPATH\Boot.php(363): CodeIgniter\CodeIgniter->run()
 7 SYSTEMPATH\Boot.php(68): CodeIgniter\Boot::runCodeIgniter(Object(CodeIgniter\CodeIgniter))
 8 FCPATH\index.php(67): CodeIgniter\Boot::bootWeb(Object(Config\Paths))
WARNING - 2026-02-18 04:33:25 --> [DEPRECATED] Creation of dynamic property App\Models\CartModel::$builderCheckoutItems is deprecated in APPPATH\Models\CartModel.php on line 16.
 1 APPPATH\Controllers\BaseController.php(147): App\Models\CartModel->__construct()
 2 APPPATH\Controllers\AjaxController.php(20): App\Controllers\BaseController->initController(Object(CodeIgniter\HTTP\IncomingRequest), Object(CodeIgniter\HTTP\Response), Object(CodeIgniter\Log\Logger))
 3 SYSTEMPATH\CodeIgniter.php(904): App\Controllers\AjaxController->initController(Object(CodeIgniter\HTTP\IncomingRequest), Object(CodeIgniter\HTTP\Response), Object(CodeIgniter\Log\Logger))
 4 SYSTEMPATH\CodeIgniter.php(498): CodeIgniter\CodeIgniter->createController()
 5 SYSTEMPATH\CodeIgniter.php(354): CodeIgniter\CodeIgniter->handleRequest(null, Object(Config\Cache), false)
 6 SYSTEMPATH\Boot.php(363): CodeIgniter\CodeIgniter->run()
 7 SYSTEMPATH\Boot.php(68): CodeIgniter\Boot::runCodeIgniter(Object(CodeIgniter\CodeIgniter))
 8 FCPATH\index.php(67): CodeIgniter\Boot::bootWeb(Object(Config\Paths))
WARNING - 2026-02-18 04:33:25 --> [DEPRECATED] Creation of dynamic property App\Models\CartModel::$builderPaymentMethods is deprecated in APPPATH\Models\CartModel.php on line 17.
 1 APPPATH\Controllers\BaseController.php(147): App\Models\CartModel->__construct()
 2 APPPATH\Controllers\AjaxController.php(20): App\Controllers\BaseController->initController(Object(CodeIgniter\HTTP\IncomingRequest), Object(CodeIgniter\HTTP\Response), Object(CodeIgniter\Log\Logger))
 3 SYSTEMPATH\CodeIgniter.php(904): App\Controllers\AjaxController->initController(Object(CodeIgniter\HTTP\IncomingRequest), Object(CodeIgniter\HTTP\Response), Object(CodeIgniter\Log\Logger))
 4 SYSTEMPATH\CodeIgniter.php(498): CodeIgniter\CodeIgniter->createController()
 5 SYSTEMPATH\CodeIgniter.php(354): CodeIgniter\CodeIgniter->handleRequest(null, Object(Config\Cache), false)
 6 SYSTEMPATH\Boot.php(363): CodeIgniter\CodeIgniter->run()
 7 SYSTEMPATH\Boot.php(68): CodeIgniter\Boot::runCodeIgniter(Object(CodeIgniter\CodeIgniter))
 8 FCPATH\index.php(67): CodeIgniter\Boot::bootWeb(Object(Config\Paths))
WARNING - 2026-02-18 04:33:27 --> [DEPRECATED] Creation of dynamic property App\Models\CartModel::$builderCheckouts is deprecated in APPPATH\Models\CartModel.php on line 15.
 1 APPPATH\Controllers\BaseController.php(147): App\Models\CartModel->__construct()
 2 APPPATH\Controllers\OrderController.php(18): App\Controllers\BaseController->initController(Object(CodeIgniter\HTTP\IncomingRequest), Object(CodeIgniter\HTTP\Response), Object(CodeIgniter\Log\Logger))
 3 SYSTEMPATH\CodeIgniter.php(904): App\Controllers\OrderController->initController(Object(CodeIgniter\HTTP\IncomingRequest), Object(CodeIgniter\HTTP\Response), Object(CodeIgniter\Log\Logger))
 4 SYSTEMPATH\CodeIgniter.php(498): CodeIgniter\CodeIgniter->createController()
 5 SYSTEMPATH\CodeIgniter.php(354): CodeIgniter\CodeIgniter->handleRequest(null, Object(Config\Cache), false)
 6 SYSTEMPATH\Boot.php(363): CodeIgniter\CodeIgniter->run()
 7 SYSTEMPATH\Boot.php(68): CodeIgniter\Boot::runCodeIgniter(Object(CodeIgniter\CodeIgniter))
 8 FCPATH\index.php(67): CodeIgniter\Boot::bootWeb(Object(Config\Paths))
WARNING - 2026-02-18 04:33:27 --> [DEPRECATED] Creation of dynamic property App\Models\CartModel::$builderCheckoutItems is deprecated in APPPATH\Models\CartModel.php on line 16.
 1 APPPATH\Controllers\BaseController.php(147): App\Models\CartModel->__construct()
 2 APPPATH\Controllers\OrderController.php(18): App\Controllers\BaseController->initController(Object(CodeIgniter\HTTP\IncomingRequest), Object(CodeIgniter\HTTP\Response), Object(CodeIgniter\Log\Logger))
 3 SYSTEMPATH\CodeIgniter.php(904): App\Controllers\OrderController->initController(Object(CodeIgniter\HTTP\IncomingRequest), Object(CodeIgniter\HTTP\Response), Object(CodeIgniter\Log\Logger))
 4 SYSTEMPATH\CodeIgniter.php(498): CodeIgniter\CodeIgniter->createController()
 5 SYSTEMPATH\CodeIgniter.php(354): CodeIgniter\CodeIgniter->handleRequest(null, Object(Config\Cache), false)
 6 SYSTEMPATH\Boot.php(363): CodeIgniter\CodeIgniter->run()
 7 SYSTEMPATH\Boot.php(68): CodeIgniter\Boot::runCodeIgniter(Object(CodeIgniter\CodeIgniter))
 8 FCPATH\index.php(67): CodeIgniter\Boot::bootWeb(Object(Config\Paths))
WARNING - 2026-02-18 04:33:27 --> [DEPRECATED] Creation of dynamic property App\Models\CartModel::$builderPaymentMethods is deprecated in APPPATH\Models\CartModel.php on line 17.
 1 APPPATH\Controllers\BaseController.php(147): App\Models\CartModel->__construct()
 2 APPPATH\Controllers\OrderController.php(18): App\Controllers\BaseController->initController(Object(CodeIgniter\HTTP\IncomingRequest), Object(CodeIgniter\HTTP\Response), Object(CodeIgniter\Log\Logger))
 3 SYSTEMPATH\CodeIgniter.php(904): App\Controllers\OrderController->initController(Object(CodeIgniter\HTTP\IncomingRequest), Object(CodeIgniter\HTTP\Response), Object(CodeIgniter\Log\Logger))
 4 SYSTEMPATH\CodeIgniter.php(498): CodeIgniter\CodeIgniter->createController()
 5 SYSTEMPATH\CodeIgniter.php(354): CodeIgniter\CodeIgniter->handleRequest(null, Object(Config\Cache), false)
 6 SYSTEMPATH\Boot.php(363): CodeIgniter\CodeIgniter->run()
 7 SYSTEMPATH\Boot.php(68): CodeIgniter\Boot::runCodeIgniter(Object(CodeIgniter\CodeIgniter))
 8 FCPATH\index.php(67): CodeIgniter\Boot::bootWeb(Object(Config\Paths))
WARNING - 2026-02-18 04:33:27 --> [DEPRECATED] Creation of dynamic property App\Models\CartModel::$builderCheckouts is deprecated in APPPATH\Models\CartModel.php on line 15.
 1 APPPATH\Controllers\BaseController.php(147): App\Models\CartModel->__construct()
 2 APPPATH\Controllers\HomeController.php(35): App\Controllers\BaseController->initController(Object(CodeIgniter\HTTP\IncomingRequest), Object(CodeIgniter\HTTP\Response), Object(CodeIgniter\Log\Logger))
 3 SYSTEMPATH\CodeIgniter.php(904): App\Controllers\HomeController->initController(Object(CodeIgniter\HTTP\IncomingRequest), Object(CodeIgniter\HTTP\Response), Object(CodeIgniter\Log\Logger))
 4 SYSTEMPATH\CodeIgniter.php(498): CodeIgniter\CodeIgniter->createController()
 5 SYSTEMPATH\CodeIgniter.php(354): CodeIgniter\CodeIgniter->handleRequest(null, Object(Config\Cache), false)
 6 SYSTEMPATH\Boot.php(363): CodeIgniter\CodeIgniter->run()
 7 SYSTEMPATH\Boot.php(68): CodeIgniter\Boot::runCodeIgniter(Object(CodeIgniter\CodeIgniter))
 8 FCPATH\index.php(67): CodeIgniter\Boot::bootWeb(Object(Config\Paths))
WARNING - 2026-02-18 04:33:27 --> [DEPRECATED] Creation of dynamic property App\Models\CartModel::$builderCheckoutItems is deprecated in APPPATH\Models\CartModel.php on line 16.
 1 APPPATH\Controllers\BaseController.php(147): App\Models\CartModel->__construct()
 2 APPPATH\Controllers\HomeController.php(35): App\Controllers\BaseController->initController(Object(CodeIgniter\HTTP\IncomingRequest), Object(CodeIgniter\HTTP\Response), Object(CodeIgniter\Log\Logger))
 3 SYSTEMPATH\CodeIgniter.php(904): App\Controllers\HomeController->initController(Object(CodeIgniter\HTTP\IncomingRequest), Object(CodeIgniter\HTTP\Response), Object(CodeIgniter\Log\Logger))
 4 SYSTEMPATH\CodeIgniter.php(498): CodeIgniter\CodeIgniter->createController()
 5 SYSTEMPATH\CodeIgniter.php(354): CodeIgniter\CodeIgniter->handleRequest(null, Object(Config\Cache), false)
 6 SYSTEMPATH\Boot.php(363): CodeIgniter\CodeIgniter->run()
 7 SYSTEMPATH\Boot.php(68): CodeIgniter\Boot::runCodeIgniter(Object(CodeIgniter\CodeIgniter))
 8 FCPATH\index.php(67): CodeIgniter\Boot::bootWeb(Object(Config\Paths))
WARNING - 2026-02-18 04:33:27 --> [DEPRECATED] Creation of dynamic property App\Models\CartModel::$builderPaymentMethods is deprecated in APPPATH\Models\CartModel.php on line 17.
 1 APPPATH\Controllers\BaseController.php(147): App\Models\CartModel->__construct()
 2 APPPATH\Controllers\HomeController.php(35): App\Controllers\BaseController->initController(Object(CodeIgniter\HTTP\IncomingRequest), Object(CodeIgniter\HTTP\Response), Object(CodeIgniter\Log\Logger))
 3 SYSTEMPATH\CodeIgniter.php(904): App\Controllers\HomeController->initController(Object(CodeIgniter\HTTP\IncomingRequest), Object(CodeIgniter\HTTP\Response), Object(CodeIgniter\Log\Logger))
 4 SYSTEMPATH\CodeIgniter.php(498): CodeIgniter\CodeIgniter->createController()
 5 SYSTEMPATH\CodeIgniter.php(354): CodeIgniter\CodeIgniter->handleRequest(null, Object(Config\Cache), false)
 6 SYSTEMPATH\Boot.php(363): CodeIgniter\CodeIgniter->run()
 7 SYSTEMPATH\Boot.php(68): CodeIgniter\Boot::runCodeIgniter(Object(CodeIgniter\CodeIgniter))
 8 FCPATH\index.php(67): CodeIgniter\Boot::bootWeb(Object(Config\Paths))
WARNING - 2026-02-18 04:33:28 --> [DEPRECATED] Creation of dynamic property App\Models\CartModel::$builderCheckouts is deprecated in APPPATH\Models\CartModel.php on line 15.
 1 APPPATH\Controllers\BaseController.php(147): App\Models\CartModel->__construct()
 2 APPPATH\Controllers\AjaxController.php(20): App\Controllers\BaseController->initController(Object(CodeIgniter\HTTP\IncomingRequest), Object(CodeIgniter\HTTP\Response), Object(CodeIgniter\Log\Logger))
 3 SYSTEMPATH\CodeIgniter.php(904): App\Controllers\AjaxController->initController(Object(CodeIgniter\HTTP\IncomingRequest), Object(CodeIgniter\HTTP\Response), Object(CodeIgniter\Log\Logger))
 4 SYSTEMPATH\CodeIgniter.php(498): CodeIgniter\CodeIgniter->createController()
 5 SYSTEMPATH\CodeIgniter.php(354): CodeIgniter\CodeIgniter->handleRequest(null, Object(Config\Cache), false)
 6 SYSTEMPATH\Boot.php(363): CodeIgniter\CodeIgniter->run()
 7 SYSTEMPATH\Boot.php(68): CodeIgniter\Boot::runCodeIgniter(Object(CodeIgniter\CodeIgniter))
 8 FCPATH\index.php(67): CodeIgniter\Boot::bootWeb(Object(Config\Paths))
WARNING - 2026-02-18 04:33:28 --> [DEPRECATED] Creation of dynamic property App\Models\CartModel::$builderCheckoutItems is deprecated in APPPATH\Models\CartModel.php on line 16.
 1 APPPATH\Controllers\BaseController.php(147): App\Models\CartModel->__construct()
 2 APPPATH\Controllers\AjaxController.php(20): App\Controllers\BaseController->initController(Object(CodeIgniter\HTTP\IncomingRequest), Object(CodeIgniter\HTTP\Response), Object(CodeIgniter\Log\Logger))
 3 SYSTEMPATH\CodeIgniter.php(904): App\Controllers\AjaxController->initController(Object(CodeIgniter\HTTP\IncomingRequest), Object(CodeIgniter\HTTP\Response), Object(CodeIgniter\Log\Logger))
 4 SYSTEMPATH\CodeIgniter.php(498): CodeIgniter\CodeIgniter->createController()
 5 SYSTEMPATH\CodeIgniter.php(354): CodeIgniter\CodeIgniter->handleRequest(null, Object(Config\Cache), false)
 6 SYSTEMPATH\Boot.php(363): CodeIgniter\CodeIgniter->run()
 7 SYSTEMPATH\Boot.php(68): CodeIgniter\Boot::runCodeIgniter(Object(CodeIgniter\CodeIgniter))
 8 FCPATH\index.php(67): CodeIgniter\Boot::bootWeb(Object(Config\Paths))
WARNING - 2026-02-18 04:33:28 --> [DEPRECATED] Creation of dynamic property App\Models\CartModel::$builderPaymentMethods is deprecated in APPPATH\Models\CartModel.php on line 17.
 1 APPPATH\Controllers\BaseController.php(147): App\Models\CartModel->__construct()
 2 APPPATH\Controllers\AjaxController.php(20): App\Controllers\BaseController->initController(Object(CodeIgniter\HTTP\IncomingRequest), Object(CodeIgniter\HTTP\Response), Object(CodeIgniter\Log\Logger))
 3 SYSTEMPATH\CodeIgniter.php(904): App\Controllers\AjaxController->initController(Object(CodeIgniter\HTTP\IncomingRequest), Object(CodeIgniter\HTTP\Response), Object(CodeIgniter\Log\Logger))
 4 SYSTEMPATH\CodeIgniter.php(498): CodeIgniter\CodeIgniter->createController()
 5 SYSTEMPATH\CodeIgniter.php(354): CodeIgniter\CodeIgniter->handleRequest(null, Object(Config\Cache), false)
 6 SYSTEMPATH\Boot.php(363): CodeIgniter\CodeIgniter->run()
 7 SYSTEMPATH\Boot.php(68): CodeIgniter\Boot::runCodeIgniter(Object(CodeIgniter\CodeIgniter))
 8 FCPATH\index.php(67): CodeIgniter\Boot::bootWeb(Object(Config\Paths))
WARNING - 2026-02-18 04:33:30 --> [DEPRECATED] Creation of dynamic property App\Models\CartModel::$builderCheckouts is deprecated in APPPATH\Models\CartModel.php on line 15.
 1 APPPATH\Controllers\BaseController.php(147): App\Models\CartModel->__construct()
 2 APPPATH\Controllers\OrderController.php(18): App\Controllers\BaseController->initController(Object(CodeIgniter\HTTP\IncomingRequest), Object(CodeIgniter\HTTP\Response), Object(CodeIgniter\Log\Logger))
 3 SYSTEMPATH\CodeIgniter.php(904): App\Controllers\OrderController->initController(Object(CodeIgniter\HTTP\IncomingRequest), Object(CodeIgniter\HTTP\Response), Object(CodeIgniter\Log\Logger))
 4 SYSTEMPATH\CodeIgniter.php(498): CodeIgniter\CodeIgniter->createController()
 5 SYSTEMPATH\CodeIgniter.php(354): CodeIgniter\CodeIgniter->handleRequest(null, Object(Config\Cache), false)
 6 SYSTEMPATH\Boot.php(363): CodeIgniter\CodeIgniter->run()
 7 SYSTEMPATH\Boot.php(68): CodeIgniter\Boot::runCodeIgniter(Object(CodeIgniter\CodeIgniter))
 8 FCPATH\index.php(67): CodeIgniter\Boot::bootWeb(Object(Config\Paths))
WARNING - 2026-02-18 04:33:30 --> [DEPRECATED] Creation of dynamic property App\Models\CartModel::$builderCheckoutItems is deprecated in APPPATH\Models\CartModel.php on line 16.
 1 APPPATH\Controllers\BaseController.php(147): App\Models\CartModel->__construct()
 2 APPPATH\Controllers\OrderController.php(18): App\Controllers\BaseController->initController(Object(CodeIgniter\HTTP\IncomingRequest), Object(CodeIgniter\HTTP\Response), Object(CodeIgniter\Log\Logger))
 3 SYSTEMPATH\CodeIgniter.php(904): App\Controllers\OrderController->initController(Object(CodeIgniter\HTTP\IncomingRequest), Object(CodeIgniter\HTTP\Response), Object(CodeIgniter\Log\Logger))
 4 SYSTEMPATH\CodeIgniter.php(498): CodeIgniter\CodeIgniter->createController()
 5 SYSTEMPATH\CodeIgniter.php(354): CodeIgniter\CodeIgniter->handleRequest(null, Object(Config\Cache), false)
 6 SYSTEMPATH\Boot.php(363): CodeIgniter\CodeIgniter->run()
 7 SYSTEMPATH\Boot.php(68): CodeIgniter\Boot::runCodeIgniter(Object(CodeIgniter\CodeIgniter))
 8 FCPATH\index.php(67): CodeIgniter\Boot::bootWeb(Object(Config\Paths))
WARNING - 2026-02-18 04:33:30 --> [DEPRECATED] Creation of dynamic property App\Models\CartModel::$builderPaymentMethods is deprecated in APPPATH\Models\CartModel.php on line 17.
 1 APPPATH\Controllers\BaseController.php(147): App\Models\CartModel->__construct()
 2 APPPATH\Controllers\OrderController.php(18): App\Controllers\BaseController->initController(Object(CodeIgniter\HTTP\IncomingRequest), Object(CodeIgniter\HTTP\Response), Object(CodeIgniter\Log\Logger))
 3 SYSTEMPATH\CodeIgniter.php(904): App\Controllers\OrderController->initController(Object(CodeIgniter\HTTP\IncomingRequest), Object(CodeIgniter\HTTP\Response), Object(CodeIgniter\Log\Logger))
 4 SYSTEMPATH\CodeIgniter.php(498): CodeIgniter\CodeIgniter->createController()
 5 SYSTEMPATH\CodeIgniter.php(354): CodeIgniter\CodeIgniter->handleRequest(null, Object(Config\Cache), false)
 6 SYSTEMPATH\Boot.php(363): CodeIgniter\CodeIgniter->run()
 7 SYSTEMPATH\Boot.php(68): CodeIgniter\Boot::runCodeIgniter(Object(CodeIgniter\CodeIgniter))
 8 FCPATH\index.php(67): CodeIgniter\Boot::bootWeb(Object(Config\Paths))
WARNING - 2026-02-18 04:33:31 --> [DEPRECATED] Creation of dynamic property App\Models\CartModel::$builderCheckouts is deprecated in APPPATH\Models\CartModel.php on line 15.
 1 APPPATH\Controllers\BaseController.php(147): App\Models\CartModel->__construct()
 2 APPPATH\Controllers\AjaxController.php(20): App\Controllers\BaseController->initController(Object(CodeIgniter\HTTP\IncomingRequest), Object(CodeIgniter\HTTP\Response), Object(CodeIgniter\Log\Logger))
 3 SYSTEMPATH\CodeIgniter.php(904): App\Controllers\AjaxController->initController(Object(CodeIgniter\HTTP\IncomingRequest), Object(CodeIgniter\HTTP\Response), Object(CodeIgniter\Log\Logger))
 4 SYSTEMPATH\CodeIgniter.php(498): CodeIgniter\CodeIgniter->createController()
 5 SYSTEMPATH\CodeIgniter.php(354): CodeIgniter\CodeIgniter->handleRequest(null, Object(Config\Cache), false)
 6 SYSTEMPATH\Boot.php(363): CodeIgniter\CodeIgniter->run()
 7 SYSTEMPATH\Boot.php(68): CodeIgniter\Boot::runCodeIgniter(Object(CodeIgniter\CodeIgniter))
 8 FCPATH\index.php(67): CodeIgniter\Boot::bootWeb(Object(Config\Paths))
WARNING - 2026-02-18 04:33:31 --> [DEPRECATED] Creation of dynamic property App\Models\CartModel::$builderCheckoutItems is deprecated in APPPATH\Models\CartModel.php on line 16.
 1 APPPATH\Controllers\BaseController.php(147): App\Models\CartModel->__construct()
 2 APPPATH\Controllers\AjaxController.php(20): App\Controllers\BaseController->initController(Object(CodeIgniter\HTTP\IncomingRequest), Object(CodeIgniter\HTTP\Response), Object(CodeIgniter\Log\Logger))
 3 SYSTEMPATH\CodeIgniter.php(904): App\Controllers\AjaxController->initController(Object(CodeIgniter\HTTP\IncomingRequest), Object(CodeIgniter\HTTP\Response), Object(CodeIgniter\Log\Logger))
 4 SYSTEMPATH\CodeIgniter.php(498): CodeIgniter\CodeIgniter->createController()
 5 SYSTEMPATH\CodeIgniter.php(354): CodeIgniter\CodeIgniter->handleRequest(null, Object(Config\Cache), false)
 6 SYSTEMPATH\Boot.php(363): CodeIgniter\CodeIgniter->run()
 7 SYSTEMPATH\Boot.php(68): CodeIgniter\Boot::runCodeIgniter(Object(CodeIgniter\CodeIgniter))
 8 FCPATH\index.php(67): CodeIgniter\Boot::bootWeb(Object(Config\Paths))
WARNING - 2026-02-18 04:33:31 --> [DEPRECATED] Creation of dynamic property App\Models\CartModel::$builderPaymentMethods is deprecated in APPPATH\Models\CartModel.php on line 17.
 1 APPPATH\Controllers\BaseController.php(147): App\Models\CartModel->__construct()
 2 APPPATH\Controllers\AjaxController.php(20): App\Controllers\BaseController->initController(Object(CodeIgniter\HTTP\IncomingRequest), Object(CodeIgniter\HTTP\Response), Object(CodeIgniter\Log\Logger))
 3 SYSTEMPATH\CodeIgniter.php(904): App\Controllers\AjaxController->initController(Object(CodeIgniter\HTTP\IncomingRequest), Object(CodeIgniter\HTTP\Response), Object(CodeIgniter\Log\Logger))
 4 SYSTEMPATH\CodeIgniter.php(498): CodeIgniter\CodeIgniter->createController()
 5 SYSTEMPATH\CodeIgniter.php(354): CodeIgniter\CodeIgniter->handleRequest(null, Object(Config\Cache), false)
 6 SYSTEMPATH\Boot.php(363): CodeIgniter\CodeIgniter->run()
 7 SYSTEMPATH\Boot.php(68): CodeIgniter\Boot::runCodeIgniter(Object(CodeIgniter\CodeIgniter))
 8 FCPATH\index.php(67): CodeIgniter\Boot::bootWeb(Object(Config\Paths))
WARNING - 2026-02-18 04:33:42 --> [DEPRECATED] Creation of dynamic property App\Models\CartModel::$builderCheckouts is deprecated in APPPATH\Models\CartModel.php on line 15.
 1 APPPATH\Controllers\BaseController.php(147): App\Models\CartModel->__construct()
 2 APPPATH\Controllers\OrderController.php(18): App\Controllers\BaseController->initController(Object(CodeIgniter\HTTP\IncomingRequest), Object(CodeIgniter\HTTP\Response), Object(CodeIgniter\Log\Logger))
 3 SYSTEMPATH\CodeIgniter.php(904): App\Controllers\OrderController->initController(Object(CodeIgniter\HTTP\IncomingRequest), Object(CodeIgniter\HTTP\Response), Object(CodeIgniter\Log\Logger))
 4 SYSTEMPATH\CodeIgniter.php(498): CodeIgniter\CodeIgniter->createController()
 5 SYSTEMPATH\CodeIgniter.php(354): CodeIgniter\CodeIgniter->handleRequest(null, Object(Config\Cache), false)
 6 SYSTEMPATH\Boot.php(363): CodeIgniter\CodeIgniter->run()
 7 SYSTEMPATH\Boot.php(68): CodeIgniter\Boot::runCodeIgniter(Object(CodeIgniter\CodeIgniter))
 8 FCPATH\index.php(67): CodeIgniter\Boot::bootWeb(Object(Config\Paths))
WARNING - 2026-02-18 04:33:42 --> [DEPRECATED] Creation of dynamic property App\Models\CartModel::$builderCheckoutItems is deprecated in APPPATH\Models\CartModel.php on line 16.
 1 APPPATH\Controllers\BaseController.php(147): App\Models\CartModel->__construct()
 2 APPPATH\Controllers\OrderController.php(18): App\Controllers\BaseController->initController(Object(CodeIgniter\HTTP\IncomingRequest), Object(CodeIgniter\HTTP\Response), Object(CodeIgniter\Log\Logger))
 3 SYSTEMPATH\CodeIgniter.php(904): App\Controllers\OrderController->initController(Object(CodeIgniter\HTTP\IncomingRequest), Object(CodeIgniter\HTTP\Response), Object(CodeIgniter\Log\Logger))
 4 SYSTEMPATH\CodeIgniter.php(498): CodeIgniter\CodeIgniter->createController()
 5 SYSTEMPATH\CodeIgniter.php(354): CodeIgniter\CodeIgniter->handleRequest(null, Object(Config\Cache), false)
 6 SYSTEMPATH\Boot.php(363): CodeIgniter\CodeIgniter->run()
 7 SYSTEMPATH\Boot.php(68): CodeIgniter\Boot::runCodeIgniter(Object(CodeIgniter\CodeIgniter))
 8 FCPATH\index.php(67): CodeIgniter\Boot::bootWeb(Object(Config\Paths))
WARNING - 2026-02-18 04:33:42 --> [DEPRECATED] Creation of dynamic property App\Models\CartModel::$builderPaymentMethods is deprecated in APPPATH\Models\CartModel.php on line 17.
 1 APPPATH\Controllers\BaseController.php(147): App\Models\CartModel->__construct()
 2 APPPATH\Controllers\OrderController.php(18): App\Controllers\BaseController->initController(Object(CodeIgniter\HTTP\IncomingRequest), Object(CodeIgniter\HTTP\Response), Object(CodeIgniter\Log\Logger))
 3 SYSTEMPATH\CodeIgniter.php(904): App\Controllers\OrderController->initController(Object(CodeIgniter\HTTP\IncomingRequest), Object(CodeIgniter\HTTP\Response), Object(CodeIgniter\Log\Logger))
 4 SYSTEMPATH\CodeIgniter.php(498): CodeIgniter\CodeIgniter->createController()
 5 SYSTEMPATH\CodeIgniter.php(354): CodeIgniter\CodeIgniter->handleRequest(null, Object(Config\Cache), false)
 6 SYSTEMPATH\Boot.php(363): CodeIgniter\CodeIgniter->run()
 7 SYSTEMPATH\Boot.php(68): CodeIgniter\Boot::runCodeIgniter(Object(CodeIgniter\CodeIgniter))
 8 FCPATH\index.php(67): CodeIgniter\Boot::bootWeb(Object(Config\Paths))
WARNING - 2026-02-18 04:33:42 --> [DEPRECATED] Creation of dynamic property App\Models\CartModel::$builderCheckouts is deprecated in APPPATH\Models\CartModel.php on line 15.
 1 APPPATH\Controllers\BaseController.php(147): App\Models\CartModel->__construct()
 2 APPPATH\Controllers\HomeController.php(35): App\Controllers\BaseController->initController(Object(CodeIgniter\HTTP\IncomingRequest), Object(CodeIgniter\HTTP\Response), Object(CodeIgniter\Log\Logger))
 3 SYSTEMPATH\CodeIgniter.php(904): App\Controllers\HomeController->initController(Object(CodeIgniter\HTTP\IncomingRequest), Object(CodeIgniter\HTTP\Response), Object(CodeIgniter\Log\Logger))
 4 SYSTEMPATH\CodeIgniter.php(498): CodeIgniter\CodeIgniter->createController()
 5 SYSTEMPATH\CodeIgniter.php(354): CodeIgniter\CodeIgniter->handleRequest(null, Object(Config\Cache), false)
 6 SYSTEMPATH\Boot.php(363): CodeIgniter\CodeIgniter->run()
 7 SYSTEMPATH\Boot.php(68): CodeIgniter\Boot::runCodeIgniter(Object(CodeIgniter\CodeIgniter))
 8 FCPATH\index.php(67): CodeIgniter\Boot::bootWeb(Object(Config\Paths))
WARNING - 2026-02-18 04:33:42 --> [DEPRECATED] Creation of dynamic property App\Models\CartModel::$builderCheckoutItems is deprecated in APPPATH\Models\CartModel.php on line 16.
 1 APPPATH\Controllers\BaseController.php(147): App\Models\CartModel->__construct()
 2 APPPATH\Controllers\HomeController.php(35): App\Controllers\BaseController->initController(Object(CodeIgniter\HTTP\IncomingRequest), Object(CodeIgniter\HTTP\Response), Object(CodeIgniter\Log\Logger))
 3 SYSTEMPATH\CodeIgniter.php(904): App\Controllers\HomeController->initController(Object(CodeIgniter\HTTP\IncomingRequest), Object(CodeIgniter\HTTP\Response), Object(CodeIgniter\Log\Logger))
 4 SYSTEMPATH\CodeIgniter.php(498): CodeIgniter\CodeIgniter->createController()
 5 SYSTEMPATH\CodeIgniter.php(354): CodeIgniter\CodeIgniter->handleRequest(null, Object(Config\Cache), false)
 6 SYSTEMPATH\Boot.php(363): CodeIgniter\CodeIgniter->run()
 7 SYSTEMPATH\Boot.php(68): CodeIgniter\Boot::runCodeIgniter(Object(CodeIgniter\CodeIgniter))
 8 FCPATH\index.php(67): CodeIgniter\Boot::bootWeb(Object(Config\Paths))
WARNING - 2026-02-18 04:33:42 --> [DEPRECATED] Creation of dynamic property App\Models\CartModel::$builderPaymentMethods is deprecated in APPPATH\Models\CartModel.php on line 17.
 1 APPPATH\Controllers\BaseController.php(147): App\Models\CartModel->__construct()
 2 APPPATH\Controllers\HomeController.php(35): App\Controllers\BaseController->initController(Object(CodeIgniter\HTTP\IncomingRequest), Object(CodeIgniter\HTTP\Response), Object(CodeIgniter\Log\Logger))
 3 SYSTEMPATH\CodeIgniter.php(904): App\Controllers\HomeController->initController(Object(CodeIgniter\HTTP\IncomingRequest), Object(CodeIgniter\HTTP\Response), Object(CodeIgniter\Log\Logger))
 4 SYSTEMPATH\CodeIgniter.php(498): CodeIgniter\CodeIgniter->createController()
 5 SYSTEMPATH\CodeIgniter.php(354): CodeIgniter\CodeIgniter->handleRequest(null, Object(Config\Cache), false)
 6 SYSTEMPATH\Boot.php(363): CodeIgniter\CodeIgniter->run()
 7 SYSTEMPATH\Boot.php(68): CodeIgniter\Boot::runCodeIgniter(Object(CodeIgniter\CodeIgniter))
 8 FCPATH\index.php(67): CodeIgniter\Boot::bootWeb(Object(Config\Paths))
WARNING - 2026-02-18 04:33:42 --> [DEPRECATED] Creation of dynamic property App\Models\CartModel::$builderCheckouts is deprecated in APPPATH\Models\CartModel.php on line 15.
 1 APPPATH\Controllers\BaseController.php(147): App\Models\CartModel->__construct()
 2 APPPATH\Controllers\AjaxController.php(20): App\Controllers\BaseController->initController(Object(CodeIgniter\HTTP\IncomingRequest), Object(CodeIgniter\HTTP\Response), Object(CodeIgniter\Log\Logger))
 3 SYSTEMPATH\CodeIgniter.php(904): App\Controllers\AjaxController->initController(Object(CodeIgniter\HTTP\IncomingRequest), Object(CodeIgniter\HTTP\Response), Object(CodeIgniter\Log\Logger))
 4 SYSTEMPATH\CodeIgniter.php(498): CodeIgniter\CodeIgniter->createController()
 5 SYSTEMPATH\CodeIgniter.php(354): CodeIgniter\CodeIgniter->handleRequest(null, Object(Config\Cache), false)
 6 SYSTEMPATH\Boot.php(363): CodeIgniter\CodeIgniter->run()
 7 SYSTEMPATH\Boot.php(68): CodeIgniter\Boot::runCodeIgniter(Object(CodeIgniter\CodeIgniter))
 8 FCPATH\index.php(67): CodeIgniter\Boot::bootWeb(Object(Config\Paths))
WARNING - 2026-02-18 04:33:42 --> [DEPRECATED] Creation of dynamic property App\Models\CartModel::$builderCheckoutItems is deprecated in APPPATH\Models\CartModel.php on line 16.
 1 APPPATH\Controllers\BaseController.php(147): App\Models\CartModel->__construct()
 2 APPPATH\Controllers\AjaxController.php(20): App\Controllers\BaseController->initController(Object(CodeIgniter\HTTP\IncomingRequest), Object(CodeIgniter\HTTP\Response), Object(CodeIgniter\Log\Logger))
 3 SYSTEMPATH\CodeIgniter.php(904): App\Controllers\AjaxController->initController(Object(CodeIgniter\HTTP\IncomingRequest), Object(CodeIgniter\HTTP\Response), Object(CodeIgniter\Log\Logger))
 4 SYSTEMPATH\CodeIgniter.php(498): CodeIgniter\CodeIgniter->createController()
 5 SYSTEMPATH\CodeIgniter.php(354): CodeIgniter\CodeIgniter->handleRequest(null, Object(Config\Cache), false)
 6 SYSTEMPATH\Boot.php(363): CodeIgniter\CodeIgniter->run()
 7 SYSTEMPATH\Boot.php(68): CodeIgniter\Boot::runCodeIgniter(Object(CodeIgniter\CodeIgniter))
 8 FCPATH\index.php(67): CodeIgniter\Boot::bootWeb(Object(Config\Paths))
WARNING - 2026-02-18 04:33:42 --> [DEPRECATED] Creation of dynamic property App\Models\CartModel::$builderPaymentMethods is deprecated in APPPATH\Models\CartModel.php on line 17.
 1 APPPATH\Controllers\BaseController.php(147): App\Models\CartModel->__construct()
 2 APPPATH\Controllers\AjaxController.php(20): App\Controllers\BaseController->initController(Object(CodeIgniter\HTTP\IncomingRequest), Object(CodeIgniter\HTTP\Response), Object(CodeIgniter\Log\Logger))
 3 SYSTEMPATH\CodeIgniter.php(904): App\Controllers\AjaxController->initController(Object(CodeIgniter\HTTP\IncomingRequest), Object(CodeIgniter\HTTP\Response), Object(CodeIgniter\Log\Logger))
 4 SYSTEMPATH\CodeIgniter.php(498): CodeIgniter\CodeIgniter->createController()
 5 SYSTEMPATH\CodeIgniter.php(354): CodeIgniter\CodeIgniter->handleRequest(null, Object(Config\Cache), false)
 6 SYSTEMPATH\Boot.php(363): CodeIgniter\CodeIgniter->run()
 7 SYSTEMPATH\Boot.php(68): CodeIgniter\Boot::runCodeIgniter(Object(CodeIgniter\CodeIgniter))
 8 FCPATH\index.php(67): CodeIgniter\Boot::bootWeb(Object(Config\Paths))
WARNING - 2026-02-18 04:34:15 --> [DEPRECATED] Creation of dynamic property App\Models\CartModel::$builderCheckouts is deprecated in APPPATH\Models\CartModel.php on line 15.
 1 APPPATH\Controllers\BaseController.php(147): App\Models\CartModel->__construct()
 2 APPPATH\Controllers\HomeController.php(35): App\Controllers\BaseController->initController(Object(CodeIgniter\HTTP\IncomingRequest), Object(CodeIgniter\HTTP\Response), Object(CodeIgniter\Log\Logger))
 3 SYSTEMPATH\CodeIgniter.php(904): App\Controllers\HomeController->initController(Object(CodeIgniter\HTTP\IncomingRequest), Object(CodeIgniter\HTTP\Response), Object(CodeIgniter\Log\Logger))
 4 SYSTEMPATH\CodeIgniter.php(498): CodeIgniter\CodeIgniter->createController()
 5 SYSTEMPATH\CodeIgniter.php(354): CodeIgniter\CodeIgniter->handleRequest(null, Object(Config\Cache), false)
 6 SYSTEMPATH\Boot.php(363): CodeIgniter\CodeIgniter->run()
 7 SYSTEMPATH\Boot.php(68): CodeIgniter\Boot::runCodeIgniter(Object(CodeIgniter\CodeIgniter))
 8 FCPATH\index.php(67): CodeIgniter\Boot::bootWeb(Object(Config\Paths))
WARNING - 2026-02-18 04:34:15 --> [DEPRECATED] Creation of dynamic property App\Models\CartModel::$builderCheckoutItems is deprecated in APPPATH\Models\CartModel.php on line 16.
 1 APPPATH\Controllers\BaseController.php(147): App\Models\CartModel->__construct()
 2 APPPATH\Controllers\HomeController.php(35): App\Controllers\BaseController->initController(Object(CodeIgniter\HTTP\IncomingRequest), Object(CodeIgniter\HTTP\Response), Object(CodeIgniter\Log\Logger))
 3 SYSTEMPATH\CodeIgniter.php(904): App\Controllers\HomeController->initController(Object(CodeIgniter\HTTP\IncomingRequest), Object(CodeIgniter\HTTP\Response), Object(CodeIgniter\Log\Logger))
 4 SYSTEMPATH\CodeIgniter.php(498): CodeIgniter\CodeIgniter->createController()
 5 SYSTEMPATH\CodeIgniter.php(354): CodeIgniter\CodeIgniter->handleRequest(null, Object(Config\Cache), false)
 6 SYSTEMPATH\Boot.php(363): CodeIgniter\CodeIgniter->run()
 7 SYSTEMPATH\Boot.php(68): CodeIgniter\Boot::runCodeIgniter(Object(CodeIgniter\CodeIgniter))
 8 FCPATH\index.php(67): CodeIgniter\Boot::bootWeb(Object(Config\Paths))
WARNING - 2026-02-18 04:34:15 --> [DEPRECATED] Creation of dynamic property App\Models\CartModel::$builderPaymentMethods is deprecated in APPPATH\Models\CartModel.php on line 17.
 1 APPPATH\Controllers\BaseController.php(147): App\Models\CartModel->__construct()
 2 APPPATH\Controllers\HomeController.php(35): App\Controllers\BaseController->initController(Object(CodeIgniter\HTTP\IncomingRequest), Object(CodeIgniter\HTTP\Response), Object(CodeIgniter\Log\Logger))
 3 SYSTEMPATH\CodeIgniter.php(904): App\Controllers\HomeController->initController(Object(CodeIgniter\HTTP\IncomingRequest), Object(CodeIgniter\HTTP\Response), Object(CodeIgniter\Log\Logger))
 4 SYSTEMPATH\CodeIgniter.php(498): CodeIgniter\CodeIgniter->createController()
 5 SYSTEMPATH\CodeIgniter.php(354): CodeIgniter\CodeIgniter->handleRequest(null, Object(Config\Cache), false)
 6 SYSTEMPATH\Boot.php(363): CodeIgniter\CodeIgniter->run()
 7 SYSTEMPATH\Boot.php(68): CodeIgniter\Boot::runCodeIgniter(Object(CodeIgniter\CodeIgniter))
 8 FCPATH\index.php(67): CodeIgniter\Boot::bootWeb(Object(Config\Paths))
WARNING - 2026-02-18 04:34:15 --> [DEPRECATED] Creation of dynamic property App\Models\CartModel::$builderCheckouts is deprecated in APPPATH\Models\CartModel.php on line 15.
 1 APPPATH\Controllers\BaseController.php(147): App\Models\CartModel->__construct()
 2 APPPATH\Controllers\AjaxController.php(20): App\Controllers\BaseController->initController(Object(CodeIgniter\HTTP\IncomingRequest), Object(CodeIgniter\HTTP\Response), Object(CodeIgniter\Log\Logger))
 3 SYSTEMPATH\CodeIgniter.php(904): App\Controllers\AjaxController->initController(Object(CodeIgniter\HTTP\IncomingRequest), Object(CodeIgniter\HTTP\Response), Object(CodeIgniter\Log\Logger))
 4 SYSTEMPATH\CodeIgniter.php(498): CodeIgniter\CodeIgniter->createController()
 5 SYSTEMPATH\CodeIgniter.php(354): CodeIgniter\CodeIgniter->handleRequest(null, Object(Config\Cache), false)
 6 SYSTEMPATH\Boot.php(363): CodeIgniter\CodeIgniter->run()
 7 SYSTEMPATH\Boot.php(68): CodeIgniter\Boot::runCodeIgniter(Object(CodeIgniter\CodeIgniter))
 8 FCPATH\index.php(67): CodeIgniter\Boot::bootWeb(Object(Config\Paths))
WARNING - 2026-02-18 04:34:15 --> [DEPRECATED] Creation of dynamic property App\Models\CartModel::$builderCheckoutItems is deprecated in APPPATH\Models\CartModel.php on line 16.
 1 APPPATH\Controllers\BaseController.php(147): App\Models\CartModel->__construct()
 2 APPPATH\Controllers\AjaxController.php(20): App\Controllers\BaseController->initController(Object(CodeIgniter\HTTP\IncomingRequest), Object(CodeIgniter\HTTP\Response), Object(CodeIgniter\Log\Logger))
 3 SYSTEMPATH\CodeIgniter.php(904): App\Controllers\AjaxController->initController(Object(CodeIgniter\HTTP\IncomingRequest), Object(CodeIgniter\HTTP\Response), Object(CodeIgniter\Log\Logger))
 4 SYSTEMPATH\CodeIgniter.php(498): CodeIgniter\CodeIgniter->createController()
 5 SYSTEMPATH\CodeIgniter.php(354): CodeIgniter\CodeIgniter->handleRequest(null, Object(Config\Cache), false)
 6 SYSTEMPATH\Boot.php(363): CodeIgniter\CodeIgniter->run()
 7 SYSTEMPATH\Boot.php(68): CodeIgniter\Boot::runCodeIgniter(Object(CodeIgniter\CodeIgniter))
 8 FCPATH\index.php(67): CodeIgniter\Boot::bootWeb(Object(Config\Paths))
WARNING - 2026-02-18 04:34:15 --> [DEPRECATED] Creation of dynamic property App\Models\CartModel::$builderPaymentMethods is deprecated in APPPATH\Models\CartModel.php on line 17.
 1 APPPATH\Controllers\BaseController.php(147): App\Models\CartModel->__construct()
 2 APPPATH\Controllers\AjaxController.php(20): App\Controllers\BaseController->initController(Object(CodeIgniter\HTTP\IncomingRequest), Object(CodeIgniter\HTTP\Response), Object(CodeIgniter\Log\Logger))
 3 SYSTEMPATH\CodeIgniter.php(904): App\Controllers\AjaxController->initController(Object(CodeIgniter\HTTP\IncomingRequest), Object(CodeIgniter\HTTP\Response), Object(CodeIgniter\Log\Logger))
 4 SYSTEMPATH\CodeIgniter.php(498): CodeIgniter\CodeIgniter->createController()
 5 SYSTEMPATH\CodeIgniter.php(354): CodeIgniter\CodeIgniter->handleRequest(null, Object(Config\Cache), false)
 6 SYSTEMPATH\Boot.php(363): CodeIgniter\CodeIgniter->run()
 7 SYSTEMPATH\Boot.php(68): CodeIgniter\Boot::runCodeIgniter(Object(CodeIgniter\CodeIgniter))
 8 FCPATH\index.php(67): CodeIgniter\Boot::bootWeb(Object(Config\Paths))
WARNING - 2026-02-18 04:34:16 --> [DEPRECATED] Creation of dynamic property App\Models\CartModel::$builderCheckouts is deprecated in APPPATH\Models\CartModel.php on line 15.
 1 APPPATH\Controllers\BaseController.php(147): App\Models\CartModel->__construct()
 2 APPPATH\Controllers\OrderController.php(18): App\Controllers\BaseController->initController(Object(CodeIgniter\HTTP\IncomingRequest), Object(CodeIgniter\HTTP\Response), Object(CodeIgniter\Log\Logger))
 3 SYSTEMPATH\CodeIgniter.php(904): App\Controllers\OrderController->initController(Object(CodeIgniter\HTTP\IncomingRequest), Object(CodeIgniter\HTTP\Response), Object(CodeIgniter\Log\Logger))
 4 SYSTEMPATH\CodeIgniter.php(498): CodeIgniter\CodeIgniter->createController()
 5 SYSTEMPATH\CodeIgniter.php(354): CodeIgniter\CodeIgniter->handleRequest(null, Object(Config\Cache), false)
 6 SYSTEMPATH\Boot.php(363): CodeIgniter\CodeIgniter->run()
 7 SYSTEMPATH\Boot.php(68): CodeIgniter\Boot::runCodeIgniter(Object(CodeIgniter\CodeIgniter))
 8 FCPATH\index.php(67): CodeIgniter\Boot::bootWeb(Object(Config\Paths))
WARNING - 2026-02-18 04:34:16 --> [DEPRECATED] Creation of dynamic property App\Models\CartModel::$builderCheckoutItems is deprecated in APPPATH\Models\CartModel.php on line 16.
 1 APPPATH\Controllers\BaseController.php(147): App\Models\CartModel->__construct()
 2 APPPATH\Controllers\OrderController.php(18): App\Controllers\BaseController->initController(Object(CodeIgniter\HTTP\IncomingRequest), Object(CodeIgniter\HTTP\Response), Object(CodeIgniter\Log\Logger))
 3 SYSTEMPATH\CodeIgniter.php(904): App\Controllers\OrderController->initController(Object(CodeIgniter\HTTP\IncomingRequest), Object(CodeIgniter\HTTP\Response), Object(CodeIgniter\Log\Logger))
 4 SYSTEMPATH\CodeIgniter.php(498): CodeIgniter\CodeIgniter->createController()
 5 SYSTEMPATH\CodeIgniter.php(354): CodeIgniter\CodeIgniter->handleRequest(null, Object(Config\Cache), false)
 6 SYSTEMPATH\Boot.php(363): CodeIgniter\CodeIgniter->run()
 7 SYSTEMPATH\Boot.php(68): CodeIgniter\Boot::runCodeIgniter(Object(CodeIgniter\CodeIgniter))
 8 FCPATH\index.php(67): CodeIgniter\Boot::bootWeb(Object(Config\Paths))
WARNING - 2026-02-18 04:34:16 --> [DEPRECATED] Creation of dynamic property App\Models\CartModel::$builderPaymentMethods is deprecated in APPPATH\Models\CartModel.php on line 17.
 1 APPPATH\Controllers\BaseController.php(147): App\Models\CartModel->__construct()
 2 APPPATH\Controllers\OrderController.php(18): App\Controllers\BaseController->initController(Object(CodeIgniter\HTTP\IncomingRequest), Object(CodeIgniter\HTTP\Response), Object(CodeIgniter\Log\Logger))
 3 SYSTEMPATH\CodeIgniter.php(904): App\Controllers\OrderController->initController(Object(CodeIgniter\HTTP\IncomingRequest), Object(CodeIgniter\HTTP\Response), Object(CodeIgniter\Log\Logger))
 4 SYSTEMPATH\CodeIgniter.php(498): CodeIgniter\CodeIgniter->createController()
 5 SYSTEMPATH\CodeIgniter.php(354): CodeIgniter\CodeIgniter->handleRequest(null, Object(Config\Cache), false)
 6 SYSTEMPATH\Boot.php(363): CodeIgniter\CodeIgniter->run()
 7 SYSTEMPATH\Boot.php(68): CodeIgniter\Boot::runCodeIgniter(Object(CodeIgniter\CodeIgniter))
 8 FCPATH\index.php(67): CodeIgniter\Boot::bootWeb(Object(Config\Paths))
WARNING - 2026-02-18 04:34:16 --> [DEPRECATED] Creation of dynamic property App\Models\CartModel::$builderCheckouts is deprecated in APPPATH\Models\CartModel.php on line 15.
 1 APPPATH\Controllers\BaseController.php(147): App\Models\CartModel->__construct()
 2 APPPATH\Controllers\AjaxController.php(20): App\Controllers\BaseController->initController(Object(CodeIgniter\HTTP\IncomingRequest), Object(CodeIgniter\HTTP\Response), Object(CodeIgniter\Log\Logger))
 3 SYSTEMPATH\CodeIgniter.php(904): App\Controllers\AjaxController->initController(Object(CodeIgniter\HTTP\IncomingRequest), Object(CodeIgniter\HTTP\Response), Object(CodeIgniter\Log\Logger))
 4 SYSTEMPATH\CodeIgniter.php(498): CodeIgniter\CodeIgniter->createController()
 5 SYSTEMPATH\CodeIgniter.php(354): CodeIgniter\CodeIgniter->handleRequest(null, Object(Config\Cache), false)
 6 SYSTEMPATH\Boot.php(363): CodeIgniter\CodeIgniter->run()
 7 SYSTEMPATH\Boot.php(68): CodeIgniter\Boot::runCodeIgniter(Object(CodeIgniter\CodeIgniter))
 8 FCPATH\index.php(67): CodeIgniter\Boot::bootWeb(Object(Config\Paths))
WARNING - 2026-02-18 04:34:16 --> [DEPRECATED] Creation of dynamic property App\Models\CartModel::$builderCheckoutItems is deprecated in APPPATH\Models\CartModel.php on line 16.
 1 APPPATH\Controllers\BaseController.php(147): App\Models\CartModel->__construct()
 2 APPPATH\Controllers\AjaxController.php(20): App\Controllers\BaseController->initController(Object(CodeIgniter\HTTP\IncomingRequest), Object(CodeIgniter\HTTP\Response), Object(CodeIgniter\Log\Logger))
 3 SYSTEMPATH\CodeIgniter.php(904): App\Controllers\AjaxController->initController(Object(CodeIgniter\HTTP\IncomingRequest), Object(CodeIgniter\HTTP\Response), Object(CodeIgniter\Log\Logger))
 4 SYSTEMPATH\CodeIgniter.php(498): CodeIgniter\CodeIgniter->createController()
 5 SYSTEMPATH\CodeIgniter.php(354): CodeIgniter\CodeIgniter->handleRequest(null, Object(Config\Cache), false)
 6 SYSTEMPATH\Boot.php(363): CodeIgniter\CodeIgniter->run()
 7 SYSTEMPATH\Boot.php(68): CodeIgniter\Boot::runCodeIgniter(Object(CodeIgniter\CodeIgniter))
 8 FCPATH\index.php(67): CodeIgniter\Boot::bootWeb(Object(Config\Paths))
WARNING - 2026-02-18 04:34:16 --> [DEPRECATED] Creation of dynamic property App\Models\CartModel::$builderPaymentMethods is deprecated in APPPATH\Models\CartModel.php on line 17.
 1 APPPATH\Controllers\BaseController.php(147): App\Models\CartModel->__construct()
 2 APPPATH\Controllers\AjaxController.php(20): App\Controllers\BaseController->initController(Object(CodeIgniter\HTTP\IncomingRequest), Object(CodeIgniter\HTTP\Response), Object(CodeIgniter\Log\Logger))
 3 SYSTEMPATH\CodeIgniter.php(904): App\Controllers\AjaxController->initController(Object(CodeIgniter\HTTP\IncomingRequest), Object(CodeIgniter\HTTP\Response), Object(CodeIgniter\Log\Logger))
 4 SYSTEMPATH\CodeIgniter.php(498): CodeIgniter\CodeIgniter->createController()
 5 SYSTEMPATH\CodeIgniter.php(354): CodeIgniter\CodeIgniter->handleRequest(null, Object(Config\Cache), false)
 6 SYSTEMPATH\Boot.php(363): CodeIgniter\CodeIgniter->run()
 7 SYSTEMPATH\Boot.php(68): CodeIgniter\Boot::runCodeIgniter(Object(CodeIgniter\CodeIgniter))
 8 FCPATH\index.php(67): CodeIgniter\Boot::bootWeb(Object(Config\Paths))
WARNING - 2026-02-18 04:34:18 --> [DEPRECATED] Creation of dynamic property App\Models\CartModel::$builderCheckouts is deprecated in APPPATH\Models\CartModel.php on line 15.
 1 APPPATH\Controllers\BaseController.php(147): App\Models\CartModel->__construct()
 2 APPPATH\Controllers\OrderController.php(18): App\Controllers\BaseController->initController(Object(CodeIgniter\HTTP\IncomingRequest), Object(CodeIgniter\HTTP\Response), Object(CodeIgniter\Log\Logger))
 3 SYSTEMPATH\CodeIgniter.php(904): App\Controllers\OrderController->initController(Object(CodeIgniter\HTTP\IncomingRequest), Object(CodeIgniter\HTTP\Response), Object(CodeIgniter\Log\Logger))
 4 SYSTEMPATH\CodeIgniter.php(498): CodeIgniter\CodeIgniter->createController()
 5 SYSTEMPATH\CodeIgniter.php(354): CodeIgniter\CodeIgniter->handleRequest(null, Object(Config\Cache), false)
 6 SYSTEMPATH\Boot.php(363): CodeIgniter\CodeIgniter->run()
 7 SYSTEMPATH\Boot.php(68): CodeIgniter\Boot::runCodeIgniter(Object(CodeIgniter\CodeIgniter))
 8 FCPATH\index.php(67): CodeIgniter\Boot::bootWeb(Object(Config\Paths))
WARNING - 2026-02-18 04:34:18 --> [DEPRECATED] Creation of dynamic property App\Models\CartModel::$builderCheckoutItems is deprecated in APPPATH\Models\CartModel.php on line 16.
 1 APPPATH\Controllers\BaseController.php(147): App\Models\CartModel->__construct()
 2 APPPATH\Controllers\OrderController.php(18): App\Controllers\BaseController->initController(Object(CodeIgniter\HTTP\IncomingRequest), Object(CodeIgniter\HTTP\Response), Object(CodeIgniter\Log\Logger))
 3 SYSTEMPATH\CodeIgniter.php(904): App\Controllers\OrderController->initController(Object(CodeIgniter\HTTP\IncomingRequest), Object(CodeIgniter\HTTP\Response), Object(CodeIgniter\Log\Logger))
 4 SYSTEMPATH\CodeIgniter.php(498): CodeIgniter\CodeIgniter->createController()
 5 SYSTEMPATH\CodeIgniter.php(354): CodeIgniter\CodeIgniter->handleRequest(null, Object(Config\Cache), false)
 6 SYSTEMPATH\Boot.php(363): CodeIgniter\CodeIgniter->run()
 7 SYSTEMPATH\Boot.php(68): CodeIgniter\Boot::runCodeIgniter(Object(CodeIgniter\CodeIgniter))
 8 FCPATH\index.php(67): CodeIgniter\Boot::bootWeb(Object(Config\Paths))
WARNING - 2026-02-18 04:34:18 --> [DEPRECATED] Creation of dynamic property App\Models\CartModel::$builderPaymentMethods is deprecated in APPPATH\Models\CartModel.php on line 17.
 1 APPPATH\Controllers\BaseController.php(147): App\Models\CartModel->__construct()
 2 APPPATH\Controllers\OrderController.php(18): App\Controllers\BaseController->initController(Object(CodeIgniter\HTTP\IncomingRequest), Object(CodeIgniter\HTTP\Response), Object(CodeIgniter\Log\Logger))
 3 SYSTEMPATH\CodeIgniter.php(904): App\Controllers\OrderController->initController(Object(CodeIgniter\HTTP\IncomingRequest), Object(CodeIgniter\HTTP\Response), Object(CodeIgniter\Log\Logger))
 4 SYSTEMPATH\CodeIgniter.php(498): CodeIgniter\CodeIgniter->createController()
 5 SYSTEMPATH\CodeIgniter.php(354): CodeIgniter\CodeIgniter->handleRequest(null, Object(Config\Cache), false)
 6 SYSTEMPATH\Boot.php(363): CodeIgniter\CodeIgniter->run()
 7 SYSTEMPATH\Boot.php(68): CodeIgniter\Boot::runCodeIgniter(Object(CodeIgniter\CodeIgniter))
 8 FCPATH\index.php(67): CodeIgniter\Boot::bootWeb(Object(Config\Paths))
WARNING - 2026-02-18 04:34:46 --> [DEPRECATED] Creation of dynamic property App\Models\CartModel::$builderCheckouts is deprecated in APPPATH\Models\CartModel.php on line 15.
 1 APPPATH\Controllers\BaseController.php(147): App\Models\CartModel->__construct()
 2 APPPATH\Controllers\OrderController.php(18): App\Controllers\BaseController->initController(Object(CodeIgniter\HTTP\IncomingRequest), Object(CodeIgniter\HTTP\Response), Object(CodeIgniter\Log\Logger))
 3 SYSTEMPATH\CodeIgniter.php(904): App\Controllers\OrderController->initController(Object(CodeIgniter\HTTP\IncomingRequest), Object(CodeIgniter\HTTP\Response), Object(CodeIgniter\Log\Logger))
 4 SYSTEMPATH\CodeIgniter.php(498): CodeIgniter\CodeIgniter->createController()
 5 SYSTEMPATH\CodeIgniter.php(354): CodeIgniter\CodeIgniter->handleRequest(null, Object(Config\Cache), false)
 6 SYSTEMPATH\Boot.php(363): CodeIgniter\CodeIgniter->run()
 7 SYSTEMPATH\Boot.php(68): CodeIgniter\Boot::runCodeIgniter(Object(CodeIgniter\CodeIgniter))
 8 FCPATH\index.php(67): CodeIgniter\Boot::bootWeb(Object(Config\Paths))
WARNING - 2026-02-18 04:34:46 --> [DEPRECATED] Creation of dynamic property App\Models\CartModel::$builderCheckoutItems is deprecated in APPPATH\Models\CartModel.php on line 16.
 1 APPPATH\Controllers\BaseController.php(147): App\Models\CartModel->__construct()
 2 APPPATH\Controllers\OrderController.php(18): App\Controllers\BaseController->initController(Object(CodeIgniter\HTTP\IncomingRequest), Object(CodeIgniter\HTTP\Response), Object(CodeIgniter\Log\Logger))
 3 SYSTEMPATH\CodeIgniter.php(904): App\Controllers\OrderController->initController(Object(CodeIgniter\HTTP\IncomingRequest), Object(CodeIgniter\HTTP\Response), Object(CodeIgniter\Log\Logger))
 4 SYSTEMPATH\CodeIgniter.php(498): CodeIgniter\CodeIgniter->createController()
 5 SYSTEMPATH\CodeIgniter.php(354): CodeIgniter\CodeIgniter->handleRequest(null, Object(Config\Cache), false)
 6 SYSTEMPATH\Boot.php(363): CodeIgniter\CodeIgniter->run()
 7 SYSTEMPATH\Boot.php(68): CodeIgniter\Boot::runCodeIgniter(Object(CodeIgniter\CodeIgniter))
 8 FCPATH\index.php(67): CodeIgniter\Boot::bootWeb(Object(Config\Paths))
WARNING - 2026-02-18 04:34:46 --> [DEPRECATED] Creation of dynamic property App\Models\CartModel::$builderPaymentMethods is deprecated in APPPATH\Models\CartModel.php on line 17.
 1 APPPATH\Controllers\BaseController.php(147): App\Models\CartModel->__construct()
 2 APPPATH\Controllers\OrderController.php(18): App\Controllers\BaseController->initController(Object(CodeIgniter\HTTP\IncomingRequest), Object(CodeIgniter\HTTP\Response), Object(CodeIgniter\Log\Logger))
 3 SYSTEMPATH\CodeIgniter.php(904): App\Controllers\OrderController->initController(Object(CodeIgniter\HTTP\IncomingRequest), Object(CodeIgniter\HTTP\Response), Object(CodeIgniter\Log\Logger))
 4 SYSTEMPATH\CodeIgniter.php(498): CodeIgniter\CodeIgniter->createController()
 5 SYSTEMPATH\CodeIgniter.php(354): CodeIgniter\CodeIgniter->handleRequest(null, Object(Config\Cache), false)
 6 SYSTEMPATH\Boot.php(363): CodeIgniter\CodeIgniter->run()
 7 SYSTEMPATH\Boot.php(68): CodeIgniter\Boot::runCodeIgniter(Object(CodeIgniter\CodeIgniter))
 8 FCPATH\index.php(67): CodeIgniter\Boot::bootWeb(Object(Config\Paths))
CRITICAL - 2026-02-18 04:34:46 --> Error: Call to undefined function App\Controllers\mpty()
[Method: GET, Route: order-details/9223372036854775807]
in APPPATH\Controllers\OrderController.php on line 60.
 1 SYSTEMPATH\CodeIgniter.php(933): App\Controllers\OrderController->order('9223372036854775807')
 2 SYSTEMPATH\CodeIgniter.php(507): CodeIgniter\CodeIgniter->runController(Object(App\Controllers\OrderController))
 3 SYSTEMPATH\CodeIgniter.php(354): CodeIgniter\CodeIgniter->handleRequest(null, Object(Config\Cache), false)
 4 SYSTEMPATH\Boot.php(363): CodeIgniter\CodeIgniter->run()
 5 SYSTEMPATH\Boot.php(68): CodeIgniter\Boot::runCodeIgniter(Object(CodeIgniter\CodeIgniter))
 6 FCPATH\index.php(67): CodeIgniter\Boot::bootWeb(Object(Config\Paths))
WARNING - 2026-02-18 04:34:52 --> [DEPRECATED] Creation of dynamic property App\Models\CartModel::$builderCheckouts is deprecated in APPPATH\Models\CartModel.php on line 15.
 1 APPPATH\Controllers\BaseController.php(147): App\Models\CartModel->__construct()
 2 APPPATH\Controllers\OrderController.php(18): App\Controllers\BaseController->initController(Object(CodeIgniter\HTTP\IncomingRequest), Object(CodeIgniter\HTTP\Response), Object(CodeIgniter\Log\Logger))
 3 SYSTEMPATH\CodeIgniter.php(904): App\Controllers\OrderController->initController(Object(CodeIgniter\HTTP\IncomingRequest), Object(CodeIgniter\HTTP\Response), Object(CodeIgniter\Log\Logger))
 4 SYSTEMPATH\CodeIgniter.php(498): CodeIgniter\CodeIgniter->createController()
 5 SYSTEMPATH\CodeIgniter.php(354): CodeIgniter\CodeIgniter->handleRequest(null, Object(Config\Cache), false)
 6 SYSTEMPATH\Boot.php(363): CodeIgniter\CodeIgniter->run()
 7 SYSTEMPATH\Boot.php(68): CodeIgniter\Boot::runCodeIgniter(Object(CodeIgniter\CodeIgniter))
 8 FCPATH\index.php(67): CodeIgniter\Boot::bootWeb(Object(Config\Paths))
WARNING - 2026-02-18 04:34:52 --> [DEPRECATED] Creation of dynamic property App\Models\CartModel::$builderCheckoutItems is deprecated in APPPATH\Models\CartModel.php on line 16.
 1 APPPATH\Controllers\BaseController.php(147): App\Models\CartModel->__construct()
 2 APPPATH\Controllers\OrderController.php(18): App\Controllers\BaseController->initController(Object(CodeIgniter\HTTP\IncomingRequest), Object(CodeIgniter\HTTP\Response), Object(CodeIgniter\Log\Logger))
 3 SYSTEMPATH\CodeIgniter.php(904): App\Controllers\OrderController->initController(Object(CodeIgniter\HTTP\IncomingRequest), Object(CodeIgniter\HTTP\Response), Object(CodeIgniter\Log\Logger))
 4 SYSTEMPATH\CodeIgniter.php(498): CodeIgniter\CodeIgniter->createController()
 5 SYSTEMPATH\CodeIgniter.php(354): CodeIgniter\CodeIgniter->handleRequest(null, Object(Config\Cache), false)
 6 SYSTEMPATH\Boot.php(363): CodeIgniter\CodeIgniter->run()
 7 SYSTEMPATH\Boot.php(68): CodeIgniter\Boot::runCodeIgniter(Object(CodeIgniter\CodeIgniter))
 8 FCPATH\index.php(67): CodeIgniter\Boot::bootWeb(Object(Config\Paths))
WARNING - 2026-02-18 04:34:52 --> [DEPRECATED] Creation of dynamic property App\Models\CartModel::$builderPaymentMethods is deprecated in APPPATH\Models\CartModel.php on line 17.
 1 APPPATH\Controllers\BaseController.php(147): App\Models\CartModel->__construct()
 2 APPPATH\Controllers\OrderController.php(18): App\Controllers\BaseController->initController(Object(CodeIgniter\HTTP\IncomingRequest), Object(CodeIgniter\HTTP\Response), Object(CodeIgniter\Log\Logger))
 3 SYSTEMPATH\CodeIgniter.php(904): App\Controllers\OrderController->initController(Object(CodeIgniter\HTTP\IncomingRequest), Object(CodeIgniter\HTTP\Response), Object(CodeIgniter\Log\Logger))
 4 SYSTEMPATH\CodeIgniter.php(498): CodeIgniter\CodeIgniter->createController()
 5 SYSTEMPATH\CodeIgniter.php(354): CodeIgniter\CodeIgniter->handleRequest(null, Object(Config\Cache), false)
 6 SYSTEMPATH\Boot.php(363): CodeIgniter\CodeIgniter->run()
 7 SYSTEMPATH\Boot.php(68): CodeIgniter\Boot::runCodeIgniter(Object(CodeIgniter\CodeIgniter))
 8 FCPATH\index.php(67): CodeIgniter\Boot::bootWeb(Object(Config\Paths))
WARNING - 2026-02-18 04:35:29 --> [DEPRECATED] Creation of dynamic property App\Models\CartModel::$builderCheckouts is deprecated in APPPATH\Models\CartModel.php on line 15.
 1 APPPATH\Controllers\BaseController.php(147): App\Models\CartModel->__construct()
 2 APPPATH\Controllers\OrderController.php(18): App\Controllers\BaseController->initController(Object(CodeIgniter\HTTP\IncomingRequest), Object(CodeIgniter\HTTP\Response), Object(CodeIgniter\Log\Logger))
 3 SYSTEMPATH\CodeIgniter.php(904): App\Controllers\OrderController->initController(Object(CodeIgniter\HTTP\IncomingRequest), Object(CodeIgniter\HTTP\Response), Object(CodeIgniter\Log\Logger))
 4 SYSTEMPATH\CodeIgniter.php(498): CodeIgniter\CodeIgniter->createController()
 5 SYSTEMPATH\CodeIgniter.php(354): CodeIgniter\CodeIgniter->handleRequest(null, Object(Config\Cache), false)
 6 SYSTEMPATH\Boot.php(363): CodeIgniter\CodeIgniter->run()
 7 SYSTEMPATH\Boot.php(68): CodeIgniter\Boot::runCodeIgniter(Object(CodeIgniter\CodeIgniter))
 8 FCPATH\index.php(67): CodeIgniter\Boot::bootWeb(Object(Config\Paths))
WARNING - 2026-02-18 04:35:29 --> [DEPRECATED] Creation of dynamic property App\Models\CartModel::$builderCheckoutItems is deprecated in APPPATH\Models\CartModel.php on line 16.
 1 APPPATH\Controllers\BaseController.php(147): App\Models\CartModel->__construct()
 2 APPPATH\Controllers\OrderController.php(18): App\Controllers\BaseController->initController(Object(CodeIgniter\HTTP\IncomingRequest), Object(CodeIgniter\HTTP\Response), Object(CodeIgniter\Log\Logger))
 3 SYSTEMPATH\CodeIgniter.php(904): App\Controllers\OrderController->initController(Object(CodeIgniter\HTTP\IncomingRequest), Object(CodeIgniter\HTTP\Response), Object(CodeIgniter\Log\Logger))
 4 SYSTEMPATH\CodeIgniter.php(498): CodeIgniter\CodeIgniter->createController()
 5 SYSTEMPATH\CodeIgniter.php(354): CodeIgniter\CodeIgniter->handleRequest(null, Object(Config\Cache), false)
 6 SYSTEMPATH\Boot.php(363): CodeIgniter\CodeIgniter->run()
 7 SYSTEMPATH\Boot.php(68): CodeIgniter\Boot::runCodeIgniter(Object(CodeIgniter\CodeIgniter))
 8 FCPATH\index.php(67): CodeIgniter\Boot::bootWeb(Object(Config\Paths))
WARNING - 2026-02-18 04:35:29 --> [DEPRECATED] Creation of dynamic property App\Models\CartModel::$builderPaymentMethods is deprecated in APPPATH\Models\CartModel.php on line 17.
 1 APPPATH\Controllers\BaseController.php(147): App\Models\CartModel->__construct()
 2 APPPATH\Controllers\OrderController.php(18): App\Controllers\BaseController->initController(Object(CodeIgniter\HTTP\IncomingRequest), Object(CodeIgniter\HTTP\Response), Object(CodeIgniter\Log\Logger))
 3 SYSTEMPATH\CodeIgniter.php(904): App\Controllers\OrderController->initController(Object(CodeIgniter\HTTP\IncomingRequest), Object(CodeIgniter\HTTP\Response), Object(CodeIgniter\Log\Logger))
 4 SYSTEMPATH\CodeIgniter.php(498): CodeIgniter\CodeIgniter->createController()
 5 SYSTEMPATH\CodeIgniter.php(354): CodeIgniter\CodeIgniter->handleRequest(null, Object(Config\Cache), false)
 6 SYSTEMPATH\Boot.php(363): CodeIgniter\CodeIgniter->run()
 7 SYSTEMPATH\Boot.php(68): CodeIgniter\Boot::runCodeIgniter(Object(CodeIgniter\CodeIgniter))
 8 FCPATH\index.php(67): CodeIgniter\Boot::bootWeb(Object(Config\Paths))
CRITICAL - 2026-02-18 04:35:29 --> ErrorException: Undefined array key "order"
[Method: GET, Route: order-details/9223372036854775807]
in APPPATH\Controllers\OrderController.php on line 60.
 1 APPPATH\Controllers\OrderController.php(60): CodeIgniter\Debug\Exceptions->errorHandler(2, 'Undefined array key "order"', 'C:\\xampp\\htdocs\\marketplace\\app\\Controllers\\OrderController.php', 60)
 2 SYSTEMPATH\CodeIgniter.php(933): App\Controllers\OrderController->order('9223372036854775807')
 3 SYSTEMPATH\CodeIgniter.php(507): CodeIgniter\CodeIgniter->runController(Object(App\Controllers\OrderController))
 4 SYSTEMPATH\CodeIgniter.php(354): CodeIgniter\CodeIgniter->handleRequest(null, Object(Config\Cache), false)
 5 SYSTEMPATH\Boot.php(363): CodeIgniter\CodeIgniter->run()
 6 SYSTEMPATH\Boot.php(68): CodeIgniter\Boot::runCodeIgniter(Object(CodeIgniter\CodeIgniter))
 7 FCPATH\index.php(67): CodeIgniter\Boot::bootWeb(Object(Config\Paths))
WARNING - 2026-02-18 04:36:08 --> [DEPRECATED] Creation of dynamic property App\Models\CartModel::$builderCheckouts is deprecated in APPPATH\Models\CartModel.php on line 15.
 1 APPPATH\Controllers\BaseController.php(147): App\Models\CartModel->__construct()
 2 APPPATH\Controllers\OrderController.php(18): App\Controllers\BaseController->initController(Object(CodeIgniter\HTTP\IncomingRequest), Object(CodeIgniter\HTTP\Response), Object(CodeIgniter\Log\Logger))
 3 SYSTEMPATH\CodeIgniter.php(904): App\Controllers\OrderController->initController(Object(CodeIgniter\HTTP\IncomingRequest), Object(CodeIgniter\HTTP\Response), Object(CodeIgniter\Log\Logger))
 4 SYSTEMPATH\CodeIgniter.php(498): CodeIgniter\CodeIgniter->createController()
 5 SYSTEMPATH\CodeIgniter.php(354): CodeIgniter\CodeIgniter->handleRequest(null, Object(Config\Cache), false)
 6 SYSTEMPATH\Boot.php(363): CodeIgniter\CodeIgniter->run()
 7 SYSTEMPATH\Boot.php(68): CodeIgniter\Boot::runCodeIgniter(Object(CodeIgniter\CodeIgniter))
 8 FCPATH\index.php(67): CodeIgniter\Boot::bootWeb(Object(Config\Paths))
WARNING - 2026-02-18 04:36:08 --> [DEPRECATED] Creation of dynamic property App\Models\CartModel::$builderCheckoutItems is deprecated in APPPATH\Models\CartModel.php on line 16.
 1 APPPATH\Controllers\BaseController.php(147): App\Models\CartModel->__construct()
 2 APPPATH\Controllers\OrderController.php(18): App\Controllers\BaseController->initController(Object(CodeIgniter\HTTP\IncomingRequest), Object(CodeIgniter\HTTP\Response), Object(CodeIgniter\Log\Logger))
 3 SYSTEMPATH\CodeIgniter.php(904): App\Controllers\OrderController->initController(Object(CodeIgniter\HTTP\IncomingRequest), Object(CodeIgniter\HTTP\Response), Object(CodeIgniter\Log\Logger))
 4 SYSTEMPATH\CodeIgniter.php(498): CodeIgniter\CodeIgniter->createController()
 5 SYSTEMPATH\CodeIgniter.php(354): CodeIgniter\CodeIgniter->handleRequest(null, Object(Config\Cache), false)
 6 SYSTEMPATH\Boot.php(363): CodeIgniter\CodeIgniter->run()
 7 SYSTEMPATH\Boot.php(68): CodeIgniter\Boot::runCodeIgniter(Object(CodeIgniter\CodeIgniter))
 8 FCPATH\index.php(67): CodeIgniter\Boot::bootWeb(Object(Config\Paths))
WARNING - 2026-02-18 04:36:08 --> [DEPRECATED] Creation of dynamic property App\Models\CartModel::$builderPaymentMethods is deprecated in APPPATH\Models\CartModel.php on line 17.
 1 APPPATH\Controllers\BaseController.php(147): App\Models\CartModel->__construct()
 2 APPPATH\Controllers\OrderController.php(18): App\Controllers\BaseController->initController(Object(CodeIgniter\HTTP\IncomingRequest), Object(CodeIgniter\HTTP\Response), Object(CodeIgniter\Log\Logger))
 3 SYSTEMPATH\CodeIgniter.php(904): App\Controllers\OrderController->initController(Object(CodeIgniter\HTTP\IncomingRequest), Object(CodeIgniter\HTTP\Response), Object(CodeIgniter\Log\Logger))
 4 SYSTEMPATH\CodeIgniter.php(498): CodeIgniter\CodeIgniter->createController()
 5 SYSTEMPATH\CodeIgniter.php(354): CodeIgniter\CodeIgniter->handleRequest(null, Object(Config\Cache), false)
 6 SYSTEMPATH\Boot.php(363): CodeIgniter\CodeIgniter->run()
 7 SYSTEMPATH\Boot.php(68): CodeIgniter\Boot::runCodeIgniter(Object(CodeIgniter\CodeIgniter))
 8 FCPATH\index.php(67): CodeIgniter\Boot::bootWeb(Object(Config\Paths))
CRITICAL - 2026-02-18 04:36:08 --> ErrorException: Undefined variable $data
[Method: GET, Route: order-details/9223372036854775807]
in APPPATH\Controllers\OrderController.php on line 53.
 1 APPPATH\Controllers\OrderController.php(53): CodeIgniter\Debug\Exceptions->errorHandler(2, 'Undefined variable $data', 'C:\\xampp\\htdocs\\marketplace\\app\\Controllers\\OrderController.php', 53)
 2 SYSTEMPATH\CodeIgniter.php(933): App\Controllers\OrderController->order('9223372036854775807')
 3 SYSTEMPATH\CodeIgniter.php(507): CodeIgniter\CodeIgniter->runController(Object(App\Controllers\OrderController))
 4 SYSTEMPATH\CodeIgniter.php(354): CodeIgniter\CodeIgniter->handleRequest(null, Object(Config\Cache), false)
 5 SYSTEMPATH\Boot.php(363): CodeIgniter\CodeIgniter->run()
 6 SYSTEMPATH\Boot.php(68): CodeIgniter\Boot::runCodeIgniter(Object(CodeIgniter\CodeIgniter))
 7 FCPATH\index.php(67): CodeIgniter\Boot::bootWeb(Object(Config\Paths))
WARNING - 2026-02-18 04:36:38 --> [DEPRECATED] Creation of dynamic property App\Models\CartModel::$builderCheckouts is deprecated in APPPATH\Models\CartModel.php on line 15.
 1 APPPATH\Controllers\BaseController.php(147): App\Models\CartModel->__construct()
 2 APPPATH\Controllers\OrderController.php(18): App\Controllers\BaseController->initController(Object(CodeIgniter\HTTP\IncomingRequest), Object(CodeIgniter\HTTP\Response), Object(CodeIgniter\Log\Logger))
 3 SYSTEMPATH\CodeIgniter.php(904): App\Controllers\OrderController->initController(Object(CodeIgniter\HTTP\IncomingRequest), Object(CodeIgniter\HTTP\Response), Object(CodeIgniter\Log\Logger))
 4 SYSTEMPATH\CodeIgniter.php(498): CodeIgniter\CodeIgniter->createController()
 5 SYSTEMPATH\CodeIgniter.php(354): CodeIgniter\CodeIgniter->handleRequest(null, Object(Config\Cache), false)
 6 SYSTEMPATH\Boot.php(363): CodeIgniter\CodeIgniter->run()
 7 SYSTEMPATH\Boot.php(68): CodeIgniter\Boot::runCodeIgniter(Object(CodeIgniter\CodeIgniter))
 8 FCPATH\index.php(67): CodeIgniter\Boot::bootWeb(Object(Config\Paths))
WARNING - 2026-02-18 04:36:38 --> [DEPRECATED] Creation of dynamic property App\Models\CartModel::$builderCheckoutItems is deprecated in APPPATH\Models\CartModel.php on line 16.
 1 APPPATH\Controllers\BaseController.php(147): App\Models\CartModel->__construct()
 2 APPPATH\Controllers\OrderController.php(18): App\Controllers\BaseController->initController(Object(CodeIgniter\HTTP\IncomingRequest), Object(CodeIgniter\HTTP\Response), Object(CodeIgniter\Log\Logger))
 3 SYSTEMPATH\CodeIgniter.php(904): App\Controllers\OrderController->initController(Object(CodeIgniter\HTTP\IncomingRequest), Object(CodeIgniter\HTTP\Response), Object(CodeIgniter\Log\Logger))
 4 SYSTEMPATH\CodeIgniter.php(498): CodeIgniter\CodeIgniter->createController()
 5 SYSTEMPATH\CodeIgniter.php(354): CodeIgniter\CodeIgniter->handleRequest(null, Object(Config\Cache), false)
 6 SYSTEMPATH\Boot.php(363): CodeIgniter\CodeIgniter->run()
 7 SYSTEMPATH\Boot.php(68): CodeIgniter\Boot::runCodeIgniter(Object(CodeIgniter\CodeIgniter))
 8 FCPATH\index.php(67): CodeIgniter\Boot::bootWeb(Object(Config\Paths))
WARNING - 2026-02-18 04:36:38 --> [DEPRECATED] Creation of dynamic property App\Models\CartModel::$builderPaymentMethods is deprecated in APPPATH\Models\CartModel.php on line 17.
 1 APPPATH\Controllers\BaseController.php(147): App\Models\CartModel->__construct()
 2 APPPATH\Controllers\OrderController.php(18): App\Controllers\BaseController->initController(Object(CodeIgniter\HTTP\IncomingRequest), Object(CodeIgniter\HTTP\Response), Object(CodeIgniter\Log\Logger))
 3 SYSTEMPATH\CodeIgniter.php(904): App\Controllers\OrderController->initController(Object(CodeIgniter\HTTP\IncomingRequest), Object(CodeIgniter\HTTP\Response), Object(CodeIgniter\Log\Logger))
 4 SYSTEMPATH\CodeIgniter.php(498): CodeIgniter\CodeIgniter->createController()
 5 SYSTEMPATH\CodeIgniter.php(354): CodeIgniter\CodeIgniter->handleRequest(null, Object(Config\Cache), false)
 6 SYSTEMPATH\Boot.php(363): CodeIgniter\CodeIgniter->run()
 7 SYSTEMPATH\Boot.php(68): CodeIgniter\Boot::runCodeIgniter(Object(CodeIgniter\CodeIgniter))
 8 FCPATH\index.php(67): CodeIgniter\Boot::bootWeb(Object(Config\Paths))
WARNING - 2026-02-18 04:36:39 --> [DEPRECATED] Creation of dynamic property App\Models\CartModel::$builderCheckouts is deprecated in APPPATH\Models\CartModel.php on line 15.
 1 APPPATH\Controllers\BaseController.php(147): App\Models\CartModel->__construct()
 2 APPPATH\Controllers\AjaxController.php(20): App\Controllers\BaseController->initController(Object(CodeIgniter\HTTP\IncomingRequest), Object(CodeIgniter\HTTP\Response), Object(CodeIgniter\Log\Logger))
 3 SYSTEMPATH\CodeIgniter.php(904): App\Controllers\AjaxController->initController(Object(CodeIgniter\HTTP\IncomingRequest), Object(CodeIgniter\HTTP\Response), Object(CodeIgniter\Log\Logger))
 4 SYSTEMPATH\CodeIgniter.php(498): CodeIgniter\CodeIgniter->createController()
 5 SYSTEMPATH\CodeIgniter.php(354): CodeIgniter\CodeIgniter->handleRequest(null, Object(Config\Cache), false)
 6 SYSTEMPATH\Boot.php(363): CodeIgniter\CodeIgniter->run()
 7 SYSTEMPATH\Boot.php(68): CodeIgniter\Boot::runCodeIgniter(Object(CodeIgniter\CodeIgniter))
 8 FCPATH\index.php(67): CodeIgniter\Boot::bootWeb(Object(Config\Paths))
WARNING - 2026-02-18 04:36:39 --> [DEPRECATED] Creation of dynamic property App\Models\CartModel::$builderCheckoutItems is deprecated in APPPATH\Models\CartModel.php on line 16.
 1 APPPATH\Controllers\BaseController.php(147): App\Models\CartModel->__construct()
 2 APPPATH\Controllers\AjaxController.php(20): App\Controllers\BaseController->initController(Object(CodeIgniter\HTTP\IncomingRequest), Object(CodeIgniter\HTTP\Response), Object(CodeIgniter\Log\Logger))
 3 SYSTEMPATH\CodeIgniter.php(904): App\Controllers\AjaxController->initController(Object(CodeIgniter\HTTP\IncomingRequest), Object(CodeIgniter\HTTP\Response), Object(CodeIgniter\Log\Logger))
 4 SYSTEMPATH\CodeIgniter.php(498): CodeIgniter\CodeIgniter->createController()
 5 SYSTEMPATH\CodeIgniter.php(354): CodeIgniter\CodeIgniter->handleRequest(null, Object(Config\Cache), false)
 6 SYSTEMPATH\Boot.php(363): CodeIgniter\CodeIgniter->run()
 7 SYSTEMPATH\Boot.php(68): CodeIgniter\Boot::runCodeIgniter(Object(CodeIgniter\CodeIgniter))
 8 FCPATH\index.php(67): CodeIgniter\Boot::bootWeb(Object(Config\Paths))
WARNING - 2026-02-18 04:36:39 --> [DEPRECATED] Creation of dynamic property App\Models\CartModel::$builderPaymentMethods is deprecated in APPPATH\Models\CartModel.php on line 17.
 1 APPPATH\Controllers\BaseController.php(147): App\Models\CartModel->__construct()
 2 APPPATH\Controllers\AjaxController.php(20): App\Controllers\BaseController->initController(Object(CodeIgniter\HTTP\IncomingRequest), Object(CodeIgniter\HTTP\Response), Object(CodeIgniter\Log\Logger))
 3 SYSTEMPATH\CodeIgniter.php(904): App\Controllers\AjaxController->initController(Object(CodeIgniter\HTTP\IncomingRequest), Object(CodeIgniter\HTTP\Response), Object(CodeIgniter\Log\Logger))
 4 SYSTEMPATH\CodeIgniter.php(498): CodeIgniter\CodeIgniter->createController()
 5 SYSTEMPATH\CodeIgniter.php(354): CodeIgniter\CodeIgniter->handleRequest(null, Object(Config\Cache), false)
 6 SYSTEMPATH\Boot.php(363): CodeIgniter\CodeIgniter->run()
 7 SYSTEMPATH\Boot.php(68): CodeIgniter\Boot::runCodeIgniter(Object(CodeIgniter\CodeIgniter))
 8 FCPATH\index.php(67): CodeIgniter\Boot::bootWeb(Object(Config\Paths))
WARNING - 2026-02-18 04:43:06 --> [DEPRECATED] Creation of dynamic property App\Models\CartModel::$builderCheckouts is deprecated in APPPATH\Models\CartModel.php on line 15.
 1 APPPATH\Controllers\BaseController.php(147): App\Models\CartModel->__construct()
 2 APPPATH\Controllers\OrderController.php(18): App\Controllers\BaseController->initController(Object(CodeIgniter\HTTP\IncomingRequest), Object(CodeIgniter\HTTP\Response), Object(CodeIgniter\Log\Logger))
 3 SYSTEMPATH\CodeIgniter.php(904): App\Controllers\OrderController->initController(Object(CodeIgniter\HTTP\IncomingRequest), Object(CodeIgniter\HTTP\Response), Object(CodeIgniter\Log\Logger))
 4 SYSTEMPATH\CodeIgniter.php(498): CodeIgniter\CodeIgniter->createController()
 5 SYSTEMPATH\CodeIgniter.php(354): CodeIgniter\CodeIgniter->handleRequest(null, Object(Config\Cache), false)
 6 SYSTEMPATH\Boot.php(363): CodeIgniter\CodeIgniter->run()
 7 SYSTEMPATH\Boot.php(68): CodeIgniter\Boot::runCodeIgniter(Object(CodeIgniter\CodeIgniter))
 8 FCPATH\index.php(67): CodeIgniter\Boot::bootWeb(Object(Config\Paths))
WARNING - 2026-02-18 04:43:06 --> [DEPRECATED] Creation of dynamic property App\Models\CartModel::$builderCheckoutItems is deprecated in APPPATH\Models\CartModel.php on line 16.
 1 APPPATH\Controllers\BaseController.php(147): App\Models\CartModel->__construct()
 2 APPPATH\Controllers\OrderController.php(18): App\Controllers\BaseController->initController(Object(CodeIgniter\HTTP\IncomingRequest), Object(CodeIgniter\HTTP\Response), Object(CodeIgniter\Log\Logger))
 3 SYSTEMPATH\CodeIgniter.php(904): App\Controllers\OrderController->initController(Object(CodeIgniter\HTTP\IncomingRequest), Object(CodeIgniter\HTTP\Response), Object(CodeIgniter\Log\Logger))
 4 SYSTEMPATH\CodeIgniter.php(498): CodeIgniter\CodeIgniter->createController()
 5 SYSTEMPATH\CodeIgniter.php(354): CodeIgniter\CodeIgniter->handleRequest(null, Object(Config\Cache), false)
 6 SYSTEMPATH\Boot.php(363): CodeIgniter\CodeIgniter->run()
 7 SYSTEMPATH\Boot.php(68): CodeIgniter\Boot::runCodeIgniter(Object(CodeIgniter\CodeIgniter))
 8 FCPATH\index.php(67): CodeIgniter\Boot::bootWeb(Object(Config\Paths))
WARNING - 2026-02-18 04:43:06 --> [DEPRECATED] Creation of dynamic property App\Models\CartModel::$builderPaymentMethods is deprecated in APPPATH\Models\CartModel.php on line 17.
 1 APPPATH\Controllers\BaseController.php(147): App\Models\CartModel->__construct()
 2 APPPATH\Controllers\OrderController.php(18): App\Controllers\BaseController->initController(Object(CodeIgniter\HTTP\IncomingRequest), Object(CodeIgniter\HTTP\Response), Object(CodeIgniter\Log\Logger))
 3 SYSTEMPATH\CodeIgniter.php(904): App\Controllers\OrderController->initController(Object(CodeIgniter\HTTP\IncomingRequest), Object(CodeIgniter\HTTP\Response), Object(CodeIgniter\Log\Logger))
 4 SYSTEMPATH\CodeIgniter.php(498): CodeIgniter\CodeIgniter->createController()
 5 SYSTEMPATH\CodeIgniter.php(354): CodeIgniter\CodeIgniter->handleRequest(null, Object(Config\Cache), false)
 6 SYSTEMPATH\Boot.php(363): CodeIgniter\CodeIgniter->run()
 7 SYSTEMPATH\Boot.php(68): CodeIgniter\Boot::runCodeIgniter(Object(CodeIgniter\CodeIgniter))
 8 FCPATH\index.php(67): CodeIgniter\Boot::bootWeb(Object(Config\Paths))
WARNING - 2026-02-18 04:43:06 --> [DEPRECATED] Creation of dynamic property App\Models\CartModel::$builderCheckouts is deprecated in APPPATH\Models\CartModel.php on line 15.
 1 APPPATH\Controllers\BaseController.php(147): App\Models\CartModel->__construct()
 2 APPPATH\Controllers\AjaxController.php(20): App\Controllers\BaseController->initController(Object(CodeIgniter\HTTP\IncomingRequest), Object(CodeIgniter\HTTP\Response), Object(CodeIgniter\Log\Logger))
 3 SYSTEMPATH\CodeIgniter.php(904): App\Controllers\AjaxController->initController(Object(CodeIgniter\HTTP\IncomingRequest), Object(CodeIgniter\HTTP\Response), Object(CodeIgniter\Log\Logger))
 4 SYSTEMPATH\CodeIgniter.php(498): CodeIgniter\CodeIgniter->createController()
 5 SYSTEMPATH\CodeIgniter.php(354): CodeIgniter\CodeIgniter->handleRequest(null, Object(Config\Cache), false)
 6 SYSTEMPATH\Boot.php(363): CodeIgniter\CodeIgniter->run()
 7 SYSTEMPATH\Boot.php(68): CodeIgniter\Boot::runCodeIgniter(Object(CodeIgniter\CodeIgniter))
 8 FCPATH\index.php(67): CodeIgniter\Boot::bootWeb(Object(Config\Paths))
WARNING - 2026-02-18 04:43:06 --> [DEPRECATED] Creation of dynamic property App\Models\CartModel::$builderCheckoutItems is deprecated in APPPATH\Models\CartModel.php on line 16.
 1 APPPATH\Controllers\BaseController.php(147): App\Models\CartModel->__construct()
 2 APPPATH\Controllers\AjaxController.php(20): App\Controllers\BaseController->initController(Object(CodeIgniter\HTTP\IncomingRequest), Object(CodeIgniter\HTTP\Response), Object(CodeIgniter\Log\Logger))
 3 SYSTEMPATH\CodeIgniter.php(904): App\Controllers\AjaxController->initController(Object(CodeIgniter\HTTP\IncomingRequest), Object(CodeIgniter\HTTP\Response), Object(CodeIgniter\Log\Logger))
 4 SYSTEMPATH\CodeIgniter.php(498): CodeIgniter\CodeIgniter->createController()
 5 SYSTEMPATH\CodeIgniter.php(354): CodeIgniter\CodeIgniter->handleRequest(null, Object(Config\Cache), false)
 6 SYSTEMPATH\Boot.php(363): CodeIgniter\CodeIgniter->run()
 7 SYSTEMPATH\Boot.php(68): CodeIgniter\Boot::runCodeIgniter(Object(CodeIgniter\CodeIgniter))
 8 FCPATH\index.php(67): CodeIgniter\Boot::bootWeb(Object(Config\Paths))
WARNING - 2026-02-18 04:43:06 --> [DEPRECATED] Creation of dynamic property App\Models\CartModel::$builderPaymentMethods is deprecated in APPPATH\Models\CartModel.php on line 17.
 1 APPPATH\Controllers\BaseController.php(147): App\Models\CartModel->__construct()
 2 APPPATH\Controllers\AjaxController.php(20): App\Controllers\BaseController->initController(Object(CodeIgniter\HTTP\IncomingRequest), Object(CodeIgniter\HTTP\Response), Object(CodeIgniter\Log\Logger))
 3 SYSTEMPATH\CodeIgniter.php(904): App\Controllers\AjaxController->initController(Object(CodeIgniter\HTTP\IncomingRequest), Object(CodeIgniter\HTTP\Response), Object(CodeIgniter\Log\Logger))
 4 SYSTEMPATH\CodeIgniter.php(498): CodeIgniter\CodeIgniter->createController()
 5 SYSTEMPATH\CodeIgniter.php(354): CodeIgniter\CodeIgniter->handleRequest(null, Object(Config\Cache), false)
 6 SYSTEMPATH\Boot.php(363): CodeIgniter\CodeIgniter->run()
 7 SYSTEMPATH\Boot.php(68): CodeIgniter\Boot::runCodeIgniter(Object(CodeIgniter\CodeIgniter))
 8 FCPATH\index.php(67): CodeIgniter\Boot::bootWeb(Object(Config\Paths))
WARNING - 2026-02-18 04:43:08 --> [DEPRECATED] Creation of dynamic property App\Models\CartModel::$builderCheckouts is deprecated in APPPATH\Models\CartModel.php on line 15.
 1 APPPATH\Controllers\BaseController.php(147): App\Models\CartModel->__construct()
 2 APPPATH\Controllers\OrderController.php(18): App\Controllers\BaseController->initController(Object(CodeIgniter\HTTP\IncomingRequest), Object(CodeIgniter\HTTP\Response), Object(CodeIgniter\Log\Logger))
 3 SYSTEMPATH\CodeIgniter.php(904): App\Controllers\OrderController->initController(Object(CodeIgniter\HTTP\IncomingRequest), Object(CodeIgniter\HTTP\Response), Object(CodeIgniter\Log\Logger))
 4 SYSTEMPATH\CodeIgniter.php(498): CodeIgniter\CodeIgniter->createController()
 5 SYSTEMPATH\CodeIgniter.php(354): CodeIgniter\CodeIgniter->handleRequest(null, Object(Config\Cache), false)
 6 SYSTEMPATH\Boot.php(363): CodeIgniter\CodeIgniter->run()
 7 SYSTEMPATH\Boot.php(68): CodeIgniter\Boot::runCodeIgniter(Object(CodeIgniter\CodeIgniter))
 8 FCPATH\index.php(67): CodeIgniter\Boot::bootWeb(Object(Config\Paths))
WARNING - 2026-02-18 04:43:08 --> [DEPRECATED] Creation of dynamic property App\Models\CartModel::$builderCheckoutItems is deprecated in APPPATH\Models\CartModel.php on line 16.
 1 APPPATH\Controllers\BaseController.php(147): App\Models\CartModel->__construct()
 2 APPPATH\Controllers\OrderController.php(18): App\Controllers\BaseController->initController(Object(CodeIgniter\HTTP\IncomingRequest), Object(CodeIgniter\HTTP\Response), Object(CodeIgniter\Log\Logger))
 3 SYSTEMPATH\CodeIgniter.php(904): App\Controllers\OrderController->initController(Object(CodeIgniter\HTTP\IncomingRequest), Object(CodeIgniter\HTTP\Response), Object(CodeIgniter\Log\Logger))
 4 SYSTEMPATH\CodeIgniter.php(498): CodeIgniter\CodeIgniter->createController()
 5 SYSTEMPATH\CodeIgniter.php(354): CodeIgniter\CodeIgniter->handleRequest(null, Object(Config\Cache), false)
 6 SYSTEMPATH\Boot.php(363): CodeIgniter\CodeIgniter->run()
 7 SYSTEMPATH\Boot.php(68): CodeIgniter\Boot::runCodeIgniter(Object(CodeIgniter\CodeIgniter))
 8 FCPATH\index.php(67): CodeIgniter\Boot::bootWeb(Object(Config\Paths))
WARNING - 2026-02-18 04:43:08 --> [DEPRECATED] Creation of dynamic property App\Models\CartModel::$builderPaymentMethods is deprecated in APPPATH\Models\CartModel.php on line 17.
 1 APPPATH\Controllers\BaseController.php(147): App\Models\CartModel->__construct()
 2 APPPATH\Controllers\OrderController.php(18): App\Controllers\BaseController->initController(Object(CodeIgniter\HTTP\IncomingRequest), Object(CodeIgniter\HTTP\Response), Object(CodeIgniter\Log\Logger))
 3 SYSTEMPATH\CodeIgniter.php(904): App\Controllers\OrderController->initController(Object(CodeIgniter\HTTP\IncomingRequest), Object(CodeIgniter\HTTP\Response), Object(CodeIgniter\Log\Logger))
 4 SYSTEMPATH\CodeIgniter.php(498): CodeIgniter\CodeIgniter->createController()
 5 SYSTEMPATH\CodeIgniter.php(354): CodeIgniter\CodeIgniter->handleRequest(null, Object(Config\Cache), false)
 6 SYSTEMPATH\Boot.php(363): CodeIgniter\CodeIgniter->run()
 7 SYSTEMPATH\Boot.php(68): CodeIgniter\Boot::runCodeIgniter(Object(CodeIgniter\CodeIgniter))
 8 FCPATH\index.php(67): CodeIgniter\Boot::bootWeb(Object(Config\Paths))
WARNING - 2026-02-18 04:43:08 --> [DEPRECATED] Creation of dynamic property App\Models\CartModel::$builderCheckouts is deprecated in APPPATH\Models\CartModel.php on line 15.
 1 APPPATH\Controllers\BaseController.php(147): App\Models\CartModel->__construct()
 2 APPPATH\Controllers\AjaxController.php(20): App\Controllers\BaseController->initController(Object(CodeIgniter\HTTP\IncomingRequest), Object(CodeIgniter\HTTP\Response), Object(CodeIgniter\Log\Logger))
 3 SYSTEMPATH\CodeIgniter.php(904): App\Controllers\AjaxController->initController(Object(CodeIgniter\HTTP\IncomingRequest), Object(CodeIgniter\HTTP\Response), Object(CodeIgniter\Log\Logger))
 4 SYSTEMPATH\CodeIgniter.php(498): CodeIgniter\CodeIgniter->createController()
 5 SYSTEMPATH\CodeIgniter.php(354): CodeIgniter\CodeIgniter->handleRequest(null, Object(Config\Cache), false)
 6 SYSTEMPATH\Boot.php(363): CodeIgniter\CodeIgniter->run()
 7 SYSTEMPATH\Boot.php(68): CodeIgniter\Boot::runCodeIgniter(Object(CodeIgniter\CodeIgniter))
 8 FCPATH\index.php(67): CodeIgniter\Boot::bootWeb(Object(Config\Paths))
WARNING - 2026-02-18 04:43:08 --> [DEPRECATED] Creation of dynamic property App\Models\CartModel::$builderCheckoutItems is deprecated in APPPATH\Models\CartModel.php on line 16.
 1 APPPATH\Controllers\BaseController.php(147): App\Models\CartModel->__construct()
 2 APPPATH\Controllers\AjaxController.php(20): App\Controllers\BaseController->initController(Object(CodeIgniter\HTTP\IncomingRequest), Object(CodeIgniter\HTTP\Response), Object(CodeIgniter\Log\Logger))
 3 SYSTEMPATH\CodeIgniter.php(904): App\Controllers\AjaxController->initController(Object(CodeIgniter\HTTP\IncomingRequest), Object(CodeIgniter\HTTP\Response), Object(CodeIgniter\Log\Logger))
 4 SYSTEMPATH\CodeIgniter.php(498): CodeIgniter\CodeIgniter->createController()
 5 SYSTEMPATH\CodeIgniter.php(354): CodeIgniter\CodeIgniter->handleRequest(null, Object(Config\Cache), false)
 6 SYSTEMPATH\Boot.php(363): CodeIgniter\CodeIgniter->run()
 7 SYSTEMPATH\Boot.php(68): CodeIgniter\Boot::runCodeIgniter(Object(CodeIgniter\CodeIgniter))
 8 FCPATH\index.php(67): CodeIgniter\Boot::bootWeb(Object(Config\Paths))
WARNING - 2026-02-18 04:43:08 --> [DEPRECATED] Creation of dynamic property App\Models\CartModel::$builderPaymentMethods is deprecated in APPPATH\Models\CartModel.php on line 17.
 1 APPPATH\Controllers\BaseController.php(147): App\Models\CartModel->__construct()
 2 APPPATH\Controllers\AjaxController.php(20): App\Controllers\BaseController->initController(Object(CodeIgniter\HTTP\IncomingRequest), Object(CodeIgniter\HTTP\Response), Object(CodeIgniter\Log\Logger))
 3 SYSTEMPATH\CodeIgniter.php(904): App\Controllers\AjaxController->initController(Object(CodeIgniter\HTTP\IncomingRequest), Object(CodeIgniter\HTTP\Response), Object(CodeIgniter\Log\Logger))
 4 SYSTEMPATH\CodeIgniter.php(498): CodeIgniter\CodeIgniter->createController()
 5 SYSTEMPATH\CodeIgniter.php(354): CodeIgniter\CodeIgniter->handleRequest(null, Object(Config\Cache), false)
 6 SYSTEMPATH\Boot.php(363): CodeIgniter\CodeIgniter->run()
 7 SYSTEMPATH\Boot.php(68): CodeIgniter\Boot::runCodeIgniter(Object(CodeIgniter\CodeIgniter))
 8 FCPATH\index.php(67): CodeIgniter\Boot::bootWeb(Object(Config\Paths))
WARNING - 2026-02-18 04:43:47 --> [DEPRECATED] Creation of dynamic property App\Models\CartModel::$builderCheckouts is deprecated in APPPATH\Models\CartModel.php on line 15.
 1 APPPATH\Controllers\BaseController.php(147): App\Models\CartModel->__construct()
 2 APPPATH\Controllers\OrderController.php(18): App\Controllers\BaseController->initController(Object(CodeIgniter\HTTP\IncomingRequest), Object(CodeIgniter\HTTP\Response), Object(CodeIgniter\Log\Logger))
 3 SYSTEMPATH\CodeIgniter.php(904): App\Controllers\OrderController->initController(Object(CodeIgniter\HTTP\IncomingRequest), Object(CodeIgniter\HTTP\Response), Object(CodeIgniter\Log\Logger))
 4 SYSTEMPATH\CodeIgniter.php(498): CodeIgniter\CodeIgniter->createController()
 5 SYSTEMPATH\CodeIgniter.php(354): CodeIgniter\CodeIgniter->handleRequest(null, Object(Config\Cache), false)
 6 SYSTEMPATH\Boot.php(363): CodeIgniter\CodeIgniter->run()
 7 SYSTEMPATH\Boot.php(68): CodeIgniter\Boot::runCodeIgniter(Object(CodeIgniter\CodeIgniter))
 8 FCPATH\index.php(67): CodeIgniter\Boot::bootWeb(Object(Config\Paths))
WARNING - 2026-02-18 04:43:47 --> [DEPRECATED] Creation of dynamic property App\Models\CartModel::$builderCheckoutItems is deprecated in APPPATH\Models\CartModel.php on line 16.
 1 APPPATH\Controllers\BaseController.php(147): App\Models\CartModel->__construct()
 2 APPPATH\Controllers\OrderController.php(18): App\Controllers\BaseController->initController(Object(CodeIgniter\HTTP\IncomingRequest), Object(CodeIgniter\HTTP\Response), Object(CodeIgniter\Log\Logger))
 3 SYSTEMPATH\CodeIgniter.php(904): App\Controllers\OrderController->initController(Object(CodeIgniter\HTTP\IncomingRequest), Object(CodeIgniter\HTTP\Response), Object(CodeIgniter\Log\Logger))
 4 SYSTEMPATH\CodeIgniter.php(498): CodeIgniter\CodeIgniter->createController()
 5 SYSTEMPATH\CodeIgniter.php(354): CodeIgniter\CodeIgniter->handleRequest(null, Object(Config\Cache), false)
 6 SYSTEMPATH\Boot.php(363): CodeIgniter\CodeIgniter->run()
 7 SYSTEMPATH\Boot.php(68): CodeIgniter\Boot::runCodeIgniter(Object(CodeIgniter\CodeIgniter))
 8 FCPATH\index.php(67): CodeIgniter\Boot::bootWeb(Object(Config\Paths))
WARNING - 2026-02-18 04:43:47 --> [DEPRECATED] Creation of dynamic property App\Models\CartModel::$builderPaymentMethods is deprecated in APPPATH\Models\CartModel.php on line 17.
 1 APPPATH\Controllers\BaseController.php(147): App\Models\CartModel->__construct()
 2 APPPATH\Controllers\OrderController.php(18): App\Controllers\BaseController->initController(Object(CodeIgniter\HTTP\IncomingRequest), Object(CodeIgniter\HTTP\Response), Object(CodeIgniter\Log\Logger))
 3 SYSTEMPATH\CodeIgniter.php(904): App\Controllers\OrderController->initController(Object(CodeIgniter\HTTP\IncomingRequest), Object(CodeIgniter\HTTP\Response), Object(CodeIgniter\Log\Logger))
 4 SYSTEMPATH\CodeIgniter.php(498): CodeIgniter\CodeIgniter->createController()
 5 SYSTEMPATH\CodeIgniter.php(354): CodeIgniter\CodeIgniter->handleRequest(null, Object(Config\Cache), false)
 6 SYSTEMPATH\Boot.php(363): CodeIgniter\CodeIgniter->run()
 7 SYSTEMPATH\Boot.php(68): CodeIgniter\Boot::runCodeIgniter(Object(CodeIgniter\CodeIgniter))
 8 FCPATH\index.php(67): CodeIgniter\Boot::bootWeb(Object(Config\Paths))
WARNING - 2026-02-18 04:43:47 --> [DEPRECATED] Creation of dynamic property App\Models\CartModel::$builderCheckouts is deprecated in APPPATH\Models\CartModel.php on line 15.
 1 APPPATH\Controllers\BaseController.php(147): App\Models\CartModel->__construct()
 2 APPPATH\Controllers\AjaxController.php(20): App\Controllers\BaseController->initController(Object(CodeIgniter\HTTP\IncomingRequest), Object(CodeIgniter\HTTP\Response), Object(CodeIgniter\Log\Logger))
 3 SYSTEMPATH\CodeIgniter.php(904): App\Controllers\AjaxController->initController(Object(CodeIgniter\HTTP\IncomingRequest), Object(CodeIgniter\HTTP\Response), Object(CodeIgniter\Log\Logger))
 4 SYSTEMPATH\CodeIgniter.php(498): CodeIgniter\CodeIgniter->createController()
 5 SYSTEMPATH\CodeIgniter.php(354): CodeIgniter\CodeIgniter->handleRequest(null, Object(Config\Cache), false)
 6 SYSTEMPATH\Boot.php(363): CodeIgniter\CodeIgniter->run()
 7 SYSTEMPATH\Boot.php(68): CodeIgniter\Boot::runCodeIgniter(Object(CodeIgniter\CodeIgniter))
 8 FCPATH\index.php(67): CodeIgniter\Boot::bootWeb(Object(Config\Paths))
WARNING - 2026-02-18 04:43:47 --> [DEPRECATED] Creation of dynamic property App\Models\CartModel::$builderCheckoutItems is deprecated in APPPATH\Models\CartModel.php on line 16.
 1 APPPATH\Controllers\BaseController.php(147): App\Models\CartModel->__construct()
 2 APPPATH\Controllers\AjaxController.php(20): App\Controllers\BaseController->initController(Object(CodeIgniter\HTTP\IncomingRequest), Object(CodeIgniter\HTTP\Response), Object(CodeIgniter\Log\Logger))
 3 SYSTEMPATH\CodeIgniter.php(904): App\Controllers\AjaxController->initController(Object(CodeIgniter\HTTP\IncomingRequest), Object(CodeIgniter\HTTP\Response), Object(CodeIgniter\Log\Logger))
 4 SYSTEMPATH\CodeIgniter.php(498): CodeIgniter\CodeIgniter->createController()
 5 SYSTEMPATH\CodeIgniter.php(354): CodeIgniter\CodeIgniter->handleRequest(null, Object(Config\Cache), false)
 6 SYSTEMPATH\Boot.php(363): CodeIgniter\CodeIgniter->run()
 7 SYSTEMPATH\Boot.php(68): CodeIgniter\Boot::runCodeIgniter(Object(CodeIgniter\CodeIgniter))
 8 FCPATH\index.php(67): CodeIgniter\Boot::bootWeb(Object(Config\Paths))
WARNING - 2026-02-18 04:43:47 --> [DEPRECATED] Creation of dynamic property App\Models\CartModel::$builderPaymentMethods is deprecated in APPPATH\Models\CartModel.php on line 17.
 1 APPPATH\Controllers\BaseController.php(147): App\Models\CartModel->__construct()
 2 APPPATH\Controllers\AjaxController.php(20): App\Controllers\BaseController->initController(Object(CodeIgniter\HTTP\IncomingRequest), Object(CodeIgniter\HTTP\Response), Object(CodeIgniter\Log\Logger))
 3 SYSTEMPATH\CodeIgniter.php(904): App\Controllers\AjaxController->initController(Object(CodeIgniter\HTTP\IncomingRequest), Object(CodeIgniter\HTTP\Response), Object(CodeIgniter\Log\Logger))
 4 SYSTEMPATH\CodeIgniter.php(498): CodeIgniter\CodeIgniter->createController()
 5 SYSTEMPATH\CodeIgniter.php(354): CodeIgniter\CodeIgniter->handleRequest(null, Object(Config\Cache), false)
 6 SYSTEMPATH\Boot.php(363): CodeIgniter\CodeIgniter->run()
 7 SYSTEMPATH\Boot.php(68): CodeIgniter\Boot::runCodeIgniter(Object(CodeIgniter\CodeIgniter))
 8 FCPATH\index.php(67): CodeIgniter\Boot::bootWeb(Object(Config\Paths))
WARNING - 2026-02-18 04:51:54 --> [DEPRECATED] Creation of dynamic property App\Models\CartModel::$builderCheckouts is deprecated in APPPATH\Models\CartModel.php on line 15.
 1 APPPATH\Controllers\BaseController.php(147): App\Models\CartModel->__construct()
 2 APPPATH\Controllers\OrderController.php(18): App\Controllers\BaseController->initController(Object(CodeIgniter\HTTP\IncomingRequest), Object(CodeIgniter\HTTP\Response), Object(CodeIgniter\Log\Logger))
 3 SYSTEMPATH\CodeIgniter.php(904): App\Controllers\OrderController->initController(Object(CodeIgniter\HTTP\IncomingRequest), Object(CodeIgniter\HTTP\Response), Object(CodeIgniter\Log\Logger))
 4 SYSTEMPATH\CodeIgniter.php(498): CodeIgniter\CodeIgniter->createController()
 5 SYSTEMPATH\CodeIgniter.php(354): CodeIgniter\CodeIgniter->handleRequest(null, Object(Config\Cache), false)
 6 SYSTEMPATH\Boot.php(363): CodeIgniter\CodeIgniter->run()
 7 SYSTEMPATH\Boot.php(68): CodeIgniter\Boot::runCodeIgniter(Object(CodeIgniter\CodeIgniter))
 8 FCPATH\index.php(67): CodeIgniter\Boot::bootWeb(Object(Config\Paths))
WARNING - 2026-02-18 04:51:54 --> [DEPRECATED] Creation of dynamic property App\Models\CartModel::$builderCheckoutItems is deprecated in APPPATH\Models\CartModel.php on line 16.
 1 APPPATH\Controllers\BaseController.php(147): App\Models\CartModel->__construct()
 2 APPPATH\Controllers\OrderController.php(18): App\Controllers\BaseController->initController(Object(CodeIgniter\HTTP\IncomingRequest), Object(CodeIgniter\HTTP\Response), Object(CodeIgniter\Log\Logger))
 3 SYSTEMPATH\CodeIgniter.php(904): App\Controllers\OrderController->initController(Object(CodeIgniter\HTTP\IncomingRequest), Object(CodeIgniter\HTTP\Response), Object(CodeIgniter\Log\Logger))
 4 SYSTEMPATH\CodeIgniter.php(498): CodeIgniter\CodeIgniter->createController()
 5 SYSTEMPATH\CodeIgniter.php(354): CodeIgniter\CodeIgniter->handleRequest(null, Object(Config\Cache), false)
 6 SYSTEMPATH\Boot.php(363): CodeIgniter\CodeIgniter->run()
 7 SYSTEMPATH\Boot.php(68): CodeIgniter\Boot::runCodeIgniter(Object(CodeIgniter\CodeIgniter))
 8 FCPATH\index.php(67): CodeIgniter\Boot::bootWeb(Object(Config\Paths))
WARNING - 2026-02-18 04:51:54 --> [DEPRECATED] Creation of dynamic property App\Models\CartModel::$builderPaymentMethods is deprecated in APPPATH\Models\CartModel.php on line 17.
 1 APPPATH\Controllers\BaseController.php(147): App\Models\CartModel->__construct()
 2 APPPATH\Controllers\OrderController.php(18): App\Controllers\BaseController->initController(Object(CodeIgniter\HTTP\IncomingRequest), Object(CodeIgniter\HTTP\Response), Object(CodeIgniter\Log\Logger))
 3 SYSTEMPATH\CodeIgniter.php(904): App\Controllers\OrderController->initController(Object(CodeIgniter\HTTP\IncomingRequest), Object(CodeIgniter\HTTP\Response), Object(CodeIgniter\Log\Logger))
 4 SYSTEMPATH\CodeIgniter.php(498): CodeIgniter\CodeIgniter->createController()
 5 SYSTEMPATH\CodeIgniter.php(354): CodeIgniter\CodeIgniter->handleRequest(null, Object(Config\Cache), false)
 6 SYSTEMPATH\Boot.php(363): CodeIgniter\CodeIgniter->run()
 7 SYSTEMPATH\Boot.php(68): CodeIgniter\Boot::runCodeIgniter(Object(CodeIgniter\CodeIgniter))
 8 FCPATH\index.php(67): CodeIgniter\Boot::bootWeb(Object(Config\Paths))
WARNING - 2026-02-18 04:51:54 --> [DEPRECATED] Creation of dynamic property App\Models\CartModel::$builderCheckouts is deprecated in APPPATH\Models\CartModel.php on line 15.
 1 APPPATH\Controllers\BaseController.php(147): App\Models\CartModel->__construct()
 2 APPPATH\Controllers\AjaxController.php(20): App\Controllers\BaseController->initController(Object(CodeIgniter\HTTP\IncomingRequest), Object(CodeIgniter\HTTP\Response), Object(CodeIgniter\Log\Logger))
 3 SYSTEMPATH\CodeIgniter.php(904): App\Controllers\AjaxController->initController(Object(CodeIgniter\HTTP\IncomingRequest), Object(CodeIgniter\HTTP\Response), Object(CodeIgniter\Log\Logger))
 4 SYSTEMPATH\CodeIgniter.php(498): CodeIgniter\CodeIgniter->createController()
 5 SYSTEMPATH\CodeIgniter.php(354): CodeIgniter\CodeIgniter->handleRequest(null, Object(Config\Cache), false)
 6 SYSTEMPATH\Boot.php(363): CodeIgniter\CodeIgniter->run()
 7 SYSTEMPATH\Boot.php(68): CodeIgniter\Boot::runCodeIgniter(Object(CodeIgniter\CodeIgniter))
 8 FCPATH\index.php(67): CodeIgniter\Boot::bootWeb(Object(Config\Paths))
WARNING - 2026-02-18 04:51:54 --> [DEPRECATED] Creation of dynamic property App\Models\CartModel::$builderCheckoutItems is deprecated in APPPATH\Models\CartModel.php on line 16.
 1 APPPATH\Controllers\BaseController.php(147): App\Models\CartModel->__construct()
 2 APPPATH\Controllers\AjaxController.php(20): App\Controllers\BaseController->initController(Object(CodeIgniter\HTTP\IncomingRequest), Object(CodeIgniter\HTTP\Response), Object(CodeIgniter\Log\Logger))
 3 SYSTEMPATH\CodeIgniter.php(904): App\Controllers\AjaxController->initController(Object(CodeIgniter\HTTP\IncomingRequest), Object(CodeIgniter\HTTP\Response), Object(CodeIgniter\Log\Logger))
 4 SYSTEMPATH\CodeIgniter.php(498): CodeIgniter\CodeIgniter->createController()
 5 SYSTEMPATH\CodeIgniter.php(354): CodeIgniter\CodeIgniter->handleRequest(null, Object(Config\Cache), false)
 6 SYSTEMPATH\Boot.php(363): CodeIgniter\CodeIgniter->run()
 7 SYSTEMPATH\Boot.php(68): CodeIgniter\Boot::runCodeIgniter(Object(CodeIgniter\CodeIgniter))
 8 FCPATH\index.php(67): CodeIgniter\Boot::bootWeb(Object(Config\Paths))
WARNING - 2026-02-18 04:51:54 --> [DEPRECATED] Creation of dynamic property App\Models\CartModel::$builderPaymentMethods is deprecated in APPPATH\Models\CartModel.php on line 17.
 1 APPPATH\Controllers\BaseController.php(147): App\Models\CartModel->__construct()
 2 APPPATH\Controllers\AjaxController.php(20): App\Controllers\BaseController->initController(Object(CodeIgniter\HTTP\IncomingRequest), Object(CodeIgniter\HTTP\Response), Object(CodeIgniter\Log\Logger))
 3 SYSTEMPATH\CodeIgniter.php(904): App\Controllers\AjaxController->initController(Object(CodeIgniter\HTTP\IncomingRequest), Object(CodeIgniter\HTTP\Response), Object(CodeIgniter\Log\Logger))
 4 SYSTEMPATH\CodeIgniter.php(498): CodeIgniter\CodeIgniter->createController()
 5 SYSTEMPATH\CodeIgniter.php(354): CodeIgniter\CodeIgniter->handleRequest(null, Object(Config\Cache), false)
 6 SYSTEMPATH\Boot.php(363): CodeIgniter\CodeIgniter->run()
 7 SYSTEMPATH\Boot.php(68): CodeIgniter\Boot::runCodeIgniter(Object(CodeIgniter\CodeIgniter))
 8 FCPATH\index.php(67): CodeIgniter\Boot::bootWeb(Object(Config\Paths))
WARNING - 2026-02-18 04:54:11 --> [DEPRECATED] Creation of dynamic property App\Models\CartModel::$builderCheckouts is deprecated in APPPATH\Models\CartModel.php on line 15.
 1 APPPATH\Controllers\BaseController.php(147): App\Models\CartModel->__construct()
 2 APPPATH\Controllers\OrderController.php(18): App\Controllers\BaseController->initController(Object(CodeIgniter\HTTP\IncomingRequest), Object(CodeIgniter\HTTP\Response), Object(CodeIgniter\Log\Logger))
 3 SYSTEMPATH\CodeIgniter.php(904): App\Controllers\OrderController->initController(Object(CodeIgniter\HTTP\IncomingRequest), Object(CodeIgniter\HTTP\Response), Object(CodeIgniter\Log\Logger))
 4 SYSTEMPATH\CodeIgniter.php(498): CodeIgniter\CodeIgniter->createController()
 5 SYSTEMPATH\CodeIgniter.php(354): CodeIgniter\CodeIgniter->handleRequest(null, Object(Config\Cache), false)
 6 SYSTEMPATH\Boot.php(363): CodeIgniter\CodeIgniter->run()
 7 SYSTEMPATH\Boot.php(68): CodeIgniter\Boot::runCodeIgniter(Object(CodeIgniter\CodeIgniter))
 8 FCPATH\index.php(67): CodeIgniter\Boot::bootWeb(Object(Config\Paths))
WARNING - 2026-02-18 04:54:11 --> [DEPRECATED] Creation of dynamic property App\Models\CartModel::$builderCheckoutItems is deprecated in APPPATH\Models\CartModel.php on line 16.
 1 APPPATH\Controllers\BaseController.php(147): App\Models\CartModel->__construct()
 2 APPPATH\Controllers\OrderController.php(18): App\Controllers\BaseController->initController(Object(CodeIgniter\HTTP\IncomingRequest), Object(CodeIgniter\HTTP\Response), Object(CodeIgniter\Log\Logger))
 3 SYSTEMPATH\CodeIgniter.php(904): App\Controllers\OrderController->initController(Object(CodeIgniter\HTTP\IncomingRequest), Object(CodeIgniter\HTTP\Response), Object(CodeIgniter\Log\Logger))
 4 SYSTEMPATH\CodeIgniter.php(498): CodeIgniter\CodeIgniter->createController()
 5 SYSTEMPATH\CodeIgniter.php(354): CodeIgniter\CodeIgniter->handleRequest(null, Object(Config\Cache), false)
 6 SYSTEMPATH\Boot.php(363): CodeIgniter\CodeIgniter->run()
 7 SYSTEMPATH\Boot.php(68): CodeIgniter\Boot::runCodeIgniter(Object(CodeIgniter\CodeIgniter))
 8 FCPATH\index.php(67): CodeIgniter\Boot::bootWeb(Object(Config\Paths))
WARNING - 2026-02-18 04:54:11 --> [DEPRECATED] Creation of dynamic property App\Models\CartModel::$builderPaymentMethods is deprecated in APPPATH\Models\CartModel.php on line 17.
 1 APPPATH\Controllers\BaseController.php(147): App\Models\CartModel->__construct()
 2 APPPATH\Controllers\OrderController.php(18): App\Controllers\BaseController->initController(Object(CodeIgniter\HTTP\IncomingRequest), Object(CodeIgniter\HTTP\Response), Object(CodeIgniter\Log\Logger))
 3 SYSTEMPATH\CodeIgniter.php(904): App\Controllers\OrderController->initController(Object(CodeIgniter\HTTP\IncomingRequest), Object(CodeIgniter\HTTP\Response), Object(CodeIgniter\Log\Logger))
 4 SYSTEMPATH\CodeIgniter.php(498): CodeIgniter\CodeIgniter->createController()
 5 SYSTEMPATH\CodeIgniter.php(354): CodeIgniter\CodeIgniter->handleRequest(null, Object(Config\Cache), false)
 6 SYSTEMPATH\Boot.php(363): CodeIgniter\CodeIgniter->run()
 7 SYSTEMPATH\Boot.php(68): CodeIgniter\Boot::runCodeIgniter(Object(CodeIgniter\CodeIgniter))
 8 FCPATH\index.php(67): CodeIgniter\Boot::bootWeb(Object(Config\Paths))
WARNING - 2026-02-18 04:54:12 --> [DEPRECATED] Creation of dynamic property App\Models\CartModel::$builderCheckouts is deprecated in APPPATH\Models\CartModel.php on line 15.
 1 APPPATH\Controllers\BaseController.php(147): App\Models\CartModel->__construct()
 2 APPPATH\Controllers\AjaxController.php(20): App\Controllers\BaseController->initController(Object(CodeIgniter\HTTP\IncomingRequest), Object(CodeIgniter\HTTP\Response), Object(CodeIgniter\Log\Logger))
 3 SYSTEMPATH\CodeIgniter.php(904): App\Controllers\AjaxController->initController(Object(CodeIgniter\HTTP\IncomingRequest), Object(CodeIgniter\HTTP\Response), Object(CodeIgniter\Log\Logger))
 4 SYSTEMPATH\CodeIgniter.php(498): CodeIgniter\CodeIgniter->createController()
 5 SYSTEMPATH\CodeIgniter.php(354): CodeIgniter\CodeIgniter->handleRequest(null, Object(Config\Cache), false)
 6 SYSTEMPATH\Boot.php(363): CodeIgniter\CodeIgniter->run()
 7 SYSTEMPATH\Boot.php(68): CodeIgniter\Boot::runCodeIgniter(Object(CodeIgniter\CodeIgniter))
 8 FCPATH\index.php(67): CodeIgniter\Boot::bootWeb(Object(Config\Paths))
WARNING - 2026-02-18 04:54:12 --> [DEPRECATED] Creation of dynamic property App\Models\CartModel::$builderCheckoutItems is deprecated in APPPATH\Models\CartModel.php on line 16.
 1 APPPATH\Controllers\BaseController.php(147): App\Models\CartModel->__construct()
 2 APPPATH\Controllers\AjaxController.php(20): App\Controllers\BaseController->initController(Object(CodeIgniter\HTTP\IncomingRequest), Object(CodeIgniter\HTTP\Response), Object(CodeIgniter\Log\Logger))
 3 SYSTEMPATH\CodeIgniter.php(904): App\Controllers\AjaxController->initController(Object(CodeIgniter\HTTP\IncomingRequest), Object(CodeIgniter\HTTP\Response), Object(CodeIgniter\Log\Logger))
 4 SYSTEMPATH\CodeIgniter.php(498): CodeIgniter\CodeIgniter->createController()
 5 SYSTEMPATH\CodeIgniter.php(354): CodeIgniter\CodeIgniter->handleRequest(null, Object(Config\Cache), false)
 6 SYSTEMPATH\Boot.php(363): CodeIgniter\CodeIgniter->run()
 7 SYSTEMPATH\Boot.php(68): CodeIgniter\Boot::runCodeIgniter(Object(CodeIgniter\CodeIgniter))
 8 FCPATH\index.php(67): CodeIgniter\Boot::bootWeb(Object(Config\Paths))
WARNING - 2026-02-18 04:54:12 --> [DEPRECATED] Creation of dynamic property App\Models\CartModel::$builderPaymentMethods is deprecated in APPPATH\Models\CartModel.php on line 17.
 1 APPPATH\Controllers\BaseController.php(147): App\Models\CartModel->__construct()
 2 APPPATH\Controllers\AjaxController.php(20): App\Controllers\BaseController->initController(Object(CodeIgniter\HTTP\IncomingRequest), Object(CodeIgniter\HTTP\Response), Object(CodeIgniter\Log\Logger))
 3 SYSTEMPATH\CodeIgniter.php(904): App\Controllers\AjaxController->initController(Object(CodeIgniter\HTTP\IncomingRequest), Object(CodeIgniter\HTTP\Response), Object(CodeIgniter\Log\Logger))
 4 SYSTEMPATH\CodeIgniter.php(498): CodeIgniter\CodeIgniter->createController()
 5 SYSTEMPATH\CodeIgniter.php(354): CodeIgniter\CodeIgniter->handleRequest(null, Object(Config\Cache), false)
 6 SYSTEMPATH\Boot.php(363): CodeIgniter\CodeIgniter->run()
 7 SYSTEMPATH\Boot.php(68): CodeIgniter\Boot::runCodeIgniter(Object(CodeIgniter\CodeIgniter))
 8 FCPATH\index.php(67): CodeIgniter\Boot::bootWeb(Object(Config\Paths))
WARNING - 2026-02-18 04:59:16 --> [DEPRECATED] Creation of dynamic property App\Models\CartModel::$builderCheckouts is deprecated in APPPATH\Models\CartModel.php on line 15.
 1 APPPATH\Controllers\BaseController.php(147): App\Models\CartModel->__construct()
 2 APPPATH\Controllers\OrderController.php(18): App\Controllers\BaseController->initController(Object(CodeIgniter\HTTP\IncomingRequest), Object(CodeIgniter\HTTP\Response), Object(CodeIgniter\Log\Logger))
 3 SYSTEMPATH\CodeIgniter.php(904): App\Controllers\OrderController->initController(Object(CodeIgniter\HTTP\IncomingRequest), Object(CodeIgniter\HTTP\Response), Object(CodeIgniter\Log\Logger))
 4 SYSTEMPATH\CodeIgniter.php(498): CodeIgniter\CodeIgniter->createController()
 5 SYSTEMPATH\CodeIgniter.php(354): CodeIgniter\CodeIgniter->handleRequest(null, Object(Config\Cache), false)
 6 SYSTEMPATH\Boot.php(363): CodeIgniter\CodeIgniter->run()
 7 SYSTEMPATH\Boot.php(68): CodeIgniter\Boot::runCodeIgniter(Object(CodeIgniter\CodeIgniter))
 8 FCPATH\index.php(67): CodeIgniter\Boot::bootWeb(Object(Config\Paths))
WARNING - 2026-02-18 04:59:16 --> [DEPRECATED] Creation of dynamic property App\Models\CartModel::$builderCheckoutItems is deprecated in APPPATH\Models\CartModel.php on line 16.
 1 APPPATH\Controllers\BaseController.php(147): App\Models\CartModel->__construct()
 2 APPPATH\Controllers\OrderController.php(18): App\Controllers\BaseController->initController(Object(CodeIgniter\HTTP\IncomingRequest), Object(CodeIgniter\HTTP\Response), Object(CodeIgniter\Log\Logger))
 3 SYSTEMPATH\CodeIgniter.php(904): App\Controllers\OrderController->initController(Object(CodeIgniter\HTTP\IncomingRequest), Object(CodeIgniter\HTTP\Response), Object(CodeIgniter\Log\Logger))
 4 SYSTEMPATH\CodeIgniter.php(498): CodeIgniter\CodeIgniter->createController()
 5 SYSTEMPATH\CodeIgniter.php(354): CodeIgniter\CodeIgniter->handleRequest(null, Object(Config\Cache), false)
 6 SYSTEMPATH\Boot.php(363): CodeIgniter\CodeIgniter->run()
 7 SYSTEMPATH\Boot.php(68): CodeIgniter\Boot::runCodeIgniter(Object(CodeIgniter\CodeIgniter))
 8 FCPATH\index.php(67): CodeIgniter\Boot::bootWeb(Object(Config\Paths))
WARNING - 2026-02-18 04:59:16 --> [DEPRECATED] Creation of dynamic property App\Models\CartModel::$builderPaymentMethods is deprecated in APPPATH\Models\CartModel.php on line 17.
 1 APPPATH\Controllers\BaseController.php(147): App\Models\CartModel->__construct()
 2 APPPATH\Controllers\OrderController.php(18): App\Controllers\BaseController->initController(Object(CodeIgniter\HTTP\IncomingRequest), Object(CodeIgniter\HTTP\Response), Object(CodeIgniter\Log\Logger))
 3 SYSTEMPATH\CodeIgniter.php(904): App\Controllers\OrderController->initController(Object(CodeIgniter\HTTP\IncomingRequest), Object(CodeIgniter\HTTP\Response), Object(CodeIgniter\Log\Logger))
 4 SYSTEMPATH\CodeIgniter.php(498): CodeIgniter\CodeIgniter->createController()
 5 SYSTEMPATH\CodeIgniter.php(354): CodeIgniter\CodeIgniter->handleRequest(null, Object(Config\Cache), false)
 6 SYSTEMPATH\Boot.php(363): CodeIgniter\CodeIgniter->run()
 7 SYSTEMPATH\Boot.php(68): CodeIgniter\Boot::runCodeIgniter(Object(CodeIgniter\CodeIgniter))
 8 FCPATH\index.php(67): CodeIgniter\Boot::bootWeb(Object(Config\Paths))
WARNING - 2026-02-18 04:59:17 --> [DEPRECATED] Creation of dynamic property App\Models\CartModel::$builderCheckouts is deprecated in APPPATH\Models\CartModel.php on line 15.
 1 APPPATH\Controllers\BaseController.php(147): App\Models\CartModel->__construct()
 2 APPPATH\Controllers\AjaxController.php(20): App\Controllers\BaseController->initController(Object(CodeIgniter\HTTP\IncomingRequest), Object(CodeIgniter\HTTP\Response), Object(CodeIgniter\Log\Logger))
 3 SYSTEMPATH\CodeIgniter.php(904): App\Controllers\AjaxController->initController(Object(CodeIgniter\HTTP\IncomingRequest), Object(CodeIgniter\HTTP\Response), Object(CodeIgniter\Log\Logger))
 4 SYSTEMPATH\CodeIgniter.php(498): CodeIgniter\CodeIgniter->createController()
 5 SYSTEMPATH\CodeIgniter.php(354): CodeIgniter\CodeIgniter->handleRequest(null, Object(Config\Cache), false)
 6 SYSTEMPATH\Boot.php(363): CodeIgniter\CodeIgniter->run()
 7 SYSTEMPATH\Boot.php(68): CodeIgniter\Boot::runCodeIgniter(Object(CodeIgniter\CodeIgniter))
 8 FCPATH\index.php(67): CodeIgniter\Boot::bootWeb(Object(Config\Paths))
WARNING - 2026-02-18 04:59:17 --> [DEPRECATED] Creation of dynamic property App\Models\CartModel::$builderCheckoutItems is deprecated in APPPATH\Models\CartModel.php on line 16.
 1 APPPATH\Controllers\BaseController.php(147): App\Models\CartModel->__construct()
 2 APPPATH\Controllers\AjaxController.php(20): App\Controllers\BaseController->initController(Object(CodeIgniter\HTTP\IncomingRequest), Object(CodeIgniter\HTTP\Response), Object(CodeIgniter\Log\Logger))
 3 SYSTEMPATH\CodeIgniter.php(904): App\Controllers\AjaxController->initController(Object(CodeIgniter\HTTP\IncomingRequest), Object(CodeIgniter\HTTP\Response), Object(CodeIgniter\Log\Logger))
 4 SYSTEMPATH\CodeIgniter.php(498): CodeIgniter\CodeIgniter->createController()
 5 SYSTEMPATH\CodeIgniter.php(354): CodeIgniter\CodeIgniter->handleRequest(null, Object(Config\Cache), false)
 6 SYSTEMPATH\Boot.php(363): CodeIgniter\CodeIgniter->run()
 7 SYSTEMPATH\Boot.php(68): CodeIgniter\Boot::runCodeIgniter(Object(CodeIgniter\CodeIgniter))
 8 FCPATH\index.php(67): CodeIgniter\Boot::bootWeb(Object(Config\Paths))
WARNING - 2026-02-18 04:59:17 --> [DEPRECATED] Creation of dynamic property App\Models\CartModel::$builderPaymentMethods is deprecated in APPPATH\Models\CartModel.php on line 17.
 1 APPPATH\Controllers\BaseController.php(147): App\Models\CartModel->__construct()
 2 APPPATH\Controllers\AjaxController.php(20): App\Controllers\BaseController->initController(Object(CodeIgniter\HTTP\IncomingRequest), Object(CodeIgniter\HTTP\Response), Object(CodeIgniter\Log\Logger))
 3 SYSTEMPATH\CodeIgniter.php(904): App\Controllers\AjaxController->initController(Object(CodeIgniter\HTTP\IncomingRequest), Object(CodeIgniter\HTTP\Response), Object(CodeIgniter\Log\Logger))
 4 SYSTEMPATH\CodeIgniter.php(498): CodeIgniter\CodeIgniter->createController()
 5 SYSTEMPATH\CodeIgniter.php(354): CodeIgniter\CodeIgniter->handleRequest(null, Object(Config\Cache), false)
 6 SYSTEMPATH\Boot.php(363): CodeIgniter\CodeIgniter->run()
 7 SYSTEMPATH\Boot.php(68): CodeIgniter\Boot::runCodeIgniter(Object(CodeIgniter\CodeIgniter))
 8 FCPATH\index.php(67): CodeIgniter\Boot::bootWeb(Object(Config\Paths))
WARNING - 2026-02-18 05:00:09 --> [DEPRECATED] Creation of dynamic property App\Models\CartModel::$builderCheckouts is deprecated in APPPATH\Models\CartModel.php on line 15.
 1 APPPATH\Controllers\BaseController.php(147): App\Models\CartModel->__construct()
 2 APPPATH\Controllers\OrderController.php(18): App\Controllers\BaseController->initController(Object(CodeIgniter\HTTP\IncomingRequest), Object(CodeIgniter\HTTP\Response), Object(CodeIgniter\Log\Logger))
 3 SYSTEMPATH\CodeIgniter.php(904): App\Controllers\OrderController->initController(Object(CodeIgniter\HTTP\IncomingRequest), Object(CodeIgniter\HTTP\Response), Object(CodeIgniter\Log\Logger))
 4 SYSTEMPATH\CodeIgniter.php(498): CodeIgniter\CodeIgniter->createController()
 5 SYSTEMPATH\CodeIgniter.php(354): CodeIgniter\CodeIgniter->handleRequest(null, Object(Config\Cache), false)
 6 SYSTEMPATH\Boot.php(363): CodeIgniter\CodeIgniter->run()
 7 SYSTEMPATH\Boot.php(68): CodeIgniter\Boot::runCodeIgniter(Object(CodeIgniter\CodeIgniter))
 8 FCPATH\index.php(67): CodeIgniter\Boot::bootWeb(Object(Config\Paths))
WARNING - 2026-02-18 05:00:09 --> [DEPRECATED] Creation of dynamic property App\Models\CartModel::$builderCheckoutItems is deprecated in APPPATH\Models\CartModel.php on line 16.
 1 APPPATH\Controllers\BaseController.php(147): App\Models\CartModel->__construct()
 2 APPPATH\Controllers\OrderController.php(18): App\Controllers\BaseController->initController(Object(CodeIgniter\HTTP\IncomingRequest), Object(CodeIgniter\HTTP\Response), Object(CodeIgniter\Log\Logger))
 3 SYSTEMPATH\CodeIgniter.php(904): App\Controllers\OrderController->initController(Object(CodeIgniter\HTTP\IncomingRequest), Object(CodeIgniter\HTTP\Response), Object(CodeIgniter\Log\Logger))
 4 SYSTEMPATH\CodeIgniter.php(498): CodeIgniter\CodeIgniter->createController()
 5 SYSTEMPATH\CodeIgniter.php(354): CodeIgniter\CodeIgniter->handleRequest(null, Object(Config\Cache), false)
 6 SYSTEMPATH\Boot.php(363): CodeIgniter\CodeIgniter->run()
 7 SYSTEMPATH\Boot.php(68): CodeIgniter\Boot::runCodeIgniter(Object(CodeIgniter\CodeIgniter))
 8 FCPATH\index.php(67): CodeIgniter\Boot::bootWeb(Object(Config\Paths))
WARNING - 2026-02-18 05:00:09 --> [DEPRECATED] Creation of dynamic property App\Models\CartModel::$builderPaymentMethods is deprecated in APPPATH\Models\CartModel.php on line 17.
 1 APPPATH\Controllers\BaseController.php(147): App\Models\CartModel->__construct()
 2 APPPATH\Controllers\OrderController.php(18): App\Controllers\BaseController->initController(Object(CodeIgniter\HTTP\IncomingRequest), Object(CodeIgniter\HTTP\Response), Object(CodeIgniter\Log\Logger))
 3 SYSTEMPATH\CodeIgniter.php(904): App\Controllers\OrderController->initController(Object(CodeIgniter\HTTP\IncomingRequest), Object(CodeIgniter\HTTP\Response), Object(CodeIgniter\Log\Logger))
 4 SYSTEMPATH\CodeIgniter.php(498): CodeIgniter\CodeIgniter->createController()
 5 SYSTEMPATH\CodeIgniter.php(354): CodeIgniter\CodeIgniter->handleRequest(null, Object(Config\Cache), false)
 6 SYSTEMPATH\Boot.php(363): CodeIgniter\CodeIgniter->run()
 7 SYSTEMPATH\Boot.php(68): CodeIgniter\Boot::runCodeIgniter(Object(CodeIgniter\CodeIgniter))
 8 FCPATH\index.php(67): CodeIgniter\Boot::bootWeb(Object(Config\Paths))
WARNING - 2026-02-18 05:00:09 --> [DEPRECATED] Creation of dynamic property App\Models\CartModel::$builderCheckouts is deprecated in APPPATH\Models\CartModel.php on line 15.
 1 APPPATH\Controllers\BaseController.php(147): App\Models\CartModel->__construct()
 2 APPPATH\Controllers\AjaxController.php(20): App\Controllers\BaseController->initController(Object(CodeIgniter\HTTP\IncomingRequest), Object(CodeIgniter\HTTP\Response), Object(CodeIgniter\Log\Logger))
 3 SYSTEMPATH\CodeIgniter.php(904): App\Controllers\AjaxController->initController(Object(CodeIgniter\HTTP\IncomingRequest), Object(CodeIgniter\HTTP\Response), Object(CodeIgniter\Log\Logger))
 4 SYSTEMPATH\CodeIgniter.php(498): CodeIgniter\CodeIgniter->createController()
 5 SYSTEMPATH\CodeIgniter.php(354): CodeIgniter\CodeIgniter->handleRequest(null, Object(Config\Cache), false)
 6 SYSTEMPATH\Boot.php(363): CodeIgniter\CodeIgniter->run()
 7 SYSTEMPATH\Boot.php(68): CodeIgniter\Boot::runCodeIgniter(Object(CodeIgniter\CodeIgniter))
 8 FCPATH\index.php(67): CodeIgniter\Boot::bootWeb(Object(Config\Paths))
WARNING - 2026-02-18 05:00:09 --> [DEPRECATED] Creation of dynamic property App\Models\CartModel::$builderCheckoutItems is deprecated in APPPATH\Models\CartModel.php on line 16.
 1 APPPATH\Controllers\BaseController.php(147): App\Models\CartModel->__construct()
 2 APPPATH\Controllers\AjaxController.php(20): App\Controllers\BaseController->initController(Object(CodeIgniter\HTTP\IncomingRequest), Object(CodeIgniter\HTTP\Response), Object(CodeIgniter\Log\Logger))
 3 SYSTEMPATH\CodeIgniter.php(904): App\Controllers\AjaxController->initController(Object(CodeIgniter\HTTP\IncomingRequest), Object(CodeIgniter\HTTP\Response), Object(CodeIgniter\Log\Logger))
 4 SYSTEMPATH\CodeIgniter.php(498): CodeIgniter\CodeIgniter->createController()
 5 SYSTEMPATH\CodeIgniter.php(354): CodeIgniter\CodeIgniter->handleRequest(null, Object(Config\Cache), false)
 6 SYSTEMPATH\Boot.php(363): CodeIgniter\CodeIgniter->run()
 7 SYSTEMPATH\Boot.php(68): CodeIgniter\Boot::runCodeIgniter(Object(CodeIgniter\CodeIgniter))
 8 FCPATH\index.php(67): CodeIgniter\Boot::bootWeb(Object(Config\Paths))
WARNING - 2026-02-18 05:00:09 --> [DEPRECATED] Creation of dynamic property App\Models\CartModel::$builderPaymentMethods is deprecated in APPPATH\Models\CartModel.php on line 17.
 1 APPPATH\Controllers\BaseController.php(147): App\Models\CartModel->__construct()
 2 APPPATH\Controllers\AjaxController.php(20): App\Controllers\BaseController->initController(Object(CodeIgniter\HTTP\IncomingRequest), Object(CodeIgniter\HTTP\Response), Object(CodeIgniter\Log\Logger))
 3 SYSTEMPATH\CodeIgniter.php(904): App\Controllers\AjaxController->initController(Object(CodeIgniter\HTTP\IncomingRequest), Object(CodeIgniter\HTTP\Response), Object(CodeIgniter\Log\Logger))
 4 SYSTEMPATH\CodeIgniter.php(498): CodeIgniter\CodeIgniter->createController()
 5 SYSTEMPATH\CodeIgniter.php(354): CodeIgniter\CodeIgniter->handleRequest(null, Object(Config\Cache), false)
 6 SYSTEMPATH\Boot.php(363): CodeIgniter\CodeIgniter->run()
 7 SYSTEMPATH\Boot.php(68): CodeIgniter\Boot::runCodeIgniter(Object(CodeIgniter\CodeIgniter))
 8 FCPATH\index.php(67): CodeIgniter\Boot::bootWeb(Object(Config\Paths))
WARNING - 2026-02-18 05:01:46 --> [DEPRECATED] Creation of dynamic property App\Models\CartModel::$builderCheckouts is deprecated in APPPATH\Models\CartModel.php on line 15.
 1 APPPATH\Controllers\BaseController.php(147): App\Models\CartModel->__construct()
 2 APPPATH\Controllers\OrderController.php(18): App\Controllers\BaseController->initController(Object(CodeIgniter\HTTP\IncomingRequest), Object(CodeIgniter\HTTP\Response), Object(CodeIgniter\Log\Logger))
 3 SYSTEMPATH\CodeIgniter.php(904): App\Controllers\OrderController->initController(Object(CodeIgniter\HTTP\IncomingRequest), Object(CodeIgniter\HTTP\Response), Object(CodeIgniter\Log\Logger))
 4 SYSTEMPATH\CodeIgniter.php(498): CodeIgniter\CodeIgniter->createController()
 5 SYSTEMPATH\CodeIgniter.php(354): CodeIgniter\CodeIgniter->handleRequest(null, Object(Config\Cache), false)
 6 SYSTEMPATH\Boot.php(363): CodeIgniter\CodeIgniter->run()
 7 SYSTEMPATH\Boot.php(68): CodeIgniter\Boot::runCodeIgniter(Object(CodeIgniter\CodeIgniter))
 8 FCPATH\index.php(67): CodeIgniter\Boot::bootWeb(Object(Config\Paths))
WARNING - 2026-02-18 05:01:46 --> [DEPRECATED] Creation of dynamic property App\Models\CartModel::$builderCheckoutItems is deprecated in APPPATH\Models\CartModel.php on line 16.
 1 APPPATH\Controllers\BaseController.php(147): App\Models\CartModel->__construct()
 2 APPPATH\Controllers\OrderController.php(18): App\Controllers\BaseController->initController(Object(CodeIgniter\HTTP\IncomingRequest), Object(CodeIgniter\HTTP\Response), Object(CodeIgniter\Log\Logger))
 3 SYSTEMPATH\CodeIgniter.php(904): App\Controllers\OrderController->initController(Object(CodeIgniter\HTTP\IncomingRequest), Object(CodeIgniter\HTTP\Response), Object(CodeIgniter\Log\Logger))
 4 SYSTEMPATH\CodeIgniter.php(498): CodeIgniter\CodeIgniter->createController()
 5 SYSTEMPATH\CodeIgniter.php(354): CodeIgniter\CodeIgniter->handleRequest(null, Object(Config\Cache), false)
 6 SYSTEMPATH\Boot.php(363): CodeIgniter\CodeIgniter->run()
 7 SYSTEMPATH\Boot.php(68): CodeIgniter\Boot::runCodeIgniter(Object(CodeIgniter\CodeIgniter))
 8 FCPATH\index.php(67): CodeIgniter\Boot::bootWeb(Object(Config\Paths))
WARNING - 2026-02-18 05:01:46 --> [DEPRECATED] Creation of dynamic property App\Models\CartModel::$builderPaymentMethods is deprecated in APPPATH\Models\CartModel.php on line 17.
 1 APPPATH\Controllers\BaseController.php(147): App\Models\CartModel->__construct()
 2 APPPATH\Controllers\OrderController.php(18): App\Controllers\BaseController->initController(Object(CodeIgniter\HTTP\IncomingRequest), Object(CodeIgniter\HTTP\Response), Object(CodeIgniter\Log\Logger))
 3 SYSTEMPATH\CodeIgniter.php(904): App\Controllers\OrderController->initController(Object(CodeIgniter\HTTP\IncomingRequest), Object(CodeIgniter\HTTP\Response), Object(CodeIgniter\Log\Logger))
 4 SYSTEMPATH\CodeIgniter.php(498): CodeIgniter\CodeIgniter->createController()
 5 SYSTEMPATH\CodeIgniter.php(354): CodeIgniter\CodeIgniter->handleRequest(null, Object(Config\Cache), false)
 6 SYSTEMPATH\Boot.php(363): CodeIgniter\CodeIgniter->run()
 7 SYSTEMPATH\Boot.php(68): CodeIgniter\Boot::runCodeIgniter(Object(CodeIgniter\CodeIgniter))
 8 FCPATH\index.php(67): CodeIgniter\Boot::bootWeb(Object(Config\Paths))
WARNING - 2026-02-18 05:01:46 --> [DEPRECATED] Creation of dynamic property App\Models\CartModel::$builderCheckouts is deprecated in APPPATH\Models\CartModel.php on line 15.
 1 APPPATH\Controllers\BaseController.php(147): App\Models\CartModel->__construct()
 2 APPPATH\Controllers\HomeController.php(35): App\Controllers\BaseController->initController(Object(CodeIgniter\HTTP\IncomingRequest), Object(CodeIgniter\HTTP\Response), Object(CodeIgniter\Log\Logger))
 3 SYSTEMPATH\CodeIgniter.php(904): App\Controllers\HomeController->initController(Object(CodeIgniter\HTTP\IncomingRequest), Object(CodeIgniter\HTTP\Response), Object(CodeIgniter\Log\Logger))
 4 SYSTEMPATH\CodeIgniter.php(498): CodeIgniter\CodeIgniter->createController()
 5 SYSTEMPATH\CodeIgniter.php(354): CodeIgniter\CodeIgniter->handleRequest(null, Object(Config\Cache), false)
 6 SYSTEMPATH\Boot.php(363): CodeIgniter\CodeIgniter->run()
 7 SYSTEMPATH\Boot.php(68): CodeIgniter\Boot::runCodeIgniter(Object(CodeIgniter\CodeIgniter))
 8 FCPATH\index.php(67): CodeIgniter\Boot::bootWeb(Object(Config\Paths))
WARNING - 2026-02-18 05:01:46 --> [DEPRECATED] Creation of dynamic property App\Models\CartModel::$builderCheckoutItems is deprecated in APPPATH\Models\CartModel.php on line 16.
 1 APPPATH\Controllers\BaseController.php(147): App\Models\CartModel->__construct()
 2 APPPATH\Controllers\HomeController.php(35): App\Controllers\BaseController->initController(Object(CodeIgniter\HTTP\IncomingRequest), Object(CodeIgniter\HTTP\Response), Object(CodeIgniter\Log\Logger))
 3 SYSTEMPATH\CodeIgniter.php(904): App\Controllers\HomeController->initController(Object(CodeIgniter\HTTP\IncomingRequest), Object(CodeIgniter\HTTP\Response), Object(CodeIgniter\Log\Logger))
 4 SYSTEMPATH\CodeIgniter.php(498): CodeIgniter\CodeIgniter->createController()
 5 SYSTEMPATH\CodeIgniter.php(354): CodeIgniter\CodeIgniter->handleRequest(null, Object(Config\Cache), false)
 6 SYSTEMPATH\Boot.php(363): CodeIgniter\CodeIgniter->run()
 7 SYSTEMPATH\Boot.php(68): CodeIgniter\Boot::runCodeIgniter(Object(CodeIgniter\CodeIgniter))
 8 FCPATH\index.php(67): CodeIgniter\Boot::bootWeb(Object(Config\Paths))
WARNING - 2026-02-18 05:01:46 --> [DEPRECATED] Creation of dynamic property App\Models\CartModel::$builderPaymentMethods is deprecated in APPPATH\Models\CartModel.php on line 17.
 1 APPPATH\Controllers\BaseController.php(147): App\Models\CartModel->__construct()
 2 APPPATH\Controllers\HomeController.php(35): App\Controllers\BaseController->initController(Object(CodeIgniter\HTTP\IncomingRequest), Object(CodeIgniter\HTTP\Response), Object(CodeIgniter\Log\Logger))
 3 SYSTEMPATH\CodeIgniter.php(904): App\Controllers\HomeController->initController(Object(CodeIgniter\HTTP\IncomingRequest), Object(CodeIgniter\HTTP\Response), Object(CodeIgniter\Log\Logger))
 4 SYSTEMPATH\CodeIgniter.php(498): CodeIgniter\CodeIgniter->createController()
 5 SYSTEMPATH\CodeIgniter.php(354): CodeIgniter\CodeIgniter->handleRequest(null, Object(Config\Cache), false)
 6 SYSTEMPATH\Boot.php(363): CodeIgniter\CodeIgniter->run()
 7 SYSTEMPATH\Boot.php(68): CodeIgniter\Boot::runCodeIgniter(Object(CodeIgniter\CodeIgniter))
 8 FCPATH\index.php(67): CodeIgniter\Boot::bootWeb(Object(Config\Paths))
WARNING - 2026-02-18 05:02:13 --> [DEPRECATED] Creation of dynamic property App\Models\CartModel::$builderCheckouts is deprecated in APPPATH\Models\CartModel.php on line 15.
 1 APPPATH\Controllers\BaseController.php(147): App\Models\CartModel->__construct()
 2 APPPATH\Controllers\OrderController.php(18): App\Controllers\BaseController->initController(Object(CodeIgniter\HTTP\IncomingRequest), Object(CodeIgniter\HTTP\Response), Object(CodeIgniter\Log\Logger))
 3 SYSTEMPATH\CodeIgniter.php(904): App\Controllers\OrderController->initController(Object(CodeIgniter\HTTP\IncomingRequest), Object(CodeIgniter\HTTP\Response), Object(CodeIgniter\Log\Logger))
 4 SYSTEMPATH\CodeIgniter.php(498): CodeIgniter\CodeIgniter->createController()
 5 SYSTEMPATH\CodeIgniter.php(354): CodeIgniter\CodeIgniter->handleRequest(null, Object(Config\Cache), false)
 6 SYSTEMPATH\Boot.php(363): CodeIgniter\CodeIgniter->run()
 7 SYSTEMPATH\Boot.php(68): CodeIgniter\Boot::runCodeIgniter(Object(CodeIgniter\CodeIgniter))
 8 FCPATH\index.php(67): CodeIgniter\Boot::bootWeb(Object(Config\Paths))
WARNING - 2026-02-18 05:02:13 --> [DEPRECATED] Creation of dynamic property App\Models\CartModel::$builderCheckoutItems is deprecated in APPPATH\Models\CartModel.php on line 16.
 1 APPPATH\Controllers\BaseController.php(147): App\Models\CartModel->__construct()
 2 APPPATH\Controllers\OrderController.php(18): App\Controllers\BaseController->initController(Object(CodeIgniter\HTTP\IncomingRequest), Object(CodeIgniter\HTTP\Response), Object(CodeIgniter\Log\Logger))
 3 SYSTEMPATH\CodeIgniter.php(904): App\Controllers\OrderController->initController(Object(CodeIgniter\HTTP\IncomingRequest), Object(CodeIgniter\HTTP\Response), Object(CodeIgniter\Log\Logger))
 4 SYSTEMPATH\CodeIgniter.php(498): CodeIgniter\CodeIgniter->createController()
 5 SYSTEMPATH\CodeIgniter.php(354): CodeIgniter\CodeIgniter->handleRequest(null, Object(Config\Cache), false)
 6 SYSTEMPATH\Boot.php(363): CodeIgniter\CodeIgniter->run()
 7 SYSTEMPATH\Boot.php(68): CodeIgniter\Boot::runCodeIgniter(Object(CodeIgniter\CodeIgniter))
 8 FCPATH\index.php(67): CodeIgniter\Boot::bootWeb(Object(Config\Paths))
WARNING - 2026-02-18 05:02:13 --> [DEPRECATED] Creation of dynamic property App\Models\CartModel::$builderPaymentMethods is deprecated in APPPATH\Models\CartModel.php on line 17.
 1 APPPATH\Controllers\BaseController.php(147): App\Models\CartModel->__construct()
 2 APPPATH\Controllers\OrderController.php(18): App\Controllers\BaseController->initController(Object(CodeIgniter\HTTP\IncomingRequest), Object(CodeIgniter\HTTP\Response), Object(CodeIgniter\Log\Logger))
 3 SYSTEMPATH\CodeIgniter.php(904): App\Controllers\OrderController->initController(Object(CodeIgniter\HTTP\IncomingRequest), Object(CodeIgniter\HTTP\Response), Object(CodeIgniter\Log\Logger))
 4 SYSTEMPATH\CodeIgniter.php(498): CodeIgniter\CodeIgniter->createController()
 5 SYSTEMPATH\CodeIgniter.php(354): CodeIgniter\CodeIgniter->handleRequest(null, Object(Config\Cache), false)
 6 SYSTEMPATH\Boot.php(363): CodeIgniter\CodeIgniter->run()
 7 SYSTEMPATH\Boot.php(68): CodeIgniter\Boot::runCodeIgniter(Object(CodeIgniter\CodeIgniter))
 8 FCPATH\index.php(67): CodeIgniter\Boot::bootWeb(Object(Config\Paths))
WARNING - 2026-02-18 05:02:13 --> [DEPRECATED] Creation of dynamic property App\Models\CartModel::$builderCheckouts is deprecated in APPPATH\Models\CartModel.php on line 15.
 1 APPPATH\Controllers\BaseController.php(147): App\Models\CartModel->__construct()
 2 APPPATH\Controllers\AjaxController.php(20): App\Controllers\BaseController->initController(Object(CodeIgniter\HTTP\IncomingRequest), Object(CodeIgniter\HTTP\Response), Object(CodeIgniter\Log\Logger))
 3 SYSTEMPATH\CodeIgniter.php(904): App\Controllers\AjaxController->initController(Object(CodeIgniter\HTTP\IncomingRequest), Object(CodeIgniter\HTTP\Response), Object(CodeIgniter\Log\Logger))
 4 SYSTEMPATH\CodeIgniter.php(498): CodeIgniter\CodeIgniter->createController()
 5 SYSTEMPATH\CodeIgniter.php(354): CodeIgniter\CodeIgniter->handleRequest(null, Object(Config\Cache), false)
 6 SYSTEMPATH\Boot.php(363): CodeIgniter\CodeIgniter->run()
 7 SYSTEMPATH\Boot.php(68): CodeIgniter\Boot::runCodeIgniter(Object(CodeIgniter\CodeIgniter))
 8 FCPATH\index.php(67): CodeIgniter\Boot::bootWeb(Object(Config\Paths))
WARNING - 2026-02-18 05:02:13 --> [DEPRECATED] Creation of dynamic property App\Models\CartModel::$builderCheckoutItems is deprecated in APPPATH\Models\CartModel.php on line 16.
 1 APPPATH\Controllers\BaseController.php(147): App\Models\CartModel->__construct()
 2 APPPATH\Controllers\AjaxController.php(20): App\Controllers\BaseController->initController(Object(CodeIgniter\HTTP\IncomingRequest), Object(CodeIgniter\HTTP\Response), Object(CodeIgniter\Log\Logger))
 3 SYSTEMPATH\CodeIgniter.php(904): App\Controllers\AjaxController->initController(Object(CodeIgniter\HTTP\IncomingRequest), Object(CodeIgniter\HTTP\Response), Object(CodeIgniter\Log\Logger))
 4 SYSTEMPATH\CodeIgniter.php(498): CodeIgniter\CodeIgniter->createController()
 5 SYSTEMPATH\CodeIgniter.php(354): CodeIgniter\CodeIgniter->handleRequest(null, Object(Config\Cache), false)
 6 SYSTEMPATH\Boot.php(363): CodeIgniter\CodeIgniter->run()
 7 SYSTEMPATH\Boot.php(68): CodeIgniter\Boot::runCodeIgniter(Object(CodeIgniter\CodeIgniter))
 8 FCPATH\index.php(67): CodeIgniter\Boot::bootWeb(Object(Config\Paths))
WARNING - 2026-02-18 05:02:13 --> [DEPRECATED] Creation of dynamic property App\Models\CartModel::$builderPaymentMethods is deprecated in APPPATH\Models\CartModel.php on line 17.
 1 APPPATH\Controllers\BaseController.php(147): App\Models\CartModel->__construct()
 2 APPPATH\Controllers\AjaxController.php(20): App\Controllers\BaseController->initController(Object(CodeIgniter\HTTP\IncomingRequest), Object(CodeIgniter\HTTP\Response), Object(CodeIgniter\Log\Logger))
 3 SYSTEMPATH\CodeIgniter.php(904): App\Controllers\AjaxController->initController(Object(CodeIgniter\HTTP\IncomingRequest), Object(CodeIgniter\HTTP\Response), Object(CodeIgniter\Log\Logger))
 4 SYSTEMPATH\CodeIgniter.php(498): CodeIgniter\CodeIgniter->createController()
 5 SYSTEMPATH\CodeIgniter.php(354): CodeIgniter\CodeIgniter->handleRequest(null, Object(Config\Cache), false)
 6 SYSTEMPATH\Boot.php(363): CodeIgniter\CodeIgniter->run()
 7 SYSTEMPATH\Boot.php(68): CodeIgniter\Boot::runCodeIgniter(Object(CodeIgniter\CodeIgniter))
 8 FCPATH\index.php(67): CodeIgniter\Boot::bootWeb(Object(Config\Paths))
WARNING - 2026-02-18 05:02:39 --> [DEPRECATED] Creation of dynamic property App\Models\CartModel::$builderCheckouts is deprecated in APPPATH\Models\CartModel.php on line 15.
 1 APPPATH\Controllers\BaseController.php(147): App\Models\CartModel->__construct()
 2 APPPATH\Controllers\AjaxController.php(20): App\Controllers\BaseController->initController(Object(CodeIgniter\HTTP\IncomingRequest), Object(CodeIgniter\HTTP\Response), Object(CodeIgniter\Log\Logger))
 3 SYSTEMPATH\CodeIgniter.php(904): App\Controllers\AjaxController->initController(Object(CodeIgniter\HTTP\IncomingRequest), Object(CodeIgniter\HTTP\Response), Object(CodeIgniter\Log\Logger))
 4 SYSTEMPATH\CodeIgniter.php(498): CodeIgniter\CodeIgniter->createController()
 5 SYSTEMPATH\CodeIgniter.php(354): CodeIgniter\CodeIgniter->handleRequest(null, Object(Config\Cache), false)
 6 SYSTEMPATH\Boot.php(363): CodeIgniter\CodeIgniter->run()
 7 SYSTEMPATH\Boot.php(68): CodeIgniter\Boot::runCodeIgniter(Object(CodeIgniter\CodeIgniter))
 8 FCPATH\index.php(67): CodeIgniter\Boot::bootWeb(Object(Config\Paths))
WARNING - 2026-02-18 05:02:39 --> [DEPRECATED] Creation of dynamic property App\Models\CartModel::$builderCheckoutItems is deprecated in APPPATH\Models\CartModel.php on line 16.
 1 APPPATH\Controllers\BaseController.php(147): App\Models\CartModel->__construct()
 2 APPPATH\Controllers\AjaxController.php(20): App\Controllers\BaseController->initController(Object(CodeIgniter\HTTP\IncomingRequest), Object(CodeIgniter\HTTP\Response), Object(CodeIgniter\Log\Logger))
 3 SYSTEMPATH\CodeIgniter.php(904): App\Controllers\AjaxController->initController(Object(CodeIgniter\HTTP\IncomingRequest), Object(CodeIgniter\HTTP\Response), Object(CodeIgniter\Log\Logger))
 4 SYSTEMPATH\CodeIgniter.php(498): CodeIgniter\CodeIgniter->createController()
 5 SYSTEMPATH\CodeIgniter.php(354): CodeIgniter\CodeIgniter->handleRequest(null, Object(Config\Cache), false)
 6 SYSTEMPATH\Boot.php(363): CodeIgniter\CodeIgniter->run()
 7 SYSTEMPATH\Boot.php(68): CodeIgniter\Boot::runCodeIgniter(Object(CodeIgniter\CodeIgniter))
 8 FCPATH\index.php(67): CodeIgniter\Boot::bootWeb(Object(Config\Paths))
WARNING - 2026-02-18 05:02:39 --> [DEPRECATED] Creation of dynamic property App\Models\CartModel::$builderPaymentMethods is deprecated in APPPATH\Models\CartModel.php on line 17.
 1 APPPATH\Controllers\BaseController.php(147): App\Models\CartModel->__construct()
 2 APPPATH\Controllers\AjaxController.php(20): App\Controllers\BaseController->initController(Object(CodeIgniter\HTTP\IncomingRequest), Object(CodeIgniter\HTTP\Response), Object(CodeIgniter\Log\Logger))
 3 SYSTEMPATH\CodeIgniter.php(904): App\Controllers\AjaxController->initController(Object(CodeIgniter\HTTP\IncomingRequest), Object(CodeIgniter\HTTP\Response), Object(CodeIgniter\Log\Logger))
 4 SYSTEMPATH\CodeIgniter.php(498): CodeIgniter\CodeIgniter->createController()
 5 SYSTEMPATH\CodeIgniter.php(354): CodeIgniter\CodeIgniter->handleRequest(null, Object(Config\Cache), false)
 6 SYSTEMPATH\Boot.php(363): CodeIgniter\CodeIgniter->run()
 7 SYSTEMPATH\Boot.php(68): CodeIgniter\Boot::runCodeIgniter(Object(CodeIgniter\CodeIgniter))
 8 FCPATH\index.php(67): CodeIgniter\Boot::bootWeb(Object(Config\Paths))
WARNING - 2026-02-18 05:02:43 --> [DEPRECATED] Creation of dynamic property App\Models\CartModel::$builderCheckouts is deprecated in APPPATH\Models\CartModel.php on line 15.
 1 APPPATH\Controllers\BaseController.php(147): App\Models\CartModel->__construct()
 2 APPPATH\Controllers\AjaxController.php(20): App\Controllers\BaseController->initController(Object(CodeIgniter\HTTP\IncomingRequest), Object(CodeIgniter\HTTP\Response), Object(CodeIgniter\Log\Logger))
 3 SYSTEMPATH\CodeIgniter.php(904): App\Controllers\AjaxController->initController(Object(CodeIgniter\HTTP\IncomingRequest), Object(CodeIgniter\HTTP\Response), Object(CodeIgniter\Log\Logger))
 4 SYSTEMPATH\CodeIgniter.php(498): CodeIgniter\CodeIgniter->createController()
 5 SYSTEMPATH\CodeIgniter.php(354): CodeIgniter\CodeIgniter->handleRequest(null, Object(Config\Cache), false)
 6 SYSTEMPATH\Boot.php(363): CodeIgniter\CodeIgniter->run()
 7 SYSTEMPATH\Boot.php(68): CodeIgniter\Boot::runCodeIgniter(Object(CodeIgniter\CodeIgniter))
 8 FCPATH\index.php(67): CodeIgniter\Boot::bootWeb(Object(Config\Paths))
WARNING - 2026-02-18 05:02:43 --> [DEPRECATED] Creation of dynamic property App\Models\CartModel::$builderCheckoutItems is deprecated in APPPATH\Models\CartModel.php on line 16.
 1 APPPATH\Controllers\BaseController.php(147): App\Models\CartModel->__construct()
 2 APPPATH\Controllers\AjaxController.php(20): App\Controllers\BaseController->initController(Object(CodeIgniter\HTTP\IncomingRequest), Object(CodeIgniter\HTTP\Response), Object(CodeIgniter\Log\Logger))
 3 SYSTEMPATH\CodeIgniter.php(904): App\Controllers\AjaxController->initController(Object(CodeIgniter\HTTP\IncomingRequest), Object(CodeIgniter\HTTP\Response), Object(CodeIgniter\Log\Logger))
 4 SYSTEMPATH\CodeIgniter.php(498): CodeIgniter\CodeIgniter->createController()
 5 SYSTEMPATH\CodeIgniter.php(354): CodeIgniter\CodeIgniter->handleRequest(null, Object(Config\Cache), false)
 6 SYSTEMPATH\Boot.php(363): CodeIgniter\CodeIgniter->run()
 7 SYSTEMPATH\Boot.php(68): CodeIgniter\Boot::runCodeIgniter(Object(CodeIgniter\CodeIgniter))
 8 FCPATH\index.php(67): CodeIgniter\Boot::bootWeb(Object(Config\Paths))
WARNING - 2026-02-18 05:02:43 --> [DEPRECATED] Creation of dynamic property App\Models\CartModel::$builderPaymentMethods is deprecated in APPPATH\Models\CartModel.php on line 17.
 1 APPPATH\Controllers\BaseController.php(147): App\Models\CartModel->__construct()
 2 APPPATH\Controllers\AjaxController.php(20): App\Controllers\BaseController->initController(Object(CodeIgniter\HTTP\IncomingRequest), Object(CodeIgniter\HTTP\Response), Object(CodeIgniter\Log\Logger))
 3 SYSTEMPATH\CodeIgniter.php(904): App\Controllers\AjaxController->initController(Object(CodeIgniter\HTTP\IncomingRequest), Object(CodeIgniter\HTTP\Response), Object(CodeIgniter\Log\Logger))
 4 SYSTEMPATH\CodeIgniter.php(498): CodeIgniter\CodeIgniter->createController()
 5 SYSTEMPATH\CodeIgniter.php(354): CodeIgniter\CodeIgniter->handleRequest(null, Object(Config\Cache), false)
 6 SYSTEMPATH\Boot.php(363): CodeIgniter\CodeIgniter->run()
 7 SYSTEMPATH\Boot.php(68): CodeIgniter\Boot::runCodeIgniter(Object(CodeIgniter\CodeIgniter))
 8 FCPATH\index.php(67): CodeIgniter\Boot::bootWeb(Object(Config\Paths))
WARNING - 2026-02-18 05:03:30 --> [DEPRECATED] Creation of dynamic property App\Models\CartModel::$builderCheckouts is deprecated in APPPATH\Models\CartModel.php on line 15.
 1 APPPATH\Controllers\BaseController.php(147): App\Models\CartModel->__construct()
 2 APPPATH\Controllers\AjaxController.php(20): App\Controllers\BaseController->initController(Object(CodeIgniter\HTTP\IncomingRequest), Object(CodeIgniter\HTTP\Response), Object(CodeIgniter\Log\Logger))
 3 SYSTEMPATH\CodeIgniter.php(904): App\Controllers\AjaxController->initController(Object(CodeIgniter\HTTP\IncomingRequest), Object(CodeIgniter\HTTP\Response), Object(CodeIgniter\Log\Logger))
 4 SYSTEMPATH\CodeIgniter.php(498): CodeIgniter\CodeIgniter->createController()
 5 SYSTEMPATH\CodeIgniter.php(354): CodeIgniter\CodeIgniter->handleRequest(null, Object(Config\Cache), false)
 6 SYSTEMPATH\Boot.php(363): CodeIgniter\CodeIgniter->run()
 7 SYSTEMPATH\Boot.php(68): CodeIgniter\Boot::runCodeIgniter(Object(CodeIgniter\CodeIgniter))
 8 FCPATH\index.php(67): CodeIgniter\Boot::bootWeb(Object(Config\Paths))
WARNING - 2026-02-18 05:03:30 --> [DEPRECATED] Creation of dynamic property App\Models\CartModel::$builderCheckoutItems is deprecated in APPPATH\Models\CartModel.php on line 16.
 1 APPPATH\Controllers\BaseController.php(147): App\Models\CartModel->__construct()
 2 APPPATH\Controllers\AjaxController.php(20): App\Controllers\BaseController->initController(Object(CodeIgniter\HTTP\IncomingRequest), Object(CodeIgniter\HTTP\Response), Object(CodeIgniter\Log\Logger))
 3 SYSTEMPATH\CodeIgniter.php(904): App\Controllers\AjaxController->initController(Object(CodeIgniter\HTTP\IncomingRequest), Object(CodeIgniter\HTTP\Response), Object(CodeIgniter\Log\Logger))
 4 SYSTEMPATH\CodeIgniter.php(498): CodeIgniter\CodeIgniter->createController()
 5 SYSTEMPATH\CodeIgniter.php(354): CodeIgniter\CodeIgniter->handleRequest(null, Object(Config\Cache), false)
 6 SYSTEMPATH\Boot.php(363): CodeIgniter\CodeIgniter->run()
 7 SYSTEMPATH\Boot.php(68): CodeIgniter\Boot::runCodeIgniter(Object(CodeIgniter\CodeIgniter))
 8 FCPATH\index.php(67): CodeIgniter\Boot::bootWeb(Object(Config\Paths))
WARNING - 2026-02-18 05:03:30 --> [DEPRECATED] Creation of dynamic property App\Models\CartModel::$builderPaymentMethods is deprecated in APPPATH\Models\CartModel.php on line 17.
 1 APPPATH\Controllers\BaseController.php(147): App\Models\CartModel->__construct()
 2 APPPATH\Controllers\AjaxController.php(20): App\Controllers\BaseController->initController(Object(CodeIgniter\HTTP\IncomingRequest), Object(CodeIgniter\HTTP\Response), Object(CodeIgniter\Log\Logger))
 3 SYSTEMPATH\CodeIgniter.php(904): App\Controllers\AjaxController->initController(Object(CodeIgniter\HTTP\IncomingRequest), Object(CodeIgniter\HTTP\Response), Object(CodeIgniter\Log\Logger))
 4 SYSTEMPATH\CodeIgniter.php(498): CodeIgniter\CodeIgniter->createController()
 5 SYSTEMPATH\CodeIgniter.php(354): CodeIgniter\CodeIgniter->handleRequest(null, Object(Config\Cache), false)
 6 SYSTEMPATH\Boot.php(363): CodeIgniter\CodeIgniter->run()
 7 SYSTEMPATH\Boot.php(68): CodeIgniter\Boot::runCodeIgniter(Object(CodeIgniter\CodeIgniter))
 8 FCPATH\index.php(67): CodeIgniter\Boot::bootWeb(Object(Config\Paths))
WARNING - 2026-02-18 05:03:48 --> [DEPRECATED] Creation of dynamic property App\Models\CartModel::$builderCheckouts is deprecated in APPPATH\Models\CartModel.php on line 15.
 1 APPPATH\Controllers\BaseController.php(147): App\Models\CartModel->__construct()
 2 APPPATH\Controllers\HomeController.php(35): App\Controllers\BaseController->initController(Object(CodeIgniter\HTTP\IncomingRequest), Object(CodeIgniter\HTTP\Response), Object(CodeIgniter\Log\Logger))
 3 SYSTEMPATH\CodeIgniter.php(904): App\Controllers\HomeController->initController(Object(CodeIgniter\HTTP\IncomingRequest), Object(CodeIgniter\HTTP\Response), Object(CodeIgniter\Log\Logger))
 4 SYSTEMPATH\CodeIgniter.php(498): CodeIgniter\CodeIgniter->createController()
 5 SYSTEMPATH\CodeIgniter.php(354): CodeIgniter\CodeIgniter->handleRequest(null, Object(Config\Cache), false)
 6 SYSTEMPATH\Boot.php(363): CodeIgniter\CodeIgniter->run()
 7 SYSTEMPATH\Boot.php(68): CodeIgniter\Boot::runCodeIgniter(Object(CodeIgniter\CodeIgniter))
 8 FCPATH\index.php(67): CodeIgniter\Boot::bootWeb(Object(Config\Paths))
WARNING - 2026-02-18 05:03:48 --> [DEPRECATED] Creation of dynamic property App\Models\CartModel::$builderCheckoutItems is deprecated in APPPATH\Models\CartModel.php on line 16.
 1 APPPATH\Controllers\BaseController.php(147): App\Models\CartModel->__construct()
 2 APPPATH\Controllers\HomeController.php(35): App\Controllers\BaseController->initController(Object(CodeIgniter\HTTP\IncomingRequest), Object(CodeIgniter\HTTP\Response), Object(CodeIgniter\Log\Logger))
 3 SYSTEMPATH\CodeIgniter.php(904): App\Controllers\HomeController->initController(Object(CodeIgniter\HTTP\IncomingRequest), Object(CodeIgniter\HTTP\Response), Object(CodeIgniter\Log\Logger))
 4 SYSTEMPATH\CodeIgniter.php(498): CodeIgniter\CodeIgniter->createController()
 5 SYSTEMPATH\CodeIgniter.php(354): CodeIgniter\CodeIgniter->handleRequest(null, Object(Config\Cache), false)
 6 SYSTEMPATH\Boot.php(363): CodeIgniter\CodeIgniter->run()
 7 SYSTEMPATH\Boot.php(68): CodeIgniter\Boot::runCodeIgniter(Object(CodeIgniter\CodeIgniter))
 8 FCPATH\index.php(67): CodeIgniter\Boot::bootWeb(Object(Config\Paths))
WARNING - 2026-02-18 05:03:48 --> [DEPRECATED] Creation of dynamic property App\Models\CartModel::$builderPaymentMethods is deprecated in APPPATH\Models\CartModel.php on line 17.
 1 APPPATH\Controllers\BaseController.php(147): App\Models\CartModel->__construct()
 2 APPPATH\Controllers\HomeController.php(35): App\Controllers\BaseController->initController(Object(CodeIgniter\HTTP\IncomingRequest), Object(CodeIgniter\HTTP\Response), Object(CodeIgniter\Log\Logger))
 3 SYSTEMPATH\CodeIgniter.php(904): App\Controllers\HomeController->initController(Object(CodeIgniter\HTTP\IncomingRequest), Object(CodeIgniter\HTTP\Response), Object(CodeIgniter\Log\Logger))
 4 SYSTEMPATH\CodeIgniter.php(498): CodeIgniter\CodeIgniter->createController()
 5 SYSTEMPATH\CodeIgniter.php(354): CodeIgniter\CodeIgniter->handleRequest(null, Object(Config\Cache), false)
 6 SYSTEMPATH\Boot.php(363): CodeIgniter\CodeIgniter->run()
 7 SYSTEMPATH\Boot.php(68): CodeIgniter\Boot::runCodeIgniter(Object(CodeIgniter\CodeIgniter))
 8 FCPATH\index.php(67): CodeIgniter\Boot::bootWeb(Object(Config\Paths))
WARNING - 2026-02-18 05:03:48 --> [DEPRECATED] Creation of dynamic property App\Models\CartModel::$builderCheckouts is deprecated in APPPATH\Models\CartModel.php on line 15.
 1 APPPATH\Controllers\BaseController.php(147): App\Models\CartModel->__construct()
 2 APPPATH\Controllers\AjaxController.php(20): App\Controllers\BaseController->initController(Object(CodeIgniter\HTTP\IncomingRequest), Object(CodeIgniter\HTTP\Response), Object(CodeIgniter\Log\Logger))
 3 SYSTEMPATH\CodeIgniter.php(904): App\Controllers\AjaxController->initController(Object(CodeIgniter\HTTP\IncomingRequest), Object(CodeIgniter\HTTP\Response), Object(CodeIgniter\Log\Logger))
 4 SYSTEMPATH\CodeIgniter.php(498): CodeIgniter\CodeIgniter->createController()
 5 SYSTEMPATH\CodeIgniter.php(354): CodeIgniter\CodeIgniter->handleRequest(null, Object(Config\Cache), false)
 6 SYSTEMPATH\Boot.php(363): CodeIgniter\CodeIgniter->run()
 7 SYSTEMPATH\Boot.php(68): CodeIgniter\Boot::runCodeIgniter(Object(CodeIgniter\CodeIgniter))
 8 FCPATH\index.php(67): CodeIgniter\Boot::bootWeb(Object(Config\Paths))
WARNING - 2026-02-18 05:03:48 --> [DEPRECATED] Creation of dynamic property App\Models\CartModel::$builderCheckoutItems is deprecated in APPPATH\Models\CartModel.php on line 16.
 1 APPPATH\Controllers\BaseController.php(147): App\Models\CartModel->__construct()
 2 APPPATH\Controllers\AjaxController.php(20): App\Controllers\BaseController->initController(Object(CodeIgniter\HTTP\IncomingRequest), Object(CodeIgniter\HTTP\Response), Object(CodeIgniter\Log\Logger))
 3 SYSTEMPATH\CodeIgniter.php(904): App\Controllers\AjaxController->initController(Object(CodeIgniter\HTTP\IncomingRequest), Object(CodeIgniter\HTTP\Response), Object(CodeIgniter\Log\Logger))
 4 SYSTEMPATH\CodeIgniter.php(498): CodeIgniter\CodeIgniter->createController()
 5 SYSTEMPATH\CodeIgniter.php(354): CodeIgniter\CodeIgniter->handleRequest(null, Object(Config\Cache), false)
 6 SYSTEMPATH\Boot.php(363): CodeIgniter\CodeIgniter->run()
 7 SYSTEMPATH\Boot.php(68): CodeIgniter\Boot::runCodeIgniter(Object(CodeIgniter\CodeIgniter))
 8 FCPATH\index.php(67): CodeIgniter\Boot::bootWeb(Object(Config\Paths))
WARNING - 2026-02-18 05:03:48 --> [DEPRECATED] Creation of dynamic property App\Models\CartModel::$builderPaymentMethods is deprecated in APPPATH\Models\CartModel.php on line 17.
 1 APPPATH\Controllers\BaseController.php(147): App\Models\CartModel->__construct()
 2 APPPATH\Controllers\AjaxController.php(20): App\Controllers\BaseController->initController(Object(CodeIgniter\HTTP\IncomingRequest), Object(CodeIgniter\HTTP\Response), Object(CodeIgniter\Log\Logger))
 3 SYSTEMPATH\CodeIgniter.php(904): App\Controllers\AjaxController->initController(Object(CodeIgniter\HTTP\IncomingRequest), Object(CodeIgniter\HTTP\Response), Object(CodeIgniter\Log\Logger))
 4 SYSTEMPATH\CodeIgniter.php(498): CodeIgniter\CodeIgniter->createController()
 5 SYSTEMPATH\CodeIgniter.php(354): CodeIgniter\CodeIgniter->handleRequest(null, Object(Config\Cache), false)
 6 SYSTEMPATH\Boot.php(363): CodeIgniter\CodeIgniter->run()
 7 SYSTEMPATH\Boot.php(68): CodeIgniter\Boot::runCodeIgniter(Object(CodeIgniter\CodeIgniter))
 8 FCPATH\index.php(67): CodeIgniter\Boot::bootWeb(Object(Config\Paths))
WARNING - 2026-02-18 08:53:43 --> [DEPRECATED] Creation of dynamic property App\Models\CartModel::$builderCheckouts is deprecated in APPPATH\Models\CartModel.php on line 15.
 1 APPPATH\Controllers\BaseController.php(147): App\Models\CartModel->__construct()
 2 APPPATH\Controllers\AjaxController.php(20): App\Controllers\BaseController->initController(Object(CodeIgniter\HTTP\IncomingRequest), Object(CodeIgniter\HTTP\Response), Object(CodeIgniter\Log\Logger))
 3 SYSTEMPATH\CodeIgniter.php(904): App\Controllers\AjaxController->initController(Object(CodeIgniter\HTTP\IncomingRequest), Object(CodeIgniter\HTTP\Response), Object(CodeIgniter\Log\Logger))
 4 SYSTEMPATH\CodeIgniter.php(498): CodeIgniter\CodeIgniter->createController()
 5 SYSTEMPATH\CodeIgniter.php(354): CodeIgniter\CodeIgniter->handleRequest(null, Object(Config\Cache), false)
 6 SYSTEMPATH\Boot.php(363): CodeIgniter\CodeIgniter->run()
 7 SYSTEMPATH\Boot.php(68): CodeIgniter\Boot::runCodeIgniter(Object(CodeIgniter\CodeIgniter))
 8 FCPATH\index.php(67): CodeIgniter\Boot::bootWeb(Object(Config\Paths))
WARNING - 2026-02-18 08:53:43 --> [DEPRECATED] Creation of dynamic property App\Models\CartModel::$builderCheckoutItems is deprecated in APPPATH\Models\CartModel.php on line 16.
 1 APPPATH\Controllers\BaseController.php(147): App\Models\CartModel->__construct()
 2 APPPATH\Controllers\AjaxController.php(20): App\Controllers\BaseController->initController(Object(CodeIgniter\HTTP\IncomingRequest), Object(CodeIgniter\HTTP\Response), Object(CodeIgniter\Log\Logger))
 3 SYSTEMPATH\CodeIgniter.php(904): App\Controllers\AjaxController->initController(Object(CodeIgniter\HTTP\IncomingRequest), Object(CodeIgniter\HTTP\Response), Object(CodeIgniter\Log\Logger))
 4 SYSTEMPATH\CodeIgniter.php(498): CodeIgniter\CodeIgniter->createController()
 5 SYSTEMPATH\CodeIgniter.php(354): CodeIgniter\CodeIgniter->handleRequest(null, Object(Config\Cache), false)
 6 SYSTEMPATH\Boot.php(363): CodeIgniter\CodeIgniter->run()
 7 SYSTEMPATH\Boot.php(68): CodeIgniter\Boot::runCodeIgniter(Object(CodeIgniter\CodeIgniter))
 8 FCPATH\index.php(67): CodeIgniter\Boot::bootWeb(Object(Config\Paths))
WARNING - 2026-02-18 08:53:43 --> [DEPRECATED] Creation of dynamic property App\Models\CartModel::$builderPaymentMethods is deprecated in APPPATH\Models\CartModel.php on line 17.
 1 APPPATH\Controllers\BaseController.php(147): App\Models\CartModel->__construct()
 2 APPPATH\Controllers\AjaxController.php(20): App\Controllers\BaseController->initController(Object(CodeIgniter\HTTP\IncomingRequest), Object(CodeIgniter\HTTP\Response), Object(CodeIgniter\Log\Logger))
 3 SYSTEMPATH\CodeIgniter.php(904): App\Controllers\AjaxController->initController(Object(CodeIgniter\HTTP\IncomingRequest), Object(CodeIgniter\HTTP\Response), Object(CodeIgniter\Log\Logger))
 4 SYSTEMPATH\CodeIgniter.php(498): CodeIgniter\CodeIgniter->createController()
 5 SYSTEMPATH\CodeIgniter.php(354): CodeIgniter\CodeIgniter->handleRequest(null, Object(Config\Cache), false)
 6 SYSTEMPATH\Boot.php(363): CodeIgniter\CodeIgniter->run()
 7 SYSTEMPATH\Boot.php(68): CodeIgniter\Boot::runCodeIgniter(Object(CodeIgniter\CodeIgniter))
 8 FCPATH\index.php(67): CodeIgniter\Boot::bootWeb(Object(Config\Paths))
WARNING - 2026-02-18 09:06:30 --> [DEPRECATED] Creation of dynamic property App\Models\CartModel::$builderCheckouts is deprecated in APPPATH\Models\CartModel.php on line 15.
 1 APPPATH\Controllers\BaseController.php(147): App\Models\CartModel->__construct()
 2 APPPATH\Controllers\AjaxController.php(20): App\Controllers\BaseController->initController(Object(CodeIgniter\HTTP\IncomingRequest), Object(CodeIgniter\HTTP\Response), Object(CodeIgniter\Log\Logger))
 3 SYSTEMPATH\CodeIgniter.php(904): App\Controllers\AjaxController->initController(Object(CodeIgniter\HTTP\IncomingRequest), Object(CodeIgniter\HTTP\Response), Object(CodeIgniter\Log\Logger))
 4 SYSTEMPATH\CodeIgniter.php(498): CodeIgniter\CodeIgniter->createController()
 5 SYSTEMPATH\CodeIgniter.php(354): CodeIgniter\CodeIgniter->handleRequest(null, Object(Config\Cache), false)
 6 SYSTEMPATH\Boot.php(363): CodeIgniter\CodeIgniter->run()
 7 SYSTEMPATH\Boot.php(68): CodeIgniter\Boot::runCodeIgniter(Object(CodeIgniter\CodeIgniter))
 8 FCPATH\index.php(67): CodeIgniter\Boot::bootWeb(Object(Config\Paths))
WARNING - 2026-02-18 09:06:30 --> [DEPRECATED] Creation of dynamic property App\Models\CartModel::$builderCheckoutItems is deprecated in APPPATH\Models\CartModel.php on line 16.
 1 APPPATH\Controllers\BaseController.php(147): App\Models\CartModel->__construct()
 2 APPPATH\Controllers\AjaxController.php(20): App\Controllers\BaseController->initController(Object(CodeIgniter\HTTP\IncomingRequest), Object(CodeIgniter\HTTP\Response), Object(CodeIgniter\Log\Logger))
 3 SYSTEMPATH\CodeIgniter.php(904): App\Controllers\AjaxController->initController(Object(CodeIgniter\HTTP\IncomingRequest), Object(CodeIgniter\HTTP\Response), Object(CodeIgniter\Log\Logger))
 4 SYSTEMPATH\CodeIgniter.php(498): CodeIgniter\CodeIgniter->createController()
 5 SYSTEMPATH\CodeIgniter.php(354): CodeIgniter\CodeIgniter->handleRequest(null, Object(Config\Cache), false)
 6 SYSTEMPATH\Boot.php(363): CodeIgniter\CodeIgniter->run()
 7 SYSTEMPATH\Boot.php(68): CodeIgniter\Boot::runCodeIgniter(Object(CodeIgniter\CodeIgniter))
 8 FCPATH\index.php(67): CodeIgniter\Boot::bootWeb(Object(Config\Paths))
WARNING - 2026-02-18 09:06:30 --> [DEPRECATED] Creation of dynamic property App\Models\CartModel::$builderPaymentMethods is deprecated in APPPATH\Models\CartModel.php on line 17.
 1 APPPATH\Controllers\BaseController.php(147): App\Models\CartModel->__construct()
 2 APPPATH\Controllers\AjaxController.php(20): App\Controllers\BaseController->initController(Object(CodeIgniter\HTTP\IncomingRequest), Object(CodeIgniter\HTTP\Response), Object(CodeIgniter\Log\Logger))
 3 SYSTEMPATH\CodeIgniter.php(904): App\Controllers\AjaxController->initController(Object(CodeIgniter\HTTP\IncomingRequest), Object(CodeIgniter\HTTP\Response), Object(CodeIgniter\Log\Logger))
 4 SYSTEMPATH\CodeIgniter.php(498): CodeIgniter\CodeIgniter->createController()
 5 SYSTEMPATH\CodeIgniter.php(354): CodeIgniter\CodeIgniter->handleRequest(null, Object(Config\Cache), false)
 6 SYSTEMPATH\Boot.php(363): CodeIgniter\CodeIgniter->run()
 7 SYSTEMPATH\Boot.php(68): CodeIgniter\Boot::runCodeIgniter(Object(CodeIgniter\CodeIgniter))
 8 FCPATH\index.php(67): CodeIgniter\Boot::bootWeb(Object(Config\Paths))
WARNING - 2026-02-18 09:08:47 --> [DEPRECATED] Creation of dynamic property App\Models\CartModel::$builderCheckouts is deprecated in APPPATH\Models\CartModel.php on line 15.
 1 APPPATH\Controllers\BaseController.php(147): App\Models\CartModel->__construct()
 2 APPPATH\Controllers\AjaxController.php(20): App\Controllers\BaseController->initController(Object(CodeIgniter\HTTP\IncomingRequest), Object(CodeIgniter\HTTP\Response), Object(CodeIgniter\Log\Logger))
 3 SYSTEMPATH\CodeIgniter.php(904): App\Controllers\AjaxController->initController(Object(CodeIgniter\HTTP\IncomingRequest), Object(CodeIgniter\HTTP\Response), Object(CodeIgniter\Log\Logger))
 4 SYSTEMPATH\CodeIgniter.php(498): CodeIgniter\CodeIgniter->createController()
 5 SYSTEMPATH\CodeIgniter.php(354): CodeIgniter\CodeIgniter->handleRequest(null, Object(Config\Cache), false)
 6 SYSTEMPATH\Boot.php(363): CodeIgniter\CodeIgniter->run()
 7 SYSTEMPATH\Boot.php(68): CodeIgniter\Boot::runCodeIgniter(Object(CodeIgniter\CodeIgniter))
 8 FCPATH\index.php(67): CodeIgniter\Boot::bootWeb(Object(Config\Paths))
WARNING - 2026-02-18 09:08:47 --> [DEPRECATED] Creation of dynamic property App\Models\CartModel::$builderCheckoutItems is deprecated in APPPATH\Models\CartModel.php on line 16.
 1 APPPATH\Controllers\BaseController.php(147): App\Models\CartModel->__construct()
 2 APPPATH\Controllers\AjaxController.php(20): App\Controllers\BaseController->initController(Object(CodeIgniter\HTTP\IncomingRequest), Object(CodeIgniter\HTTP\Response), Object(CodeIgniter\Log\Logger))
 3 SYSTEMPATH\CodeIgniter.php(904): App\Controllers\AjaxController->initController(Object(CodeIgniter\HTTP\IncomingRequest), Object(CodeIgniter\HTTP\Response), Object(CodeIgniter\Log\Logger))
 4 SYSTEMPATH\CodeIgniter.php(498): CodeIgniter\CodeIgniter->createController()
 5 SYSTEMPATH\CodeIgniter.php(354): CodeIgniter\CodeIgniter->handleRequest(null, Object(Config\Cache), false)
 6 SYSTEMPATH\Boot.php(363): CodeIgniter\CodeIgniter->run()
 7 SYSTEMPATH\Boot.php(68): CodeIgniter\Boot::runCodeIgniter(Object(CodeIgniter\CodeIgniter))
 8 FCPATH\index.php(67): CodeIgniter\Boot::bootWeb(Object(Config\Paths))
WARNING - 2026-02-18 09:08:47 --> [DEPRECATED] Creation of dynamic property App\Models\CartModel::$builderPaymentMethods is deprecated in APPPATH\Models\CartModel.php on line 17.
 1 APPPATH\Controllers\BaseController.php(147): App\Models\CartModel->__construct()
 2 APPPATH\Controllers\AjaxController.php(20): App\Controllers\BaseController->initController(Object(CodeIgniter\HTTP\IncomingRequest), Object(CodeIgniter\HTTP\Response), Object(CodeIgniter\Log\Logger))
 3 SYSTEMPATH\CodeIgniter.php(904): App\Controllers\AjaxController->initController(Object(CodeIgniter\HTTP\IncomingRequest), Object(CodeIgniter\HTTP\Response), Object(CodeIgniter\Log\Logger))
 4 SYSTEMPATH\CodeIgniter.php(498): CodeIgniter\CodeIgniter->createController()
 5 SYSTEMPATH\CodeIgniter.php(354): CodeIgniter\CodeIgniter->handleRequest(null, Object(Config\Cache), false)
 6 SYSTEMPATH\Boot.php(363): CodeIgniter\CodeIgniter->run()
 7 SYSTEMPATH\Boot.php(68): CodeIgniter\Boot::runCodeIgniter(Object(CodeIgniter\CodeIgniter))
 8 FCPATH\index.php(67): CodeIgniter\Boot::bootWeb(Object(Config\Paths))
WARNING - 2026-02-18 09:09:24 --> [DEPRECATED] Creation of dynamic property App\Models\CartModel::$builderCheckouts is deprecated in APPPATH\Models\CartModel.php on line 15.
 1 APPPATH\Controllers\BaseController.php(147): App\Models\CartModel->__construct()
 2 APPPATH\Controllers\CartController.php(25): App\Controllers\BaseController->initController(Object(CodeIgniter\HTTP\IncomingRequest), Object(CodeIgniter\HTTP\Response), Object(CodeIgniter\Log\Logger))
 3 SYSTEMPATH\CodeIgniter.php(904): App\Controllers\CartController->initController(Object(CodeIgniter\HTTP\IncomingRequest), Object(CodeIgniter\HTTP\Response), Object(CodeIgniter\Log\Logger))
 4 SYSTEMPATH\CodeIgniter.php(498): CodeIgniter\CodeIgniter->createController()
 5 SYSTEMPATH\CodeIgniter.php(354): CodeIgniter\CodeIgniter->handleRequest(null, Object(Config\Cache), false)
 6 SYSTEMPATH\Boot.php(363): CodeIgniter\CodeIgniter->run()
 7 SYSTEMPATH\Boot.php(68): CodeIgniter\Boot::runCodeIgniter(Object(CodeIgniter\CodeIgniter))
 8 FCPATH\index.php(67): CodeIgniter\Boot::bootWeb(Object(Config\Paths))
WARNING - 2026-02-18 09:09:24 --> [DEPRECATED] Creation of dynamic property App\Models\CartModel::$builderCheckoutItems is deprecated in APPPATH\Models\CartModel.php on line 16.
 1 APPPATH\Controllers\BaseController.php(147): App\Models\CartModel->__construct()
 2 APPPATH\Controllers\CartController.php(25): App\Controllers\BaseController->initController(Object(CodeIgniter\HTTP\IncomingRequest), Object(CodeIgniter\HTTP\Response), Object(CodeIgniter\Log\Logger))
 3 SYSTEMPATH\CodeIgniter.php(904): App\Controllers\CartController->initController(Object(CodeIgniter\HTTP\IncomingRequest), Object(CodeIgniter\HTTP\Response), Object(CodeIgniter\Log\Logger))
 4 SYSTEMPATH\CodeIgniter.php(498): CodeIgniter\CodeIgniter->createController()
 5 SYSTEMPATH\CodeIgniter.php(354): CodeIgniter\CodeIgniter->handleRequest(null, Object(Config\Cache), false)
 6 SYSTEMPATH\Boot.php(363): CodeIgniter\CodeIgniter->run()
 7 SYSTEMPATH\Boot.php(68): CodeIgniter\Boot::runCodeIgniter(Object(CodeIgniter\CodeIgniter))
 8 FCPATH\index.php(67): CodeIgniter\Boot::bootWeb(Object(Config\Paths))
WARNING - 2026-02-18 09:09:24 --> [DEPRECATED] Creation of dynamic property App\Models\CartModel::$builderPaymentMethods is deprecated in APPPATH\Models\CartModel.php on line 17.
 1 APPPATH\Controllers\BaseController.php(147): App\Models\CartModel->__construct()
 2 APPPATH\Controllers\CartController.php(25): App\Controllers\BaseController->initController(Object(CodeIgniter\HTTP\IncomingRequest), Object(CodeIgniter\HTTP\Response), Object(CodeIgniter\Log\Logger))
 3 SYSTEMPATH\CodeIgniter.php(904): App\Controllers\CartController->initController(Object(CodeIgniter\HTTP\IncomingRequest), Object(CodeIgniter\HTTP\Response), Object(CodeIgniter\Log\Logger))
 4 SYSTEMPATH\CodeIgniter.php(498): CodeIgniter\CodeIgniter->createController()
 5 SYSTEMPATH\CodeIgniter.php(354): CodeIgniter\CodeIgniter->handleRequest(null, Object(Config\Cache), false)
 6 SYSTEMPATH\Boot.php(363): CodeIgniter\CodeIgniter->run()
 7 SYSTEMPATH\Boot.php(68): CodeIgniter\Boot::runCodeIgniter(Object(CodeIgniter\CodeIgniter))
 8 FCPATH\index.php(67): CodeIgniter\Boot::bootWeb(Object(Config\Paths))
WARNING - 2026-02-18 09:09:24 --> [DEPRECATED] Creation of dynamic property App\Models\CartModel::$builderCheckouts is deprecated in APPPATH\Models\CartModel.php on line 15.
 1 APPPATH\Controllers\CartController.php(26): App\Models\CartModel->__construct()
 2 SYSTEMPATH\CodeIgniter.php(904): App\Controllers\CartController->initController(Object(CodeIgniter\HTTP\IncomingRequest), Object(CodeIgniter\HTTP\Response), Object(CodeIgniter\Log\Logger))
 3 SYSTEMPATH\CodeIgniter.php(498): CodeIgniter\CodeIgniter->createController()
 4 SYSTEMPATH\CodeIgniter.php(354): CodeIgniter\CodeIgniter->handleRequest(null, Object(Config\Cache), false)
 5 SYSTEMPATH\Boot.php(363): CodeIgniter\CodeIgniter->run()
 6 SYSTEMPATH\Boot.php(68): CodeIgniter\Boot::runCodeIgniter(Object(CodeIgniter\CodeIgniter))
 7 FCPATH\index.php(67): CodeIgniter\Boot::bootWeb(Object(Config\Paths))
WARNING - 2026-02-18 09:09:24 --> [DEPRECATED] Creation of dynamic property App\Models\CartModel::$builderCheckoutItems is deprecated in APPPATH\Models\CartModel.php on line 16.
 1 APPPATH\Controllers\CartController.php(26): App\Models\CartModel->__construct()
 2 SYSTEMPATH\CodeIgniter.php(904): App\Controllers\CartController->initController(Object(CodeIgniter\HTTP\IncomingRequest), Object(CodeIgniter\HTTP\Response), Object(CodeIgniter\Log\Logger))
 3 SYSTEMPATH\CodeIgniter.php(498): CodeIgniter\CodeIgniter->createController()
 4 SYSTEMPATH\CodeIgniter.php(354): CodeIgniter\CodeIgniter->handleRequest(null, Object(Config\Cache), false)
 5 SYSTEMPATH\Boot.php(363): CodeIgniter\CodeIgniter->run()
 6 SYSTEMPATH\Boot.php(68): CodeIgniter\Boot::runCodeIgniter(Object(CodeIgniter\CodeIgniter))
 7 FCPATH\index.php(67): CodeIgniter\Boot::bootWeb(Object(Config\Paths))
WARNING - 2026-02-18 09:09:24 --> [DEPRECATED] Creation of dynamic property App\Models\CartModel::$builderPaymentMethods is deprecated in APPPATH\Models\CartModel.php on line 17.
 1 APPPATH\Controllers\CartController.php(26): App\Models\CartModel->__construct()
 2 SYSTEMPATH\CodeIgniter.php(904): App\Controllers\CartController->initController(Object(CodeIgniter\HTTP\IncomingRequest), Object(CodeIgniter\HTTP\Response), Object(CodeIgniter\Log\Logger))
 3 SYSTEMPATH\CodeIgniter.php(498): CodeIgniter\CodeIgniter->createController()
 4 SYSTEMPATH\CodeIgniter.php(354): CodeIgniter\CodeIgniter->handleRequest(null, Object(Config\Cache), false)
 5 SYSTEMPATH\Boot.php(363): CodeIgniter\CodeIgniter->run()
 6 SYSTEMPATH\Boot.php(68): CodeIgniter\Boot::runCodeIgniter(Object(CodeIgniter\CodeIgniter))
 7 FCPATH\index.php(67): CodeIgniter\Boot::bootWeb(Object(Config\Paths))
WARNING - 2026-02-18 09:09:24 --> [DEPRECATED] Creation of dynamic property App\Controllers\CartController::$apiKey is deprecated in APPPATH\Controllers\CartController.php on line 34.
 1 SYSTEMPATH\CodeIgniter.php(904): App\Controllers\CartController->initController(Object(CodeIgniter\HTTP\IncomingRequest), Object(CodeIgniter\HTTP\Response), Object(CodeIgniter\Log\Logger))
 2 SYSTEMPATH\CodeIgniter.php(498): CodeIgniter\CodeIgniter->createController()
 3 SYSTEMPATH\CodeIgniter.php(354): CodeIgniter\CodeIgniter->handleRequest(null, Object(Config\Cache), false)
 4 SYSTEMPATH\Boot.php(363): CodeIgniter\CodeIgniter->run()
 5 SYSTEMPATH\Boot.php(68): CodeIgniter\Boot::runCodeIgniter(Object(CodeIgniter\CodeIgniter))
 6 FCPATH\index.php(67): CodeIgniter\Boot::bootWeb(Object(Config\Paths))
WARNING - 2026-02-18 09:09:24 --> [DEPRECATED] Creation of dynamic property App\Services\OngkirService::$baseUrl is deprecated in APPPATH\Services\OngkirService.php on line 11.
 1 APPPATH\Controllers\CartController.php(186): App\Services\OngkirService->__construct()
 2 SYSTEMPATH\CodeIgniter.php(933): App\Controllers\CartController->shipping()
 3 SYSTEMPATH\CodeIgniter.php(507): CodeIgniter\CodeIgniter->runController(Object(App\Controllers\CartController))
 4 SYSTEMPATH\CodeIgniter.php(354): CodeIgniter\CodeIgniter->handleRequest(null, Object(Config\Cache), false)
 5 SYSTEMPATH\Boot.php(363): CodeIgniter\CodeIgniter->run()
 6 SYSTEMPATH\Boot.php(68): CodeIgniter\Boot::runCodeIgniter(Object(CodeIgniter\CodeIgniter))
 7 FCPATH\index.php(67): CodeIgniter\Boot::bootWeb(Object(Config\Paths))
WARNING - 2026-02-18 09:09:24 --> [DEPRECATED] Creation of dynamic property App\Services\OngkirService::$CALCULATE_DELIVERY_COST is deprecated in APPPATH\Services\OngkirService.php on line 12.
 1 APPPATH\Controllers\CartController.php(186): App\Services\OngkirService->__construct()
 2 SYSTEMPATH\CodeIgniter.php(933): App\Controllers\CartController->shipping()
 3 SYSTEMPATH\CodeIgniter.php(507): CodeIgniter\CodeIgniter->runController(Object(App\Controllers\CartController))
 4 SYSTEMPATH\CodeIgniter.php(354): CodeIgniter\CodeIgniter->handleRequest(null, Object(Config\Cache), false)
 5 SYSTEMPATH\Boot.php(363): CodeIgniter\CodeIgniter->run()
 6 SYSTEMPATH\Boot.php(68): CodeIgniter\Boot::runCodeIgniter(Object(CodeIgniter\CodeIgniter))
 7 FCPATH\index.php(67): CodeIgniter\Boot::bootWeb(Object(Config\Paths))
WARNING - 2026-02-18 09:09:24 --> [DEPRECATED] Creation of dynamic property App\Services\OngkirService::$apiKey is deprecated in APPPATH\Services\OngkirService.php on line 13.
 1 APPPATH\Controllers\CartController.php(186): App\Services\OngkirService->__construct()
 2 SYSTEMPATH\CodeIgniter.php(933): App\Controllers\CartController->shipping()
 3 SYSTEMPATH\CodeIgniter.php(507): CodeIgniter\CodeIgniter->runController(Object(App\Controllers\CartController))
 4 SYSTEMPATH\CodeIgniter.php(354): CodeIgniter\CodeIgniter->handleRequest(null, Object(Config\Cache), false)
 5 SYSTEMPATH\Boot.php(363): CodeIgniter\CodeIgniter->run()
 6 SYSTEMPATH\Boot.php(68): CodeIgniter\Boot::runCodeIgniter(Object(CodeIgniter\CodeIgniter))
 7 FCPATH\index.php(67): CodeIgniter\Boot::bootWeb(Object(Config\Paths))
WARNING - 2026-02-18 09:09:24 --> [DEPRECATED] Creation of dynamic property App\Services\OngkirService::$listCourier is deprecated in APPPATH\Services\OngkirService.php on line 14.
 1 APPPATH\Controllers\CartController.php(186): App\Services\OngkirService->__construct()
 2 SYSTEMPATH\CodeIgniter.php(933): App\Controllers\CartController->shipping()
 3 SYSTEMPATH\CodeIgniter.php(507): CodeIgniter\CodeIgniter->runController(Object(App\Controllers\CartController))
 4 SYSTEMPATH\CodeIgniter.php(354): CodeIgniter\CodeIgniter->handleRequest(null, Object(Config\Cache), false)
 5 SYSTEMPATH\Boot.php(363): CodeIgniter\CodeIgniter->run()
 6 SYSTEMPATH\Boot.php(68): CodeIgniter\Boot::runCodeIgniter(Object(CodeIgniter\CodeIgniter))
 7 FCPATH\index.php(67): CodeIgniter\Boot::bootWeb(Object(Config\Paths))
WARNING - 2026-02-18 09:09:25 --> [DEPRECATED] Creation of dynamic property App\Models\CartModel::$builderCheckouts is deprecated in APPPATH\Models\CartModel.php on line 15.
 1 APPPATH\Controllers\BaseController.php(147): App\Models\CartModel->__construct()
 2 APPPATH\Controllers\CartController.php(25): App\Controllers\BaseController->initController(Object(CodeIgniter\HTTP\IncomingRequest), Object(CodeIgniter\HTTP\Response), Object(CodeIgniter\Log\Logger))
 3 SYSTEMPATH\CodeIgniter.php(904): App\Controllers\CartController->initController(Object(CodeIgniter\HTTP\IncomingRequest), Object(CodeIgniter\HTTP\Response), Object(CodeIgniter\Log\Logger))
 4 SYSTEMPATH\CodeIgniter.php(498): CodeIgniter\CodeIgniter->createController()
 5 SYSTEMPATH\CodeIgniter.php(354): CodeIgniter\CodeIgniter->handleRequest(null, Object(Config\Cache), false)
 6 SYSTEMPATH\Boot.php(363): CodeIgniter\CodeIgniter->run()
 7 SYSTEMPATH\Boot.php(68): CodeIgniter\Boot::runCodeIgniter(Object(CodeIgniter\CodeIgniter))
 8 FCPATH\index.php(67): CodeIgniter\Boot::bootWeb(Object(Config\Paths))
WARNING - 2026-02-18 09:09:25 --> [DEPRECATED] Creation of dynamic property App\Models\CartModel::$builderCheckoutItems is deprecated in APPPATH\Models\CartModel.php on line 16.
 1 APPPATH\Controllers\BaseController.php(147): App\Models\CartModel->__construct()
 2 APPPATH\Controllers\CartController.php(25): App\Controllers\BaseController->initController(Object(CodeIgniter\HTTP\IncomingRequest), Object(CodeIgniter\HTTP\Response), Object(CodeIgniter\Log\Logger))
 3 SYSTEMPATH\CodeIgniter.php(904): App\Controllers\CartController->initController(Object(CodeIgniter\HTTP\IncomingRequest), Object(CodeIgniter\HTTP\Response), Object(CodeIgniter\Log\Logger))
 4 SYSTEMPATH\CodeIgniter.php(498): CodeIgniter\CodeIgniter->createController()
 5 SYSTEMPATH\CodeIgniter.php(354): CodeIgniter\CodeIgniter->handleRequest(null, Object(Config\Cache), false)
 6 SYSTEMPATH\Boot.php(363): CodeIgniter\CodeIgniter->run()
 7 SYSTEMPATH\Boot.php(68): CodeIgniter\Boot::runCodeIgniter(Object(CodeIgniter\CodeIgniter))
 8 FCPATH\index.php(67): CodeIgniter\Boot::bootWeb(Object(Config\Paths))
WARNING - 2026-02-18 09:09:25 --> [DEPRECATED] Creation of dynamic property App\Models\CartModel::$builderPaymentMethods is deprecated in APPPATH\Models\CartModel.php on line 17.
 1 APPPATH\Controllers\BaseController.php(147): App\Models\CartModel->__construct()
 2 APPPATH\Controllers\CartController.php(25): App\Controllers\BaseController->initController(Object(CodeIgniter\HTTP\IncomingRequest), Object(CodeIgniter\HTTP\Response), Object(CodeIgniter\Log\Logger))
 3 SYSTEMPATH\CodeIgniter.php(904): App\Controllers\CartController->initController(Object(CodeIgniter\HTTP\IncomingRequest), Object(CodeIgniter\HTTP\Response), Object(CodeIgniter\Log\Logger))
 4 SYSTEMPATH\CodeIgniter.php(498): CodeIgniter\CodeIgniter->createController()
 5 SYSTEMPATH\CodeIgniter.php(354): CodeIgniter\CodeIgniter->handleRequest(null, Object(Config\Cache), false)
 6 SYSTEMPATH\Boot.php(363): CodeIgniter\CodeIgniter->run()
 7 SYSTEMPATH\Boot.php(68): CodeIgniter\Boot::runCodeIgniter(Object(CodeIgniter\CodeIgniter))
 8 FCPATH\index.php(67): CodeIgniter\Boot::bootWeb(Object(Config\Paths))
WARNING - 2026-02-18 09:09:25 --> [DEPRECATED] Creation of dynamic property App\Models\CartModel::$builderCheckouts is deprecated in APPPATH\Models\CartModel.php on line 15.
 1 APPPATH\Controllers\CartController.php(26): App\Models\CartModel->__construct()
 2 SYSTEMPATH\CodeIgniter.php(904): App\Controllers\CartController->initController(Object(CodeIgniter\HTTP\IncomingRequest), Object(CodeIgniter\HTTP\Response), Object(CodeIgniter\Log\Logger))
 3 SYSTEMPATH\CodeIgniter.php(498): CodeIgniter\CodeIgniter->createController()
 4 SYSTEMPATH\CodeIgniter.php(354): CodeIgniter\CodeIgniter->handleRequest(null, Object(Config\Cache), false)
 5 SYSTEMPATH\Boot.php(363): CodeIgniter\CodeIgniter->run()
 6 SYSTEMPATH\Boot.php(68): CodeIgniter\Boot::runCodeIgniter(Object(CodeIgniter\CodeIgniter))
 7 FCPATH\index.php(67): CodeIgniter\Boot::bootWeb(Object(Config\Paths))
WARNING - 2026-02-18 09:09:25 --> [DEPRECATED] Creation of dynamic property App\Models\CartModel::$builderCheckoutItems is deprecated in APPPATH\Models\CartModel.php on line 16.
 1 APPPATH\Controllers\CartController.php(26): App\Models\CartModel->__construct()
 2 SYSTEMPATH\CodeIgniter.php(904): App\Controllers\CartController->initController(Object(CodeIgniter\HTTP\IncomingRequest), Object(CodeIgniter\HTTP\Response), Object(CodeIgniter\Log\Logger))
 3 SYSTEMPATH\CodeIgniter.php(498): CodeIgniter\CodeIgniter->createController()
 4 SYSTEMPATH\CodeIgniter.php(354): CodeIgniter\CodeIgniter->handleRequest(null, Object(Config\Cache), false)
 5 SYSTEMPATH\Boot.php(363): CodeIgniter\CodeIgniter->run()
 6 SYSTEMPATH\Boot.php(68): CodeIgniter\Boot::runCodeIgniter(Object(CodeIgniter\CodeIgniter))
 7 FCPATH\index.php(67): CodeIgniter\Boot::bootWeb(Object(Config\Paths))
WARNING - 2026-02-18 09:09:25 --> [DEPRECATED] Creation of dynamic property App\Models\CartModel::$builderPaymentMethods is deprecated in APPPATH\Models\CartModel.php on line 17.
 1 APPPATH\Controllers\CartController.php(26): App\Models\CartModel->__construct()
 2 SYSTEMPATH\CodeIgniter.php(904): App\Controllers\CartController->initController(Object(CodeIgniter\HTTP\IncomingRequest), Object(CodeIgniter\HTTP\Response), Object(CodeIgniter\Log\Logger))
 3 SYSTEMPATH\CodeIgniter.php(498): CodeIgniter\CodeIgniter->createController()
 4 SYSTEMPATH\CodeIgniter.php(354): CodeIgniter\CodeIgniter->handleRequest(null, Object(Config\Cache), false)
 5 SYSTEMPATH\Boot.php(363): CodeIgniter\CodeIgniter->run()
 6 SYSTEMPATH\Boot.php(68): CodeIgniter\Boot::runCodeIgniter(Object(CodeIgniter\CodeIgniter))
 7 FCPATH\index.php(67): CodeIgniter\Boot::bootWeb(Object(Config\Paths))
WARNING - 2026-02-18 09:09:25 --> [DEPRECATED] Creation of dynamic property App\Controllers\CartController::$apiKey is deprecated in APPPATH\Controllers\CartController.php on line 34.
 1 SYSTEMPATH\CodeIgniter.php(904): App\Controllers\CartController->initController(Object(CodeIgniter\HTTP\IncomingRequest), Object(CodeIgniter\HTTP\Response), Object(CodeIgniter\Log\Logger))
 2 SYSTEMPATH\CodeIgniter.php(498): CodeIgniter\CodeIgniter->createController()
 3 SYSTEMPATH\CodeIgniter.php(354): CodeIgniter\CodeIgniter->handleRequest(null, Object(Config\Cache), false)
 4 SYSTEMPATH\Boot.php(363): CodeIgniter\CodeIgniter->run()
 5 SYSTEMPATH\Boot.php(68): CodeIgniter\Boot::runCodeIgniter(Object(CodeIgniter\CodeIgniter))
 6 FCPATH\index.php(67): CodeIgniter\Boot::bootWeb(Object(Config\Paths))
WARNING - 2026-02-18 09:09:25 --> [DEPRECATED] Creation of dynamic property App\Models\CartModel::$builderCheckouts is deprecated in APPPATH\Models\CartModel.php on line 15.
 1 APPPATH\Controllers\BaseController.php(147): App\Models\CartModel->__construct()
 2 APPPATH\Controllers\AjaxController.php(20): App\Controllers\BaseController->initController(Object(CodeIgniter\HTTP\IncomingRequest), Object(CodeIgniter\HTTP\Response), Object(CodeIgniter\Log\Logger))
 3 SYSTEMPATH\CodeIgniter.php(904): App\Controllers\AjaxController->initController(Object(CodeIgniter\HTTP\IncomingRequest), Object(CodeIgniter\HTTP\Response), Object(CodeIgniter\Log\Logger))
 4 SYSTEMPATH\CodeIgniter.php(498): CodeIgniter\CodeIgniter->createController()
 5 SYSTEMPATH\CodeIgniter.php(354): CodeIgniter\CodeIgniter->handleRequest(null, Object(Config\Cache), false)
 6 SYSTEMPATH\Boot.php(363): CodeIgniter\CodeIgniter->run()
 7 SYSTEMPATH\Boot.php(68): CodeIgniter\Boot::runCodeIgniter(Object(CodeIgniter\CodeIgniter))
 8 FCPATH\index.php(67): CodeIgniter\Boot::bootWeb(Object(Config\Paths))
WARNING - 2026-02-18 09:09:25 --> [DEPRECATED] Creation of dynamic property App\Models\CartModel::$builderCheckoutItems is deprecated in APPPATH\Models\CartModel.php on line 16.
 1 APPPATH\Controllers\BaseController.php(147): App\Models\CartModel->__construct()
 2 APPPATH\Controllers\AjaxController.php(20): App\Controllers\BaseController->initController(Object(CodeIgniter\HTTP\IncomingRequest), Object(CodeIgniter\HTTP\Response), Object(CodeIgniter\Log\Logger))
 3 SYSTEMPATH\CodeIgniter.php(904): App\Controllers\AjaxController->initController(Object(CodeIgniter\HTTP\IncomingRequest), Object(CodeIgniter\HTTP\Response), Object(CodeIgniter\Log\Logger))
 4 SYSTEMPATH\CodeIgniter.php(498): CodeIgniter\CodeIgniter->createController()
 5 SYSTEMPATH\CodeIgniter.php(354): CodeIgniter\CodeIgniter->handleRequest(null, Object(Config\Cache), false)
 6 SYSTEMPATH\Boot.php(363): CodeIgniter\CodeIgniter->run()
 7 SYSTEMPATH\Boot.php(68): CodeIgniter\Boot::runCodeIgniter(Object(CodeIgniter\CodeIgniter))
 8 FCPATH\index.php(67): CodeIgniter\Boot::bootWeb(Object(Config\Paths))
WARNING - 2026-02-18 09:09:25 --> [DEPRECATED] Creation of dynamic property App\Models\CartModel::$builderPaymentMethods is deprecated in APPPATH\Models\CartModel.php on line 17.
 1 APPPATH\Controllers\BaseController.php(147): App\Models\CartModel->__construct()
 2 APPPATH\Controllers\AjaxController.php(20): App\Controllers\BaseController->initController(Object(CodeIgniter\HTTP\IncomingRequest), Object(CodeIgniter\HTTP\Response), Object(CodeIgniter\Log\Logger))
 3 SYSTEMPATH\CodeIgniter.php(904): App\Controllers\AjaxController->initController(Object(CodeIgniter\HTTP\IncomingRequest), Object(CodeIgniter\HTTP\Response), Object(CodeIgniter\Log\Logger))
 4 SYSTEMPATH\CodeIgniter.php(498): CodeIgniter\CodeIgniter->createController()
 5 SYSTEMPATH\CodeIgniter.php(354): CodeIgniter\CodeIgniter->handleRequest(null, Object(Config\Cache), false)
 6 SYSTEMPATH\Boot.php(363): CodeIgniter\CodeIgniter->run()
 7 SYSTEMPATH\Boot.php(68): CodeIgniter\Boot::runCodeIgniter(Object(CodeIgniter\CodeIgniter))
 8 FCPATH\index.php(67): CodeIgniter\Boot::bootWeb(Object(Config\Paths))
WARNING - 2026-02-18 09:09:32 --> [DEPRECATED] Creation of dynamic property App\Models\CartModel::$builderCheckouts is deprecated in APPPATH\Models\CartModel.php on line 15.
 1 APPPATH\Controllers\BaseController.php(147): App\Models\CartModel->__construct()
 2 APPPATH\Controllers\ProfileController.php(22): App\Controllers\BaseController->initController(Object(CodeIgniter\HTTP\IncomingRequest), Object(CodeIgniter\HTTP\Response), Object(CodeIgniter\Log\Logger))
 3 SYSTEMPATH\CodeIgniter.php(904): App\Controllers\ProfileController->initController(Object(CodeIgniter\HTTP\IncomingRequest), Object(CodeIgniter\HTTP\Response), Object(CodeIgniter\Log\Logger))
 4 SYSTEMPATH\CodeIgniter.php(498): CodeIgniter\CodeIgniter->createController()
 5 SYSTEMPATH\CodeIgniter.php(354): CodeIgniter\CodeIgniter->handleRequest(null, Object(Config\Cache), false)
 6 SYSTEMPATH\Boot.php(363): CodeIgniter\CodeIgniter->run()
 7 SYSTEMPATH\Boot.php(68): CodeIgniter\Boot::runCodeIgniter(Object(CodeIgniter\CodeIgniter))
 8 FCPATH\index.php(67): CodeIgniter\Boot::bootWeb(Object(Config\Paths))
WARNING - 2026-02-18 09:09:32 --> [DEPRECATED] Creation of dynamic property App\Models\CartModel::$builderCheckoutItems is deprecated in APPPATH\Models\CartModel.php on line 16.
 1 APPPATH\Controllers\BaseController.php(147): App\Models\CartModel->__construct()
 2 APPPATH\Controllers\ProfileController.php(22): App\Controllers\BaseController->initController(Object(CodeIgniter\HTTP\IncomingRequest), Object(CodeIgniter\HTTP\Response), Object(CodeIgniter\Log\Logger))
 3 SYSTEMPATH\CodeIgniter.php(904): App\Controllers\ProfileController->initController(Object(CodeIgniter\HTTP\IncomingRequest), Object(CodeIgniter\HTTP\Response), Object(CodeIgniter\Log\Logger))
 4 SYSTEMPATH\CodeIgniter.php(498): CodeIgniter\CodeIgniter->createController()
 5 SYSTEMPATH\CodeIgniter.php(354): CodeIgniter\CodeIgniter->handleRequest(null, Object(Config\Cache), false)
 6 SYSTEMPATH\Boot.php(363): CodeIgniter\CodeIgniter->run()
 7 SYSTEMPATH\Boot.php(68): CodeIgniter\Boot::runCodeIgniter(Object(CodeIgniter\CodeIgniter))
 8 FCPATH\index.php(67): CodeIgniter\Boot::bootWeb(Object(Config\Paths))
WARNING - 2026-02-18 09:09:32 --> [DEPRECATED] Creation of dynamic property App\Models\CartModel::$builderPaymentMethods is deprecated in APPPATH\Models\CartModel.php on line 17.
 1 APPPATH\Controllers\BaseController.php(147): App\Models\CartModel->__construct()
 2 APPPATH\Controllers\ProfileController.php(22): App\Controllers\BaseController->initController(Object(CodeIgniter\HTTP\IncomingRequest), Object(CodeIgniter\HTTP\Response), Object(CodeIgniter\Log\Logger))
 3 SYSTEMPATH\CodeIgniter.php(904): App\Controllers\ProfileController->initController(Object(CodeIgniter\HTTP\IncomingRequest), Object(CodeIgniter\HTTP\Response), Object(CodeIgniter\Log\Logger))
 4 SYSTEMPATH\CodeIgniter.php(498): CodeIgniter\CodeIgniter->createController()
 5 SYSTEMPATH\CodeIgniter.php(354): CodeIgniter\CodeIgniter->handleRequest(null, Object(Config\Cache), false)
 6 SYSTEMPATH\Boot.php(363): CodeIgniter\CodeIgniter->run()
 7 SYSTEMPATH\Boot.php(68): CodeIgniter\Boot::runCodeIgniter(Object(CodeIgniter\CodeIgniter))
 8 FCPATH\index.php(67): CodeIgniter\Boot::bootWeb(Object(Config\Paths))
WARNING - 2026-02-18 09:09:32 --> [DEPRECATED] Creation of dynamic property App\Models\CartModel::$builderCheckouts is deprecated in APPPATH\Models\CartModel.php on line 15.
 1 APPPATH\Controllers\BaseController.php(147): App\Models\CartModel->__construct()
 2 APPPATH\Controllers\AjaxController.php(20): App\Controllers\BaseController->initController(Object(CodeIgniter\HTTP\IncomingRequest), Object(CodeIgniter\HTTP\Response), Object(CodeIgniter\Log\Logger))
 3 SYSTEMPATH\CodeIgniter.php(904): App\Controllers\AjaxController->initController(Object(CodeIgniter\HTTP\IncomingRequest), Object(CodeIgniter\HTTP\Response), Object(CodeIgniter\Log\Logger))
 4 SYSTEMPATH\CodeIgniter.php(498): CodeIgniter\CodeIgniter->createController()
 5 SYSTEMPATH\CodeIgniter.php(354): CodeIgniter\CodeIgniter->handleRequest(null, Object(Config\Cache), false)
 6 SYSTEMPATH\Boot.php(363): CodeIgniter\CodeIgniter->run()
 7 SYSTEMPATH\Boot.php(68): CodeIgniter\Boot::runCodeIgniter(Object(CodeIgniter\CodeIgniter))
 8 FCPATH\index.php(67): CodeIgniter\Boot::bootWeb(Object(Config\Paths))
WARNING - 2026-02-18 09:09:32 --> [DEPRECATED] Creation of dynamic property App\Models\CartModel::$builderCheckoutItems is deprecated in APPPATH\Models\CartModel.php on line 16.
 1 APPPATH\Controllers\BaseController.php(147): App\Models\CartModel->__construct()
 2 APPPATH\Controllers\AjaxController.php(20): App\Controllers\BaseController->initController(Object(CodeIgniter\HTTP\IncomingRequest), Object(CodeIgniter\HTTP\Response), Object(CodeIgniter\Log\Logger))
 3 SYSTEMPATH\CodeIgniter.php(904): App\Controllers\AjaxController->initController(Object(CodeIgniter\HTTP\IncomingRequest), Object(CodeIgniter\HTTP\Response), Object(CodeIgniter\Log\Logger))
 4 SYSTEMPATH\CodeIgniter.php(498): CodeIgniter\CodeIgniter->createController()
 5 SYSTEMPATH\CodeIgniter.php(354): CodeIgniter\CodeIgniter->handleRequest(null, Object(Config\Cache), false)
 6 SYSTEMPATH\Boot.php(363): CodeIgniter\CodeIgniter->run()
 7 SYSTEMPATH\Boot.php(68): CodeIgniter\Boot::runCodeIgniter(Object(CodeIgniter\CodeIgniter))
 8 FCPATH\index.php(67): CodeIgniter\Boot::bootWeb(Object(Config\Paths))
WARNING - 2026-02-18 09:09:32 --> [DEPRECATED] Creation of dynamic property App\Models\CartModel::$builderPaymentMethods is deprecated in APPPATH\Models\CartModel.php on line 17.
 1 APPPATH\Controllers\BaseController.php(147): App\Models\CartModel->__construct()
 2 APPPATH\Controllers\AjaxController.php(20): App\Controllers\BaseController->initController(Object(CodeIgniter\HTTP\IncomingRequest), Object(CodeIgniter\HTTP\Response), Object(CodeIgniter\Log\Logger))
 3 SYSTEMPATH\CodeIgniter.php(904): App\Controllers\AjaxController->initController(Object(CodeIgniter\HTTP\IncomingRequest), Object(CodeIgniter\HTTP\Response), Object(CodeIgniter\Log\Logger))
 4 SYSTEMPATH\CodeIgniter.php(498): CodeIgniter\CodeIgniter->createController()
 5 SYSTEMPATH\CodeIgniter.php(354): CodeIgniter\CodeIgniter->handleRequest(null, Object(Config\Cache), false)
 6 SYSTEMPATH\Boot.php(363): CodeIgniter\CodeIgniter->run()
 7 SYSTEMPATH\Boot.php(68): CodeIgniter\Boot::runCodeIgniter(Object(CodeIgniter\CodeIgniter))
 8 FCPATH\index.php(67): CodeIgniter\Boot::bootWeb(Object(Config\Paths))
WARNING - 2026-02-18 09:09:36 --> [DEPRECATED] Creation of dynamic property App\Models\CartModel::$builderCheckouts is deprecated in APPPATH\Models\CartModel.php on line 15.
 1 APPPATH\Controllers\BaseController.php(147): App\Models\CartModel->__construct()
 2 APPPATH\Controllers\ProfileController.php(22): App\Controllers\BaseController->initController(Object(CodeIgniter\HTTP\IncomingRequest), Object(CodeIgniter\HTTP\Response), Object(CodeIgniter\Log\Logger))
 3 SYSTEMPATH\CodeIgniter.php(904): App\Controllers\ProfileController->initController(Object(CodeIgniter\HTTP\IncomingRequest), Object(CodeIgniter\HTTP\Response), Object(CodeIgniter\Log\Logger))
 4 SYSTEMPATH\CodeIgniter.php(498): CodeIgniter\CodeIgniter->createController()
 5 SYSTEMPATH\CodeIgniter.php(354): CodeIgniter\CodeIgniter->handleRequest(null, Object(Config\Cache), false)
 6 SYSTEMPATH\Boot.php(363): CodeIgniter\CodeIgniter->run()
 7 SYSTEMPATH\Boot.php(68): CodeIgniter\Boot::runCodeIgniter(Object(CodeIgniter\CodeIgniter))
 8 FCPATH\index.php(67): CodeIgniter\Boot::bootWeb(Object(Config\Paths))
WARNING - 2026-02-18 09:09:36 --> [DEPRECATED] Creation of dynamic property App\Models\CartModel::$builderCheckoutItems is deprecated in APPPATH\Models\CartModel.php on line 16.
 1 APPPATH\Controllers\BaseController.php(147): App\Models\CartModel->__construct()
 2 APPPATH\Controllers\ProfileController.php(22): App\Controllers\BaseController->initController(Object(CodeIgniter\HTTP\IncomingRequest), Object(CodeIgniter\HTTP\Response), Object(CodeIgniter\Log\Logger))
 3 SYSTEMPATH\CodeIgniter.php(904): App\Controllers\ProfileController->initController(Object(CodeIgniter\HTTP\IncomingRequest), Object(CodeIgniter\HTTP\Response), Object(CodeIgniter\Log\Logger))
 4 SYSTEMPATH\CodeIgniter.php(498): CodeIgniter\CodeIgniter->createController()
 5 SYSTEMPATH\CodeIgniter.php(354): CodeIgniter\CodeIgniter->handleRequest(null, Object(Config\Cache), false)
 6 SYSTEMPATH\Boot.php(363): CodeIgniter\CodeIgniter->run()
 7 SYSTEMPATH\Boot.php(68): CodeIgniter\Boot::runCodeIgniter(Object(CodeIgniter\CodeIgniter))
 8 FCPATH\index.php(67): CodeIgniter\Boot::bootWeb(Object(Config\Paths))
WARNING - 2026-02-18 09:09:36 --> [DEPRECATED] Creation of dynamic property App\Models\CartModel::$builderPaymentMethods is deprecated in APPPATH\Models\CartModel.php on line 17.
 1 APPPATH\Controllers\BaseController.php(147): App\Models\CartModel->__construct()
 2 APPPATH\Controllers\ProfileController.php(22): App\Controllers\BaseController->initController(Object(CodeIgniter\HTTP\IncomingRequest), Object(CodeIgniter\HTTP\Response), Object(CodeIgniter\Log\Logger))
 3 SYSTEMPATH\CodeIgniter.php(904): App\Controllers\ProfileController->initController(Object(CodeIgniter\HTTP\IncomingRequest), Object(CodeIgniter\HTTP\Response), Object(CodeIgniter\Log\Logger))
 4 SYSTEMPATH\CodeIgniter.php(498): CodeIgniter\CodeIgniter->createController()
 5 SYSTEMPATH\CodeIgniter.php(354): CodeIgniter\CodeIgniter->handleRequest(null, Object(Config\Cache), false)
 6 SYSTEMPATH\Boot.php(363): CodeIgniter\CodeIgniter->run()
 7 SYSTEMPATH\Boot.php(68): CodeIgniter\Boot::runCodeIgniter(Object(CodeIgniter\CodeIgniter))
 8 FCPATH\index.php(67): CodeIgniter\Boot::bootWeb(Object(Config\Paths))
WARNING - 2026-02-18 09:09:36 --> [DEPRECATED] Creation of dynamic property App\Models\CartModel::$builderCheckouts is deprecated in APPPATH\Models\CartModel.php on line 15.
 1 APPPATH\Controllers\BaseController.php(147): App\Models\CartModel->__construct()
 2 APPPATH\Controllers\AjaxController.php(20): App\Controllers\BaseController->initController(Object(CodeIgniter\HTTP\IncomingRequest), Object(CodeIgniter\HTTP\Response), Object(CodeIgniter\Log\Logger))
 3 SYSTEMPATH\CodeIgniter.php(904): App\Controllers\AjaxController->initController(Object(CodeIgniter\HTTP\IncomingRequest), Object(CodeIgniter\HTTP\Response), Object(CodeIgniter\Log\Logger))
 4 SYSTEMPATH\CodeIgniter.php(498): CodeIgniter\CodeIgniter->createController()
 5 SYSTEMPATH\CodeIgniter.php(354): CodeIgniter\CodeIgniter->handleRequest(null, Object(Config\Cache), false)
 6 SYSTEMPATH\Boot.php(363): CodeIgniter\CodeIgniter->run()
 7 SYSTEMPATH\Boot.php(68): CodeIgniter\Boot::runCodeIgniter(Object(CodeIgniter\CodeIgniter))
 8 FCPATH\index.php(67): CodeIgniter\Boot::bootWeb(Object(Config\Paths))
WARNING - 2026-02-18 09:09:36 --> [DEPRECATED] Creation of dynamic property App\Models\CartModel::$builderCheckoutItems is deprecated in APPPATH\Models\CartModel.php on line 16.
 1 APPPATH\Controllers\BaseController.php(147): App\Models\CartModel->__construct()
 2 APPPATH\Controllers\AjaxController.php(20): App\Controllers\BaseController->initController(Object(CodeIgniter\HTTP\IncomingRequest), Object(CodeIgniter\HTTP\Response), Object(CodeIgniter\Log\Logger))
 3 SYSTEMPATH\CodeIgniter.php(904): App\Controllers\AjaxController->initController(Object(CodeIgniter\HTTP\IncomingRequest), Object(CodeIgniter\HTTP\Response), Object(CodeIgniter\Log\Logger))
 4 SYSTEMPATH\CodeIgniter.php(498): CodeIgniter\CodeIgniter->createController()
 5 SYSTEMPATH\CodeIgniter.php(354): CodeIgniter\CodeIgniter->handleRequest(null, Object(Config\Cache), false)
 6 SYSTEMPATH\Boot.php(363): CodeIgniter\CodeIgniter->run()
 7 SYSTEMPATH\Boot.php(68): CodeIgniter\Boot::runCodeIgniter(Object(CodeIgniter\CodeIgniter))
 8 FCPATH\index.php(67): CodeIgniter\Boot::bootWeb(Object(Config\Paths))
WARNING - 2026-02-18 09:09:36 --> [DEPRECATED] Creation of dynamic property App\Models\CartModel::$builderPaymentMethods is deprecated in APPPATH\Models\CartModel.php on line 17.
 1 APPPATH\Controllers\BaseController.php(147): App\Models\CartModel->__construct()
 2 APPPATH\Controllers\AjaxController.php(20): App\Controllers\BaseController->initController(Object(CodeIgniter\HTTP\IncomingRequest), Object(CodeIgniter\HTTP\Response), Object(CodeIgniter\Log\Logger))
 3 SYSTEMPATH\CodeIgniter.php(904): App\Controllers\AjaxController->initController(Object(CodeIgniter\HTTP\IncomingRequest), Object(CodeIgniter\HTTP\Response), Object(CodeIgniter\Log\Logger))
 4 SYSTEMPATH\CodeIgniter.php(498): CodeIgniter\CodeIgniter->createController()
 5 SYSTEMPATH\CodeIgniter.php(354): CodeIgniter\CodeIgniter->handleRequest(null, Object(Config\Cache), false)
 6 SYSTEMPATH\Boot.php(363): CodeIgniter\CodeIgniter->run()
 7 SYSTEMPATH\Boot.php(68): CodeIgniter\Boot::runCodeIgniter(Object(CodeIgniter\CodeIgniter))
 8 FCPATH\index.php(67): CodeIgniter\Boot::bootWeb(Object(Config\Paths))
WARNING - 2026-02-18 09:10:11 --> [DEPRECATED] Creation of dynamic property App\Models\CartModel::$builderCheckouts is deprecated in APPPATH\Models\CartModel.php on line 15.
 1 APPPATH\Controllers\BaseController.php(147): App\Models\CartModel->__construct()
 2 APPPATH\Controllers\OrderController.php(18): App\Controllers\BaseController->initController(Object(CodeIgniter\HTTP\IncomingRequest), Object(CodeIgniter\HTTP\Response), Object(CodeIgniter\Log\Logger))
 3 SYSTEMPATH\CodeIgniter.php(904): App\Controllers\OrderController->initController(Object(CodeIgniter\HTTP\IncomingRequest), Object(CodeIgniter\HTTP\Response), Object(CodeIgniter\Log\Logger))
 4 SYSTEMPATH\CodeIgniter.php(498): CodeIgniter\CodeIgniter->createController()
 5 SYSTEMPATH\CodeIgniter.php(354): CodeIgniter\CodeIgniter->handleRequest(null, Object(Config\Cache), false)
 6 SYSTEMPATH\Boot.php(363): CodeIgniter\CodeIgniter->run()
 7 SYSTEMPATH\Boot.php(68): CodeIgniter\Boot::runCodeIgniter(Object(CodeIgniter\CodeIgniter))
 8 FCPATH\index.php(67): CodeIgniter\Boot::bootWeb(Object(Config\Paths))
WARNING - 2026-02-18 09:10:11 --> [DEPRECATED] Creation of dynamic property App\Models\CartModel::$builderCheckoutItems is deprecated in APPPATH\Models\CartModel.php on line 16.
 1 APPPATH\Controllers\BaseController.php(147): App\Models\CartModel->__construct()
 2 APPPATH\Controllers\OrderController.php(18): App\Controllers\BaseController->initController(Object(CodeIgniter\HTTP\IncomingRequest), Object(CodeIgniter\HTTP\Response), Object(CodeIgniter\Log\Logger))
 3 SYSTEMPATH\CodeIgniter.php(904): App\Controllers\OrderController->initController(Object(CodeIgniter\HTTP\IncomingRequest), Object(CodeIgniter\HTTP\Response), Object(CodeIgniter\Log\Logger))
 4 SYSTEMPATH\CodeIgniter.php(498): CodeIgniter\CodeIgniter->createController()
 5 SYSTEMPATH\CodeIgniter.php(354): CodeIgniter\CodeIgniter->handleRequest(null, Object(Config\Cache), false)
 6 SYSTEMPATH\Boot.php(363): CodeIgniter\CodeIgniter->run()
 7 SYSTEMPATH\Boot.php(68): CodeIgniter\Boot::runCodeIgniter(Object(CodeIgniter\CodeIgniter))
 8 FCPATH\index.php(67): CodeIgniter\Boot::bootWeb(Object(Config\Paths))
WARNING - 2026-02-18 09:10:11 --> [DEPRECATED] Creation of dynamic property App\Models\CartModel::$builderPaymentMethods is deprecated in APPPATH\Models\CartModel.php on line 17.
 1 APPPATH\Controllers\BaseController.php(147): App\Models\CartModel->__construct()
 2 APPPATH\Controllers\OrderController.php(18): App\Controllers\BaseController->initController(Object(CodeIgniter\HTTP\IncomingRequest), Object(CodeIgniter\HTTP\Response), Object(CodeIgniter\Log\Logger))
 3 SYSTEMPATH\CodeIgniter.php(904): App\Controllers\OrderController->initController(Object(CodeIgniter\HTTP\IncomingRequest), Object(CodeIgniter\HTTP\Response), Object(CodeIgniter\Log\Logger))
 4 SYSTEMPATH\CodeIgniter.php(498): CodeIgniter\CodeIgniter->createController()
 5 SYSTEMPATH\CodeIgniter.php(354): CodeIgniter\CodeIgniter->handleRequest(null, Object(Config\Cache), false)
 6 SYSTEMPATH\Boot.php(363): CodeIgniter\CodeIgniter->run()
 7 SYSTEMPATH\Boot.php(68): CodeIgniter\Boot::runCodeIgniter(Object(CodeIgniter\CodeIgniter))
 8 FCPATH\index.php(67): CodeIgniter\Boot::bootWeb(Object(Config\Paths))
WARNING - 2026-02-18 09:10:11 --> [DEPRECATED] Creation of dynamic property App\Models\CartModel::$builderCheckouts is deprecated in APPPATH\Models\CartModel.php on line 15.
 1 APPPATH\Controllers\BaseController.php(147): App\Models\CartModel->__construct()
 2 APPPATH\Controllers\AjaxController.php(20): App\Controllers\BaseController->initController(Object(CodeIgniter\HTTP\IncomingRequest), Object(CodeIgniter\HTTP\Response), Object(CodeIgniter\Log\Logger))
 3 SYSTEMPATH\CodeIgniter.php(904): App\Controllers\AjaxController->initController(Object(CodeIgniter\HTTP\IncomingRequest), Object(CodeIgniter\HTTP\Response), Object(CodeIgniter\Log\Logger))
 4 SYSTEMPATH\CodeIgniter.php(498): CodeIgniter\CodeIgniter->createController()
 5 SYSTEMPATH\CodeIgniter.php(354): CodeIgniter\CodeIgniter->handleRequest(null, Object(Config\Cache), false)
 6 SYSTEMPATH\Boot.php(363): CodeIgniter\CodeIgniter->run()
 7 SYSTEMPATH\Boot.php(68): CodeIgniter\Boot::runCodeIgniter(Object(CodeIgniter\CodeIgniter))
 8 FCPATH\index.php(67): CodeIgniter\Boot::bootWeb(Object(Config\Paths))
WARNING - 2026-02-18 09:10:11 --> [DEPRECATED] Creation of dynamic property App\Models\CartModel::$builderCheckoutItems is deprecated in APPPATH\Models\CartModel.php on line 16.
 1 APPPATH\Controllers\BaseController.php(147): App\Models\CartModel->__construct()
 2 APPPATH\Controllers\AjaxController.php(20): App\Controllers\BaseController->initController(Object(CodeIgniter\HTTP\IncomingRequest), Object(CodeIgniter\HTTP\Response), Object(CodeIgniter\Log\Logger))
 3 SYSTEMPATH\CodeIgniter.php(904): App\Controllers\AjaxController->initController(Object(CodeIgniter\HTTP\IncomingRequest), Object(CodeIgniter\HTTP\Response), Object(CodeIgniter\Log\Logger))
 4 SYSTEMPATH\CodeIgniter.php(498): CodeIgniter\CodeIgniter->createController()
 5 SYSTEMPATH\CodeIgniter.php(354): CodeIgniter\CodeIgniter->handleRequest(null, Object(Config\Cache), false)
 6 SYSTEMPATH\Boot.php(363): CodeIgniter\CodeIgniter->run()
 7 SYSTEMPATH\Boot.php(68): CodeIgniter\Boot::runCodeIgniter(Object(CodeIgniter\CodeIgniter))
 8 FCPATH\index.php(67): CodeIgniter\Boot::bootWeb(Object(Config\Paths))
WARNING - 2026-02-18 09:10:11 --> [DEPRECATED] Creation of dynamic property App\Models\CartModel::$builderPaymentMethods is deprecated in APPPATH\Models\CartModel.php on line 17.
 1 APPPATH\Controllers\BaseController.php(147): App\Models\CartModel->__construct()
 2 APPPATH\Controllers\AjaxController.php(20): App\Controllers\BaseController->initController(Object(CodeIgniter\HTTP\IncomingRequest), Object(CodeIgniter\HTTP\Response), Object(CodeIgniter\Log\Logger))
 3 SYSTEMPATH\CodeIgniter.php(904): App\Controllers\AjaxController->initController(Object(CodeIgniter\HTTP\IncomingRequest), Object(CodeIgniter\HTTP\Response), Object(CodeIgniter\Log\Logger))
 4 SYSTEMPATH\CodeIgniter.php(498): CodeIgniter\CodeIgniter->createController()
 5 SYSTEMPATH\CodeIgniter.php(354): CodeIgniter\CodeIgniter->handleRequest(null, Object(Config\Cache), false)
 6 SYSTEMPATH\Boot.php(363): CodeIgniter\CodeIgniter->run()
 7 SYSTEMPATH\Boot.php(68): CodeIgniter\Boot::runCodeIgniter(Object(CodeIgniter\CodeIgniter))
 8 FCPATH\index.php(67): CodeIgniter\Boot::bootWeb(Object(Config\Paths))
WARNING - 2026-02-18 09:10:12 --> [DEPRECATED] Creation of dynamic property App\Models\CartModel::$builderCheckouts is deprecated in APPPATH\Models\CartModel.php on line 15.
 1 APPPATH\Controllers\BaseController.php(147): App\Models\CartModel->__construct()
 2 APPPATH\Controllers\OrderController.php(18): App\Controllers\BaseController->initController(Object(CodeIgniter\HTTP\IncomingRequest), Object(CodeIgniter\HTTP\Response), Object(CodeIgniter\Log\Logger))
 3 SYSTEMPATH\CodeIgniter.php(904): App\Controllers\OrderController->initController(Object(CodeIgniter\HTTP\IncomingRequest), Object(CodeIgniter\HTTP\Response), Object(CodeIgniter\Log\Logger))
 4 SYSTEMPATH\CodeIgniter.php(498): CodeIgniter\CodeIgniter->createController()
 5 SYSTEMPATH\CodeIgniter.php(354): CodeIgniter\CodeIgniter->handleRequest(null, Object(Config\Cache), false)
 6 SYSTEMPATH\Boot.php(363): CodeIgniter\CodeIgniter->run()
 7 SYSTEMPATH\Boot.php(68): CodeIgniter\Boot::runCodeIgniter(Object(CodeIgniter\CodeIgniter))
 8 FCPATH\index.php(67): CodeIgniter\Boot::bootWeb(Object(Config\Paths))
WARNING - 2026-02-18 09:10:12 --> [DEPRECATED] Creation of dynamic property App\Models\CartModel::$builderCheckoutItems is deprecated in APPPATH\Models\CartModel.php on line 16.
 1 APPPATH\Controllers\BaseController.php(147): App\Models\CartModel->__construct()
 2 APPPATH\Controllers\OrderController.php(18): App\Controllers\BaseController->initController(Object(CodeIgniter\HTTP\IncomingRequest), Object(CodeIgniter\HTTP\Response), Object(CodeIgniter\Log\Logger))
 3 SYSTEMPATH\CodeIgniter.php(904): App\Controllers\OrderController->initController(Object(CodeIgniter\HTTP\IncomingRequest), Object(CodeIgniter\HTTP\Response), Object(CodeIgniter\Log\Logger))
 4 SYSTEMPATH\CodeIgniter.php(498): CodeIgniter\CodeIgniter->createController()
 5 SYSTEMPATH\CodeIgniter.php(354): CodeIgniter\CodeIgniter->handleRequest(null, Object(Config\Cache), false)
 6 SYSTEMPATH\Boot.php(363): CodeIgniter\CodeIgniter->run()
 7 SYSTEMPATH\Boot.php(68): CodeIgniter\Boot::runCodeIgniter(Object(CodeIgniter\CodeIgniter))
 8 FCPATH\index.php(67): CodeIgniter\Boot::bootWeb(Object(Config\Paths))
WARNING - 2026-02-18 09:10:12 --> [DEPRECATED] Creation of dynamic property App\Models\CartModel::$builderPaymentMethods is deprecated in APPPATH\Models\CartModel.php on line 17.
 1 APPPATH\Controllers\BaseController.php(147): App\Models\CartModel->__construct()
 2 APPPATH\Controllers\OrderController.php(18): App\Controllers\BaseController->initController(Object(CodeIgniter\HTTP\IncomingRequest), Object(CodeIgniter\HTTP\Response), Object(CodeIgniter\Log\Logger))
 3 SYSTEMPATH\CodeIgniter.php(904): App\Controllers\OrderController->initController(Object(CodeIgniter\HTTP\IncomingRequest), Object(CodeIgniter\HTTP\Response), Object(CodeIgniter\Log\Logger))
 4 SYSTEMPATH\CodeIgniter.php(498): CodeIgniter\CodeIgniter->createController()
 5 SYSTEMPATH\CodeIgniter.php(354): CodeIgniter\CodeIgniter->handleRequest(null, Object(Config\Cache), false)
 6 SYSTEMPATH\Boot.php(363): CodeIgniter\CodeIgniter->run()
 7 SYSTEMPATH\Boot.php(68): CodeIgniter\Boot::runCodeIgniter(Object(CodeIgniter\CodeIgniter))
 8 FCPATH\index.php(67): CodeIgniter\Boot::bootWeb(Object(Config\Paths))
WARNING - 2026-02-18 09:10:13 --> [DEPRECATED] Creation of dynamic property App\Models\CartModel::$builderCheckouts is deprecated in APPPATH\Models\CartModel.php on line 15.
 1 APPPATH\Controllers\BaseController.php(147): App\Models\CartModel->__construct()
 2 APPPATH\Controllers\AjaxController.php(20): App\Controllers\BaseController->initController(Object(CodeIgniter\HTTP\IncomingRequest), Object(CodeIgniter\HTTP\Response), Object(CodeIgniter\Log\Logger))
 3 SYSTEMPATH\CodeIgniter.php(904): App\Controllers\AjaxController->initController(Object(CodeIgniter\HTTP\IncomingRequest), Object(CodeIgniter\HTTP\Response), Object(CodeIgniter\Log\Logger))
 4 SYSTEMPATH\CodeIgniter.php(498): CodeIgniter\CodeIgniter->createController()
 5 SYSTEMPATH\CodeIgniter.php(354): CodeIgniter\CodeIgniter->handleRequest(null, Object(Config\Cache), false)
 6 SYSTEMPATH\Boot.php(363): CodeIgniter\CodeIgniter->run()
 7 SYSTEMPATH\Boot.php(68): CodeIgniter\Boot::runCodeIgniter(Object(CodeIgniter\CodeIgniter))
 8 FCPATH\index.php(67): CodeIgniter\Boot::bootWeb(Object(Config\Paths))
WARNING - 2026-02-18 09:10:13 --> [DEPRECATED] Creation of dynamic property App\Models\CartModel::$builderCheckoutItems is deprecated in APPPATH\Models\CartModel.php on line 16.
 1 APPPATH\Controllers\BaseController.php(147): App\Models\CartModel->__construct()
 2 APPPATH\Controllers\AjaxController.php(20): App\Controllers\BaseController->initController(Object(CodeIgniter\HTTP\IncomingRequest), Object(CodeIgniter\HTTP\Response), Object(CodeIgniter\Log\Logger))
 3 SYSTEMPATH\CodeIgniter.php(904): App\Controllers\AjaxController->initController(Object(CodeIgniter\HTTP\IncomingRequest), Object(CodeIgniter\HTTP\Response), Object(CodeIgniter\Log\Logger))
 4 SYSTEMPATH\CodeIgniter.php(498): CodeIgniter\CodeIgniter->createController()
 5 SYSTEMPATH\CodeIgniter.php(354): CodeIgniter\CodeIgniter->handleRequest(null, Object(Config\Cache), false)
 6 SYSTEMPATH\Boot.php(363): CodeIgniter\CodeIgniter->run()
 7 SYSTEMPATH\Boot.php(68): CodeIgniter\Boot::runCodeIgniter(Object(CodeIgniter\CodeIgniter))
 8 FCPATH\index.php(67): CodeIgniter\Boot::bootWeb(Object(Config\Paths))
WARNING - 2026-02-18 09:10:13 --> [DEPRECATED] Creation of dynamic property App\Models\CartModel::$builderPaymentMethods is deprecated in APPPATH\Models\CartModel.php on line 17.
 1 APPPATH\Controllers\BaseController.php(147): App\Models\CartModel->__construct()
 2 APPPATH\Controllers\AjaxController.php(20): App\Controllers\BaseController->initController(Object(CodeIgniter\HTTP\IncomingRequest), Object(CodeIgniter\HTTP\Response), Object(CodeIgniter\Log\Logger))
 3 SYSTEMPATH\CodeIgniter.php(904): App\Controllers\AjaxController->initController(Object(CodeIgniter\HTTP\IncomingRequest), Object(CodeIgniter\HTTP\Response), Object(CodeIgniter\Log\Logger))
 4 SYSTEMPATH\CodeIgniter.php(498): CodeIgniter\CodeIgniter->createController()
 5 SYSTEMPATH\CodeIgniter.php(354): CodeIgniter\CodeIgniter->handleRequest(null, Object(Config\Cache), false)
 6 SYSTEMPATH\Boot.php(363): CodeIgniter\CodeIgniter->run()
 7 SYSTEMPATH\Boot.php(68): CodeIgniter\Boot::runCodeIgniter(Object(CodeIgniter\CodeIgniter))
 8 FCPATH\index.php(67): CodeIgniter\Boot::bootWeb(Object(Config\Paths))
